R,k,p_k,p_k1,digits_N,F,f,u_up,u_dn,ncand_up,ncand_dn,q_k,T_up,T_dn
1,3,5,7,1.5,7,7,0.0,0.0,1,1,1.10255289e+00,1.102553,1.102553
1,4,7,11,2.3,13,11,0.181818,0.0,2,1,8.18199368e-01,1.636399,0.818199
1,5,11,13,3.4,23,13,0.769231,0.0,4,1,6.21368400e-01,2.485474,0.621368
1,6,13,17,4.5,17,17,0.0,0.0,1,1,5.05680491e-01,0.50568,0.50568
1,7,17,19,5.7,19,29,0.0,0.526316,1,3,4.21465287e-01,0.421465,1.264396
1,8,19,23,7.0,23,23,0.0,0.0,1,1,3.63455716e-01,0.363456,0.363456
1,9,23,29,8.3,37,43,0.275862,0.482759,3,5,3.17998186e-01,0.953995,1.589991
1,10,29,31,9.8,61,41,0.967742,0.322581,8,3,2.80261982e-01,2.242096,0.840786
1,11,31,37,11.3,67,73,0.810811,0.972973,8,10,2.51390015e-01,2.01112,2.5139
1,12,37,41,12.9,61,59,0.487805,0.439024,6,5,2.26891562e-01,1.361349,1.134458
1,13,41,43,14.5,71,47,0.651163,0.093023,7,2,2.06666644e-01,1.446667,0.413333
1,14,43,47,16.1,47,89,0.0,0.893617,1,10,1.90142370e-01,0.190142,1.901424
1,15,47,53,17.8,107,67,1.018868,0.264151,13,4,1.76014501e-01,2.288189,0.704058
1,16,53,59,19.5,59,73,0.0,0.237288,1,5,1.63546739e-01,0.163547,0.817734
1,17,59,61,21.3,61,107,0.0,0.754098,1,11,1.52524587e-01,0.152525,1.67777
1,18,61,67,23.1,109,89,0.626866,0.328358,11,6,1.43066053e-01,1.573727,0.858396
1,19,67,71,24.9,89,101,0.253521,0.422535,5,7,1.34580813e-01,0.672904,0.942066
1,20,71,73,26.7,103,127,0.410959,0.739726,7,11,1.27055348e-01,0.889387,1.397609
1,21,73,79,28.6,79,97,0.0,0.227848,1,4,1.20430142e-01,0.12043,0.481721
1,22,79,83,30.5,151,83,0.819277,0.0,14,1,1.14387095e-01,1.601419,0.114387
1,23,83,89,32.4,197,89,1.213483,0.0,22,1,1.08929824e-01,2.396456,0.10893
1,24,89,97,34.4,101,97,0.041237,0.0,2,1,1.03920290e-01,0.207841,0.10392
1,25,97,101,36.4,103,251,0.019802,1.485149,2,29,9.92657011e-02,0.198531,2.878705
1,26,101,103,38.4,233,131,1.262136,0.271845,25,6,9.50207985e-02,2.37552,0.570125
1,27,103,107,40.4,223,113,1.084112,0.056075,21,3,9.11693929e-02,1.914557,0.273508
1,28,107,109,42.4,127,151,0.165138,0.385321,3,8,8.76256586e-02,0.262877,0.701005
1,29,109,113,44.4,223,263,0.973451,1.327434,19,27,8.43830795e-02,1.603279,2.278343
1,30,113,127,46.5,191,251,0.503937,0.976378,13,24,8.13775199e-02,1.057908,1.95306
1,31,127,131,48.6,163,223,0.244275,0.70229,7,17,7.84729989e-02,0.549311,1.334041
1,32,131,137,50.7,229,179,0.671533,0.306569,18,9,7.57756964e-02,1.363963,0.681981
1,33,137,139,52.9,643,389,3.625899,1.798561,84,44,7.32471848e-02,6.152764,3.222876
1,34,139,149,55.0,239,281,0.604027,0.885906,18,26,7.09033172e-02,1.27626,1.843486
1,35,149,151,57.2,157,151,0.039735,0.0,2,1,6.86691372e-02,0.137338,0.068669
1,36,151,157,59.4,167,197,0.063694,0.254777,3,9,6.65891238e-02,0.199767,0.599302
1,37,157,163,61.5,439,173,1.693252,0.06135,48,3,6.46250190e-02,3.102001,0.193875
1,38,163,167,63.8,239,239,0.431138,0.431138,14,14,6.27679296e-02,0.878751,0.878751
1,39,167,173,66.0,199,233,0.150289,0.346821,7,12,6.10189187e-02,0.427132,0.732227
1,40,173,179,68.2,191,191,0.067039,0.067039,3,3,5.93602849e-02,0.178081,0.178081
1,41,179,181,70.5,199,223,0.099448,0.232044,5,7,5.77855434e-02,0.288928,0.404499
1,42,181,191,72.7,383,223,1.005236,0.167539,34,6,5.63028889e-02,1.914298,0.337817
1,43,191,193,75.0,233,293,0.207254,0.518135,8,19,5.48781270e-02,0.439025,1.042684
1,44,193,197,77.3,751,593,2.812183,2.010152,89,64,5.35328720e-02,4.764426,3.426104
1,45,197,199,79.6,313,293,0.572864,0.472362,20,17,5.22549117e-02,1.045098,0.888333
1,46,199,211,81.9,773,457,2.663507,1.165877,91,42,5.10445308e-02,4.645052,2.14387
1,47,211,223,84.2,607,227,1.721973,0.017937,64,2,4.98721167e-02,3.191815,0.099744
1,48,223,227,86.6,313,311,0.378855,0.370044,17,16,4.87377534e-02,0.828542,0.779804
1,49,227,229,88.9,383,373,0.672489,0.628821,27,25,4.76563471e-02,1.286721,1.191409
1,50,229,233,91.3,293,257,0.257511,0.103004,12,5,4.66279240e-02,0.559535,0.23314
1,51,233,239,93.6,443,307,0.853556,0.284519,35,12,4.56451031e-02,1.597579,0.547741
1,52,239,241,96.0,331,313,0.373444,0.298755,15,13,4.47015923e-02,0.670524,0.581121
1,53,241,251,98.4,283,607,0.12749,1.418327,8,58,4.38013185e-02,0.350411,2.540476
1,54,251,257,100.8,277,347,0.077821,0.350195,5,15,4.29296889e-02,0.214648,0.643945
1,55,257,263,103.2,271,317,0.030418,0.205323,3,11,4.20911448e-02,0.126273,0.463003
1,56,263,269,105.6,401,307,0.490706,0.141264,23,7,4.12838925e-02,0.94953,0.288987
1,57,269,271,108.1,307,677,0.132841,1.498155,6,66,4.05062617e-02,0.243038,2.673413
1,58,271,277,110.5,331,467,0.194946,0.685921,9,33,3.97611269e-02,0.35785,1.312117
1,59,277,281,112.9,379,317,0.348754,0.128114,16,7,3.90422089e-02,0.624675,0.273295
1,60,281,283,115.4,491,431,0.734982,0.522968,34,23,3.83501794e-02,1.303906,0.882054
1,61,283,293,117.8,331,479,0.129693,0.634812,6,31,3.76854514e-02,0.226113,1.168249
1,62,293,307,120.3,311,509,0.013029,0.65798,2,35,3.70391554e-02,0.074078,1.29637
1,63,307,311,122.8,397,601,0.276527,0.932476,15,47,3.64075568e-02,0.546113,1.711155
1,64,311,313,125.3,331,331,0.057508,0.057508,3,3,3.57983038e-02,0.107395,0.107395
1,65,313,317,127.8,353,379,0.113565,0.195584,6,10,3.52116923e-02,0.21127,0.352117
1,66,317,331,130.3,419,523,0.265861,0.58006,15,33,3.46450397e-02,0.519676,1.143286
1,67,331,337,132.8,421,449,0.249258,0.332344,15,20,3.40906902e-02,0.51136,0.681814
1,68,337,347,135.3,883,367,1.544669,0.057637,85,5,3.35535464e-02,2.852051,0.167768
1,69,347,349,137.9,547,1163,0.567335,2.332378,32,123,3.30305141e-02,1.056976,4.062753
1,70,349,353,140.4,1381,449,2.912181,0.271955,151,17,3.25255601e-02,4.91136,0.552935
1,71,353,359,143.0,457,443,0.272981,0.233983,17,15,3.20366799e-02,0.544624,0.48055
1,72,359,367,145.5,457,499,0.245232,0.359673,16,23,3.15620862e-02,0.504993,0.725928
1,73,367,373,148.1,373,373,0.0,0.0,1,1,3.11002083e-02,0.0311,0.0311
1,74,373,379,150.7,421,467,0.110818,0.23219,8,17,3.06515039e-02,0.245212,0.521076
1,75,379,383,153.2,409,619,0.067885,0.616188,5,39,3.02154258e-02,0.151077,1.178402
1,76,383,389,155.8,1061,599,1.727506,0.539846,102,33,2.97922939e-02,3.038814,0.983146
1,77,389,397,158.4,523,691,0.31738,0.740554,22,48,2.93807245e-02,0.646376,1.410275
1,78,397,401,161.0,499,443,0.244389,0.104738,17,8,2.89794918e-02,0.492651,0.231836
1,79,401,409,163.6,619,449,0.513447,0.0978,35,8,2.85897062e-02,1.00064,0.228718
1,80,409,419,166.2,727,1123,0.735084,1.680191,49,108,2.82094698e-02,1.382264,3.046623
1,81,419,421,168.8,457,439,0.085511,0.042755,7,4,2.78378054e-02,0.194865,0.111351
1,82,421,431,171.5,509,677,0.180974,0.570766,15,41,2.74770215e-02,0.412155,1.126558
1,83,431,433,174.1,439,433,0.013857,0.0,2,1,2.71241806e-02,0.054248,0.027124
1,84,433,439,176.7,911,599,1.075171,0.364465,72,25,2.67814106e-02,1.928262,0.669535
1,85,439,443,179.4,461,881,0.040632,0.988713,4,67,2.64471398e-02,0.105789,1.771958
1,86,443,449,182.0,823,593,0.832962,0.320713,57,22,2.61216060e-02,1.488932,0.574675
1,87,449,457,184.7,613,661,0.341357,0.446389,25,34,2.58039370e-02,0.645098,0.877334
1,88,457,461,187.3,617,1583,0.338395,2.433839,25,162,2.54933496e-02,0.637334,4.129923
1,89,461,463,190.0,1021,1021,1.205184,1.205184,83,83,2.51905979e-02,2.09082,2.09082
1,90,463,467,192.7,523,521,0.119914,0.115632,9,8,2.48958578e-02,0.224063,0.199167
1,91,467,479,195.3,941,677,0.964509,0.413361,69,32,2.46083498e-02,1.697976,0.787467
1,92,479,487,198.0,653,509,0.340862,0.045175,27,5,2.43260436e-02,0.656803,0.12163
1,93,487,491,200.7,601,863,0.224033,0.757637,17,57,2.40496940e-02,0.408845,1.370833
1,94,491,499,203.4,877,677,0.757515,0.356713,57,29,2.37799337e-02,1.355456,0.689618
1,95,499,503,206.1,607,587,0.206759,0.166998,16,12,2.35157456e-02,0.376252,0.282189
1,96,503,509,208.8,631,659,0.239686,0.294695,19,24,2.32577211e-02,0.441897,0.558185
1,97,509,521,211.5,733,541,0.40691,0.038388,33,3,2.30052789e-02,0.759174,0.069016
1,98,521,523,214.2,757,619,0.447419,0.183556,36,16,2.27571971e-02,0.819259,0.364115
1,99,523,541,216.9,877,773,0.621072,0.428835,52,38,2.25150738e-02,1.170784,0.855573
1,100,541,547,219.7,641,1013,0.171846,0.85192,16,70,2.22761146e-02,0.356418,1.559328
1,101,547,557,222.4,877,919,0.574506,0.64991,50,56,2.20421816e-02,1.102109,1.234362
1,102,557,563,225.2,1423,683,1.527531,0.213144,122,22,2.18125315e-02,2.661129,0.479876
1,103,563,569,227.9,929,691,0.632689,0.214411,55,22,2.15876303e-02,1.18732,0.474928
1,104,569,571,230.7,839,859,0.469352,0.504378,42,45,2.13673329e-02,0.897428,0.96153
1,105,571,577,233.4,641,613,0.110919,0.062392,11,7,2.11520327e-02,0.232672,0.148064
1,106,577,587,236.2,839,631,0.429302,0.074957,40,9,2.09410381e-02,0.837642,0.188469
1,107,587,593,238.9,971,1307,0.637437,1.204047,57,107,2.07337216e-02,1.181822,2.218508
1,108,593,599,241.7,859,701,0.434057,0.170284,41,18,2.05304842e-02,0.84175,0.369549
1,109,599,601,244.5,1019,2221,0.695507,2.695507,62,222,2.03312072e-02,1.260535,4.513528
1,110,601,607,247.3,643,641,0.059308,0.056013,7,6,2.01362330e-02,0.140954,0.120817
1,111,607,613,250.1,733,797,0.195759,0.300163,19,28,1.99449748e-02,0.378955,0.558459
1,112,613,617,252.8,743,769,0.204214,0.246353,20,24,1.97573279e-02,0.395147,0.474176
1,113,617,619,255.6,653,1187,0.054927,0.917609,6,82,1.95734016e-02,0.11744,1.605019
1,114,619,631,258.4,1031,991,0.633914,0.570523,59,53,1.93932908e-02,1.144204,1.027844
1,115,631,641,261.2,1069,1109,0.667707,0.730109,65,71,1.92158751e-02,1.249032,1.364327
1,116,641,643,264.0,983,2153,0.528771,2.348367,50,209,1.90413062e-02,0.952065,3.979633
1,117,643,647,266.8,653,967,0.009274,0.49459,2,46,1.88702684e-02,0.037741,0.868032
1,118,647,653,269.7,769,1223,0.177642,0.872894,18,82,1.87024712e-02,0.336644,1.533603
1,119,653,659,272.5,691,1181,0.048558,0.792109,6,75,1.85376441e-02,0.111226,1.390323
1,120,659,661,275.3,1213,991,0.835098,0.499244,78,47,1.83757091e-02,1.433305,0.863658
1,121,661,673,278.1,991,1409,0.472511,1.093611,46,102,1.82169288e-02,0.837979,1.858127
1,122,673,677,280.9,1091,709,0.611521,0.047267,60,5,1.80603876e-02,1.083623,0.090302
1,123,677,683,283.8,2087,911,2.055637,0.333821,192,33,1.79066861e-02,3.438084,0.590921
1,124,683,691,286.6,733,1583,0.060781,1.290883,6,126,1.77555914e-02,0.106534,2.237205
1,125,691,701,289.4,1307,1361,0.864479,0.941512,89,93,1.76068871e-02,1.567013,1.63744
1,126,701,709,292.3,1481,773,1.088858,0.090268,108,11,1.74603749e-02,1.88572,0.192064
1,127,709,719,295.1,883,811,0.228095,0.127955,26,14,1.73161550e-02,0.45022,0.242426
1,128,719,727,298.0,1123,1237,0.544704,0.701513,60,75,1.71740407e-02,1.030442,1.288053
1,129,727,733,300.9,1523,773,1.077763,0.05457,112,8,1.70341250e-02,1.907822,0.136273
1,130,733,739,303.7,1109,937,0.500677,0.26793,56,29,1.68964886e-02,0.946203,0.489998
1,131,739,743,306.6,1171,1123,0.576043,0.51144,62,57,1.67610765e-02,1.039187,0.955381
1,132,743,751,309.5,769,1697,0.023968,1.259654,4,133,1.66279580e-02,0.066512,2.211518
1,133,751,757,312.3,1801,859,1.379128,0.134742,146,16,1.64968341e-02,2.408538,0.263949
1,134,757,761,315.2,1031,1097,0.354796,0.441524,39,50,1.63677793e-02,0.638343,0.818389
1,135,761,769,318.1,1597,773,1.076723,0.005202,116,2,1.62408592e-02,1.88394,0.032482
1,136,769,773,321.0,829,911,0.072445,0.178525,9,20,1.61157970e-02,0.145042,0.322316
1,137,773,787,323.9,1201,937,0.526048,0.190597,60,22,1.59927716e-02,0.959566,0.351841
1,138,787,797,326.8,1453,907,0.823087,0.138018,93,17,1.58712032e-02,1.476022,0.26981
1,139,797,809,329.7,937,991,0.15822,0.224969,20,28,1.57512827e-02,0.315026,0.441036
1,140,809,811,332.6,1091,1223,0.345253,0.508015,42,60,1.56328828e-02,0.656581,0.937973
1,141,811,821,335.5,1031,1009,0.255786,0.228989,32,28,1.55164622e-02,0.496527,0.434461
1,142,821,823,338.4,857,1597,0.041312,0.940462,6,109,1.54015928e-02,0.09241,1.678774
1,143,823,827,341.3,1187,1873,0.435308,1.264813,52,144,1.52886151e-02,0.795008,2.201561
1,144,827,829,344.2,863,839,0.041013,0.012063,6,2,1.51773913e-02,0.091064,0.030355
1,145,829,839,347.2,937,1553,0.116806,0.851013,14,100,1.50679695e-02,0.210952,1.506797
1,146,839,853,350.1,1163,1907,0.363423,1.235639,46,146,1.49599560e-02,0.688158,2.184154
1,147,853,857,353.0,919,857,0.072345,0.0,10,1,1.48531596e-02,0.148532,0.014853
1,148,857,859,355.9,911,1031,0.060536,0.200233,8,25,1.47479774e-02,0.117984,0.368699
1,149,859,863,358.9,1187,2011,0.375435,1.330243,46,156,1.46444531e-02,0.673645,2.284535
1,150,863,877,361.8,1153,1409,0.314709,0.606613,41,73,1.45424679e-02,0.596241,1.0616
1,151,877,881,364.8,1069,883,0.213394,0.00227,29,2,1.44415998e-02,0.418806,0.028883
1,152,881,883,367.7,947,1123,0.07248,0.271801,9,36,1.43422136e-02,0.12908,0.51632
1,153,883,887,370.6,1439,1303,0.622322,0.468997,75,60,1.42443506e-02,1.068326,0.854661
1,154,887,907,373.6,1753,1973,0.932745,1.175303,119,144,1.41479025e-02,1.6836,2.037298
1,155,907,911,376.6,1231,971,0.351262,0.065862,47,9,1.40522712e-02,0.660457,0.12647
1,156,911,919,379.5,1223,1093,0.330794,0.189336,44,27,1.39580096e-02,0.614152,0.376866
1,157,919,929,382.5,1013,1429,0.09042,0.538213,13,69,1.38649532e-02,0.180244,0.956682
1,158,929,937,385.4,1237,3307,0.320171,2.529349,45,307,1.37730145e-02,0.619786,4.228315
1,159,937,941,388.4,1153,1693,0.225292,0.79915,32,105,1.36822396e-02,0.437832,1.436635
1,160,941,947,391.4,1489,983,0.572334,0.038015,77,6,1.35927328e-02,1.04664,0.081556
1,161,947,953,394.4,1321,1427,0.386149,0.497377,55,64,1.35044055e-02,0.742742,0.864282
1,162,953,967,397.3,1181,1571,0.221303,0.624612,32,86,1.34172345e-02,0.429352,1.153882
1,163,967,971,400.3,1987,3697,1.046344,2.807415,137,353,1.33309619e-02,1.826342,4.70583
1,164,971,977,403.3,1697,1163,0.73695,0.190379,101,28,1.32458653e-02,1.337832,0.370884
1,165,977,983,406.3,2243,1061,1.28179,0.079349,169,13,1.31618641e-02,2.224355,0.171104
1,166,983,991,409.3,1867,1093,0.883956,0.102926,119,17,1.30789370e-02,1.556393,0.222342
1,167,991,997,412.3,1193,1753,0.19659,0.758275,29,106,1.29970093e-02,0.376913,1.377683
1,168,997,1009,415.3,1097,1447,0.087215,0.434093,16,61,1.29161169e-02,0.206658,0.787883
1,169,1009,1013,418.3,1289,2767,0.272458,1.731491,40,234,1.28360846e-02,0.513443,3.003644
1,170,1013,1019,421.3,1999,1663,0.961727,0.631992,133,91,1.27571040e-02,1.696695,1.160896
1,171,1019,1021,424.3,1103,3391,0.080313,2.321254,14,307,1.26791043e-02,0.177507,3.892485
1,172,1021,1031,427.3,1601,1697,0.552861,0.645975,80,93,1.26021655e-02,1.008173,1.172001
1,173,1031,1033,430.3,1453,1663,0.406583,0.609874,58,88,1.25260724e-02,0.726512,1.102294
1,174,1033,1039,433.3,2131,1747,1.051011,0.681424,147,98,1.24510017e-02,1.830297,1.220198
1,175,1039,1049,436.4,1231,1601,0.173499,0.526215,27,77,1.23768390e-02,0.334175,0.953017
1,176,1049,1051,439.4,1163,1933,0.106565,0.839201,16,119,1.23034766e-02,0.196856,1.464114
1,177,1051,1061,442.4,1063,2273,0.001885,1.142319,2,161,1.22310821e-02,0.024462,1.969204
1,178,1061,1063,445.4,1163,1151,0.094073,0.082785,14,12,1.21594594e-02,0.170232,0.145914
1,179,1063,1069,448.5,1453,1283,0.359214,0.200187,52,29,1.20887704e-02,0.628616,0.350574
1,180,1069,1087,451.5,2357,1789,1.168353,0.645814,170,98,1.20189111e-02,2.043215,1.177853
1,181,1087,1091,454.5,3559,1489,2.262145,0.364803,318,56,1.19496175e-02,3.799978,0.669179
1,182,1091,1093,457.6,1429,1367,0.307411,0.250686,44,37,1.18811720e-02,0.522772,0.439603
1,183,1093,1097,460.6,2689,2179,1.451231,0.986326,208,144,1.18135991e-02,2.457229,1.701158
1,184,1097,1103,463.6,1597,1747,0.447869,0.583862,67,88,1.17468423e-02,0.787038,1.033722
1,185,1103,1109,466.7,1381,1999,0.245266,0.802525,36,118,1.16808478e-02,0.420511,1.37834
1,186,1109,1117,469.7,3089,1361,1.765443,0.218442,256,32,1.16156024e-02,2.973594,0.371699
1,187,1117,1123,472.8,1669,1201,0.486198,0.069457,76,10,1.15510559e-02,0.87788,0.115511
1,188,1123,1129,475.8,2099,1783,0.859167,0.579274,129,88,1.14872344e-02,1.481853,1.010877
1,189,1129,1151,478.9,1831,1303,0.590791,0.132059,93,24,1.14241258e-02,1.062444,0.274179
1,190,1151,1153,481.9,1327,1697,0.150911,0.471813,27,75,1.13614354e-02,0.306759,0.852108
1,191,1153,1163,485.0,1867,1171,0.605331,0.006879,94,2,1.12995103e-02,1.062154,0.022599
1,192,1163,1171,488.1,1759,2251,0.502135,0.922289,82,143,1.12382004e-02,0.921532,1.607063
1,193,1171,1181,491.1,2351,1217,0.990686,0.030483,156,6,1.11775306e-02,1.743695,0.067065
1,194,1181,1187,494.2,2287,1667,0.926706,0.404381,146,68,1.11174588e-02,1.623149,0.755987
1,195,1187,1193,497.3,1607,1237,0.347024,0.036882,58,8,1.10580410e-02,0.641366,0.088464
1,196,1193,1201,500.4,1429,1987,0.189842,0.654455,30,104,1.09992663e-02,0.329978,1.143924
1,197,1201,1213,503.4,2239,1307,0.845837,0.077494,136,17,1.09410934e-02,1.487989,0.185999
1,198,1213,1217,506.5,2381,1399,0.95645,0.149548,155,24,1.08834530e-02,1.686935,0.261203
1,199,1217,1223,509.6,2011,1699,0.644317,0.389207,106,67,1.08264578e-02,1.147605,0.725373
1,200,1223,1229,512.7,1619,2273,0.317331,0.849471,56,138,1.07700676e-02,0.603124,1.486269
1,201,1229,1231,515.8,1663,2131,0.350934,0.731113,60,120,1.07142726e-02,0.642856,1.285713
1,202,1231,1237,518.9,2731,1607,1.207761,0.299111,197,51,1.06591205e-02,2.099847,0.543615
1,203,1237,1249,522.0,2213,1993,0.771817,0.595677,127,98,1.06045438e-02,1.346777,1.039245
1,204,1249,1259,525.1,1627,3931,0.292295,2.122319,54,342,1.05504506e-02,0.569724,3.608254
1,205,1259,1277,528.2,2269,1889,0.776821,0.479248,132,85,1.04968627e-02,1.385586,0.892233
1,206,1277,1279,531.3,1429,2099,0.117279,0.641126,20,111,1.04436686e-02,0.208873,1.159247
1,207,1279,1283,534.4,3739,1609,1.914263,0.254092,315,47,1.03910733e-02,3.273188,0.48838
1,208,1283,1289,537.5,1493,1913,0.158262,0.484096,30,85,1.03390411e-02,0.310171,0.878818
1,209,1289,1291,540.6,2647,1459,1.050349,0.130132,174,23,1.02875376e-02,1.790032,0.236613
1,210,1291,1297,543.7,1747,3169,0.346955,1.443331,62,239,1.02366045e-02,0.634669,2.446548
1,211,1297,1301,546.8,1409,1669,0.083013,0.282859,12,52,1.01861830e-02,0.122234,0.529682
1,212,1301,1303,549.9,1321,2473,0.013814,0.897928,4,154,1.01362896e-02,0.040545,1.560989
1,213,1303,1307,553.0,1319,2357,0.009181,0.803366,2,137,1.00869401e-02,0.020174,1.381911
1,214,1307,1319,556.2,3499,1847,1.652767,0.400303,275,69,1.00381016e-02,2.760478,0.692629
1,215,1319,1321,559.3,2311,6043,0.749432,3.574565,129,573,9.98967275e-03,1.288668,5.724082
1,216,1321,1327,562.4,3041,1693,1.291635,0.27581,220,48,9.94176392e-03,2.187188,0.477205
1,217,1327,1361,565.5,1993,2089,0.464364,0.534901,84,99,9.89432122e-03,0.831123,0.979538
1,218,1361,1367,568.7,1721,1801,0.258961,0.317484,50,61,9.84702941e-03,0.492351,0.600669
1,219,1367,1373,571.8,3023,1697,1.201748,0.23598,215,46,9.80019691e-03,2.107042,0.450809
1,220,1373,1381,574.9,2239,1879,0.621289,0.360608,113,69,9.75381701e-03,1.102181,0.673013
1,221,1381,1399,578.1,1483,2371,0.060043,0.694782,14,130,9.70786239e-03,0.13591,1.262022
1,222,1399,1409,581.2,1439,2377,0.021292,0.687012,6,130,9.66222583e-03,0.057973,1.256089
1,223,1409,1423,584.4,2087,3121,0.46662,1.193254,92,222,9.61698579e-03,0.884763,2.134971
1,224,1423,1427,587.5,1669,1637,0.169587,0.147162,39,35,9.57209868e-03,0.373312,0.335023
1,225,1427,1429,590.7,1613,1439,0.128761,0.006998,30,3,9.52765707e-03,0.28583,0.028583
1,226,1429,1433,593.8,1483,2557,0.034892,0.784368,9,149,9.48367324e-03,0.085353,1.413067
1,227,1433,1439,597.0,1759,2309,0.222377,0.604587,47,116,9.44012129e-03,0.443686,1.095054
1,228,1439,1447,600.1,1913,1511,0.322046,0.044229,65,12,9.39697623e-03,0.610803,0.112764
1,229,1447,1451,603.3,2381,1777,0.640937,0.224673,124,46,9.35421408e-03,1.159923,0.430294
1,230,1451,1453,606.5,1877,2351,0.29181,0.618032,58,119,9.31186592e-03,0.540088,1.108112
1,231,1453,1459,609.6,1657,1877,0.135709,0.286498,29,57,9.26994351e-03,0.268828,0.528387
1,232,1459,1471,612.8,2251,2053,0.530252,0.395649,103,78,9.22840505e-03,0.950526,0.719816
1,233,1471,1481,616.0,1619,2053,0.09318,0.386226,23,77,9.18719320e-03,0.211305,0.707414
1,234,1481,1483,619.1,1669,2927,0.125421,0.973702,29,189,9.14632180e-03,0.265243,1.728655
1,235,1483,1487,622.3,5323,1933,2.579691,0.299933,470,60,9.10585414e-03,4.279751,0.546351
1,236,1487,1489,625.5,1511,1511,0.014775,0.014775,4,4,9.06576753e-03,0.036263,0.036263
1,237,1489,1493,628.7,1709,2161,0.144675,0.447421,30,89,9.02607303e-03,0.270782,0.80332
1,238,1493,1499,631.8,1523,2137,0.016011,0.425617,3,84,8.98674851e-03,0.02696,0.754887
1,239,1499,1511,635.0,2273,2741,0.504302,0.81403,99,161,8.94777259e-03,0.885829,1.440591
1,240,1511,1523,638.2,2347,1597,0.541037,0.048588,108,11,8.90909298e-03,0.962182,0.098
1,241,1523,1531,641.4,2083,1583,0.360549,0.033965,73,9,8.87070692e-03,0.647562,0.079836
1,242,1531,1543,644.5,2339,1607,0.515878,0.041478,104,11,8.83264226e-03,0.918595,0.097159
1,243,1543,1549,647.7,1637,1619,0.056811,0.04519,16,13,8.79486494e-03,0.140718,0.114333
1,244,1549,1553,650.9,1709,1667,0.100451,0.073406,23,18,8.75741671e-03,0.201421,0.157634
1,245,1553,1559,654.1,1787,1801,0.146248,0.155228,32,34,8.72030794e-03,0.27905,0.29649
1,246,1559,1567,657.3,1787,1823,0.140396,0.163369,31,35,8.68351943e-03,0.269189,0.303923
1,247,1567,1571,660.5,1999,3547,0.272438,1.257798,56,250,8.64703271e-03,0.484234,2.161758
1,248,1571,1579,663.7,2017,2659,0.277391,0.683977,58,137,8.61087243e-03,0.499431,1.17969
1,249,1579,1583,666.9,5689,2011,2.593809,0.270373,500,56,8.57500619e-03,4.287503,0.4802
1,250,1583,1597,670.1,1913,4591,0.197871,1.874765,43,371,8.53945808e-03,0.367197,3.168139
1,251,1597,1601,673.3,1999,1607,0.248595,0.003748,52,2,8.50415578e-03,0.442216,0.017008
1,252,1601,1607,676.5,2087,1753,0.298693,0.090853,63,21,8.46916427e-03,0.533557,0.177852
1,253,1607,1609,679.7,1973,2237,0.226227,0.390305,45,79,8.43446613e-03,0.379551,0.666323
1,254,1609,1613,682.9,4421,3307,1.740856,1.050217,347,211,8.40008388e-03,2.914829,1.772418
1,255,1613,1619,686.1,1741,2579,0.075355,0.592959,16,121,8.36600018e-03,0.133856,1.012286
1,256,1619,1621,689.3,1723,4211,0.062924,1.597779,13,320,8.33219823e-03,0.108319,2.666303
1,257,1621,1627,692.5,3299,2417,1.027658,0.485556,206,102,8.29869997e-03,1.709532,0.846467
1,258,1627,1637,695.8,1693,2897,0.034209,0.769701,6,161,8.26547607e-03,0.049593,1.330742
1,259,1637,1657,699.0,1997,1669,0.20519,0.007242,43,4,8.23249829e-03,0.353997,0.03293
1,260,1657,1663,702.2,1931,2689,0.161155,0.616957,34,131,8.19970338e-03,0.27879,1.074161
1,261,1663,1667,705.4,1933,2153,0.159568,0.291542,34,64,8.16717482e-03,0.277684,0.522699
1,262,1667,1669,708.6,3253,3593,0.949071,1.152786,197,241,8.13492118e-03,1.602579,1.960516
1,263,1669,1693,711.9,3449,2243,1.037212,0.324867,219,71,8.10295066e-03,1.774546,0.575309
1,264,1693,1697,715.1,1721,2143,0.014143,0.262817,4,60,8.07113260e-03,0.032285,0.484268
1,265,1697,1699,718.3,2267,2393,0.334314,0.408476,71,91,8.03958071e-03,0.57081,0.731602
1,266,1699,1709,721.5,3359,1733,0.965477,0.014043,207,4,8.00830282e-03,1.657719,0.032033
1,267,1709,1721,724.8,2699,2521,0.568274,0.464846,126,102,7.97725096e-03,1.005134,0.81368
1,268,1721,1723,728.0,3413,2437,0.980847,0.414393,212,93,7.94641197e-03,1.684639,0.739016
1,269,1723,1733,731.2,3067,2011,0.769763,0.160415,170,36,7.91583778e-03,1.345692,0.28497
1,270,1733,1741,734.5,2503,4649,0.437679,1.670304,98,358,7.88548228e-03,0.772777,2.823003
1,271,1741,1747,737.7,1759,2939,0.006869,0.682313,3,153,7.85535379e-03,0.023566,1.201869
1,272,1747,1753,741.0,1871,2029,0.067313,0.157444,14,36,7.82546020e-03,0.109556,0.281717
1,273,1753,1759,744.2,2707,2053,0.538943,0.16714,121,37,7.79579875e-03,0.943292,0.288445
1,274,1759,1777,747.5,3079,2269,0.732696,0.276871,166,63,7.76636675e-03,1.289217,0.489281
1,275,1777,1783,750.7,3547,3691,0.989344,1.070107,222,240,7.73710155e-03,1.717637,1.856904
1,276,1783,1787,754.0,1879,2791,0.051483,0.561835,13,130,7.70806151e-03,0.100205,1.002048
1,277,1787,1789,757.2,2309,2029,0.290665,0.134153,66,31,7.67925373e-03,0.506831,0.238057
1,278,1789,1801,760.5,3637,2371,1.019434,0.316491,231,73,7.65068507e-03,1.767308,0.5585
1,279,1801,1811,763.7,4799,3581,1.649917,0.977361,367,222,7.62230475e-03,2.797386,1.692152
1,280,1811,1823,767.0,2087,1847,0.144816,0.013165,35,3,7.59412059e-03,0.265794,0.022782
1,281,1823,1831,770.2,1889,3319,0.031677,0.812671,9,186,7.56612147e-03,0.068095,1.407299
1,282,1831,1847,773.5,2671,2011,0.446129,0.088793,105,23,7.53832408e-03,0.791524,0.173381
1,283,1847,1861,776.8,2309,1933,0.240731,0.038689,60,12,7.51069035e-03,0.450641,0.090128
1,284,1861,1867,780.0,2393,2087,0.281735,0.117836,72,31,7.48322830e-03,0.538792,0.23198
1,285,1867,1871,783.3,2297,2341,0.227686,0.251203,57,62,7.45597149e-03,0.42499,0.46227
1,286,1871,1873,786.6,2143,2269,0.144154,0.211426,38,51,7.42892621e-03,0.282299,0.378875
1,287,1873,1877,789.9,3187,2749,0.697922,0.464571,164,114,7.40209856e-03,1.213944,0.843839
1,288,1877,1879,793.1,6271,3779,2.337414,1.011176,528,238,7.37547738e-03,3.894252,1.755364
1,289,1879,1889,796.4,2411,3499,0.276337,0.852303,69,200,7.34906870e-03,0.507086,1.469814
1,290,1889,1901,799.7,2089,1979,0.098895,0.041031,26,9,7.32283658e-03,0.190394,0.065906
1,291,1901,1907,803.0,2441,2297,0.280021,0.20451,71,51,7.29677118e-03,0.518071,0.372135
1,292,1907,1913,806.2,2099,2131,0.097229,0.113957,25,29,7.27089542e-03,0.181772,0.210856
1,293,1913,1931,809.5,2473,2069,0.280684,0.071466,73,19,7.24520724e-03,0.5289,0.137659
1,294,1931,1933,812.8,4649,2441,1.40507,0.262804,334,68,7.21965713e-03,2.411365,0.490937
1,295,1933,1949,816.1,2239,2833,0.148794,0.453566,38,116,7.19430688e-03,0.273384,0.83454
1,296,1949,1951,819.4,2557,6841,0.31061,2.506407,79,585,7.16910010e-03,0.566359,4.193924
1,297,1951,1973,822.7,1987,3607,0.007096,0.82818,3,207,7.14408917e-03,0.021432,1.478826
1,298,1973,1979,826.0,5231,2467,1.643254,0.246589,397,67,7.11919670e-03,2.826321,0.476986
1,299,1979,1987,829.3,2971,2377,0.495219,0.196276,130,53,7.09448169e-03,0.922283,0.376008
1,300,1987,1993,832.6,5641,4231,1.830406,1.12293,441,280,7.06993492e-03,3.117841,1.979582
1,301,1993,1997,835.9,2251,2389,0.127191,0.196294,34,54,7.04556194e-03,0.239549,0.38046
1,302,1997,1999,839.2,2389,2657,0.195098,0.329165,53,82,7.02136804e-03,0.372133,0.575752
1,303,1999,2003,842.5,2017,6869,0.00699,2.429356,3,581,6.99735835e-03,0.020992,4.065465
1,304,2003,2011,845.8,2081,2237,0.034809,0.112382,9,28,6.97352367e-03,0.062762,0.195259
1,305,2011,2017,849.1,3803,2609,0.885473,0.293505,224,74,6.94984812e-03,1.556766,0.514289
1,306,2017,2027,852.4,3019,4783,0.489393,1.359645,127,336,6.92633703e-03,0.879645,2.327249
1,307,2027,2029,855.7,2411,2531,0.18827,0.247413,51,63,6.90297502e-03,0.352052,0.434887
1,308,2029,2039,859.0,3319,2293,0.627759,0.124571,159,33,6.87978778e-03,1.093886,0.227033
1,309,2039,2053,862.3,2243,3187,0.092547,0.552362,25,142,6.85674652e-03,0.171419,0.973658
1,310,2053,2063,865.6,7187,3083,2.483762,0.494426,608,131,6.83383675e-03,4.154973,0.895233
1,311,2063,2069,868.9,2621,3511,0.266796,0.696955,70,179,6.81107064e-03,0.476775,1.219182
1,312,2069,2081,872.2,2683,2213,0.289284,0.063431,77,18,6.78845978e-03,0.522711,0.122192
1,313,2081,2083,875.6,4831,6553,1.319251,2.145943,337,534,6.76598348e-03,2.280136,3.613035
1,314,2083,2087,878.9,2861,4591,0.370867,1.199808,102,307,6.74367215e-03,0.687855,2.070307
1,315,2087,2089,882.2,2837,2777,0.358066,0.329344,97,89,6.72151770e-03,0.651987,0.598215
1,316,2089,2099,885.5,2243,4201,0.068604,1.001429,18,259,6.69952466e-03,0.120591,1.735177
1,317,2099,2111,888.8,3373,6133,0.597821,1.905258,159,483,6.67766663e-03,1.061749,3.225313
1,318,2111,2113,892.2,3167,4271,0.498817,1.021297,130,268,6.65593639e-03,0.865272,1.783791
1,319,2113,2129,895.5,4201,5653,0.973227,1.655237,256,425,6.63436296e-03,1.698397,2.819604
1,320,2129,2131,898.8,5021,2659,1.356171,0.247771,353,65,6.61290299e-03,2.334355,0.429839
1,321,2131,2137,902.1,3391,2797,0.586804,0.308844,157,86,6.59159692e-03,1.034881,0.566877
1,322,2137,2141,905.5,3343,4019,0.56142,0.87716,149,233,6.57043142e-03,0.978994,1.530911
1,323,2141,2143,908.8,3347,5231,0.561829,1.440971,149,372,6.54941088e-03,0.975862,2.436381
1,324,2143,2153,912.1,3037,3529,0.41059,0.639108,111,169,6.52853952e-03,0.724668,1.103323
1,325,2153,2161,915.5,3373,2711,0.560851,0.254512,151,70,6.50779298e-03,0.982677,0.455546
1,326,2161,2179,918.8,2239,2293,0.027536,0.052318,7,15,6.48717583e-03,0.04541,0.097308
1,327,2179,2203,922.1,6301,3257,1.860191,0.478438,493,133,6.46665918e-03,3.188063,0.860066
1,328,2203,2207,925.5,4457,6197,1.019483,1.807884,278,477,6.44622652e-03,1.792051,3.07485
1,329,2207,2213,928.8,3061,2347,0.38319,0.060551,109,19,6.42593152e-03,0.700427,0.122093
1,330,2213,2221,932.2,2969,4271,0.336785,0.923008,98,256,6.40576747e-03,0.627765,1.639876
1,331,2221,2237,935.5,2861,3023,0.278945,0.351363,85,103,6.38572782e-03,0.542787,0.65773
1,332,2237,2239,938.9,2677,3257,0.195623,0.454667,56,128,6.36579067e-03,0.356484,0.814821
1,333,2239,2243,942.2,5023,3469,1.239412,0.546589,341,154,6.34599140e-03,2.163983,0.977283
1,334,2243,2251,945.6,3461,4229,0.537539,0.878721,150,245,6.32632346e-03,0.948949,1.549949
1,335,2251,2267,948.9,3767,3919,0.661667,0.728716,189,208,6.30677540e-03,1.191981,1.311809
1,336,2267,2269,952.3,2381,3529,0.049361,0.555311,17,157,6.28732619e-03,0.106885,0.98711
1,337,2269,2273,955.6,3559,2671,0.565772,0.175099,162,50,6.26800982e-03,1.015418,0.3134
1,338,2273,2281,959.0,2549,2963,0.117492,0.298992,35,89,6.24882003e-03,0.218709,0.556145
1,339,2281,2287,962.3,2837,2579,0.24049,0.127678,73,37,6.22974581e-03,0.454771,0.230501
1,340,2287,2293,965.7,5647,2447,1.462713,0.067161,402,23,6.21079096e-03,2.496738,0.142848
1,341,2293,2297,969.1,4597,4253,1.001306,0.851545,281,242,6.19195435e-03,1.739939,1.498453
1,342,2297,2309,972.4,3779,2347,0.636639,0.016457,184,6,6.17323960e-03,1.135876,0.037039
1,343,2309,2311,975.8,2671,2851,0.155777,0.233665,44,71,6.15462675e-03,0.270804,0.436978
1,344,2311,2333,979.2,3067,3583,0.314616,0.535791,95,158,6.13613826e-03,0.582933,0.96951
1,345,2333,2339,982.5,2689,3467,0.149637,0.482257,46,141,6.11772691e-03,0.281415,0.862599
1,346,2339,2341,985.9,3049,8269,0.302435,2.532251,91,691,6.09942887e-03,0.555048,4.214705
1,347,2341,2347,989.3,3833,7253,0.633149,2.090328,185,581,6.08125207e-03,1.125032,3.533207
1,348,2347,2351,992.6,2833,3659,0.205019,0.556359,63,163,6.06318636e-03,0.381981,0.988299
1,349,2351,2357,996.0,4729,2803,1.006364,0.189224,289,60,6.04523514e-03,1.747073,0.362714
1,350,2357,2371,999.4,3313,4153,0.397301,0.751582,116,221,6.02739292e-03,0.699178,1.332054
1,351,2371,2377,1002.8,2837,6547,0.193521,1.754312,61,494,6.00964131e-03,0.366588,2.968763
1,352,2377,2381,1006.1,2837,2699,0.191516,0.133557,60,41,5.99199695e-03,0.35952,0.245672
1,353,2381,2383,1009.5,4363,5501,0.830885,1.308435,243,373,5.97446311e-03,1.451795,2.228475
1,354,2383,2389,1012.9,4493,3109,0.880703,0.301381,256,89,5.95704299e-03,1.525003,0.530177
1,355,2389,2393,1016.3,2851,4019,0.191392,0.679482,59,200,5.93972704e-03,0.350444,1.187945
1,356,2393,2399,1019.6,2609,2957,0.087536,0.232597,23,70,5.92251851e-03,0.136218,0.414576
1,357,2399,2411,1023.0,2543,3833,0.054749,0.589797,15,175,5.90541223e-03,0.088581,1.033447
1,358,2411,2417,1026.4,3469,2837,0.43525,0.173769,129,54,5.88839499e-03,0.759603,0.317973
1,359,2417,2423,1029.8,3803,3259,0.569542,0.345027,170,102,5.87147833e-03,0.998151,0.598891
1,360,2423,2437,1033.2,5009,3583,1.055396,0.47025,311,142,5.85466137e-03,1.8208,0.831362
1,361,2437,2441,1036.6,3931,3701,0.610406,0.516182,185,156,5.83792728e-03,1.080017,0.910717
1,362,2441,2447,1039.9,3331,5693,0.361259,1.326522,108,388,5.82129527e-03,0.6287,2.258663
1,363,2447,2459,1043.3,2861,3989,0.163481,0.622204,53,187,5.80476047e-03,0.307652,1.08549
1,364,2459,2467,1046.7,3931,3583,0.593433,0.452371,182,138,5.78831040e-03,1.053472,0.798787
1,365,2467,2473,1050.1,2609,2591,0.054994,0.047715,14,12,5.77195214e-03,0.080807,0.069263
1,366,2473,2477,1053.5,2719,2797,0.097699,0.129189,31,41,5.75568875e-03,0.178426,0.235983
1,367,2477,2503,1056.9,2677,2647,0.069517,0.057531,21,16,5.73952317e-03,0.12053,0.091832
1,368,2503,2521,1060.3,4933,3833,0.956763,0.520428,291,164,5.72341352e-03,1.665513,0.93864
1,369,2521,2531,1063.7,2633,3517,0.0403,0.389569,13,122,5.70737473e-03,0.074196,0.6963
1,370,2531,2539,1067.1,3947,5557,0.554549,1.188657,178,363,5.69142100e-03,1.013073,2.065986
1,371,2539,2543,1070.5,3467,3631,0.36335,0.427841,115,137,5.67555526e-03,0.652689,0.777551
1,372,2543,2549,1073.9,2909,6833,0.141232,1.680659,49,508,5.65978388e-03,0.277329,2.87517
1,373,2549,2551,1077.3,2731,2801,0.070561,0.098001,26,35,5.64410249e-03,0.146747,0.197544
1,374,2551,2557,1080.7,2939,2837,0.149394,0.109503,50,38,5.62851732e-03,0.281426,0.213884
1,375,2557,2579,1084.1,2677,6779,0.037999,1.628538,13,497,5.61302051e-03,0.072969,2.789671
1,376,2579,2591,1087.5,3163,2657,0.220764,0.025473,71,8,5.59758384e-03,0.397428,0.044781
1,377,2591,2593,1091.0,7309,3001,1.818743,0.157347,555,54,5.58222421e-03,3.098134,0.30144
1,378,2593,2609,1094.4,5087,2777,0.949789,0.064392,302,26,5.56695786e-03,1.681221,0.144741
1,379,2609,2617,1097.8,3793,5903,0.44937,1.255636,148,398,5.55176064e-03,0.821661,2.209601
1,380,2617,2621,1101.2,2657,3319,0.013735,0.266311,4,87,5.53664535e-03,0.022147,0.481688
1,381,2621,2633,1104.6,4153,3671,0.577288,0.394227,190,131,5.52161788e-03,1.049107,0.723332
1,382,2633,2647,1108.0,3767,7043,0.423121,1.660748,142,524,5.50666448e-03,0.781946,2.885492
1,383,2647,2657,1111.5,2789,3677,0.04968,0.383892,22,131,5.49178150e-03,0.120819,0.719423
1,384,2657,2659,1114.9,2837,6661,0.066942,1.505077,28,475,5.47697485e-03,0.153355,2.601563
1,385,2659,2663,1118.3,3919,2699,0.471649,0.013519,158,8,5.46225651e-03,0.863037,0.043698
1,386,2663,2671,1121.7,4903,3793,0.835642,0.420067,269,141,5.44762256e-03,1.46541,0.768115
1,387,2671,2677,1125.2,3853,2969,0.439298,0.109077,148,41,5.43306608e-03,0.804094,0.222756
1,388,2677,2683,1128.6,4993,5701,0.860977,1.12486,280,363,5.41858952e-03,1.517205,1.966948
1,389,2683,2687,1132.0,4217,2837,0.569408,0.055824,188,23,5.40419222e-03,1.015988,0.124296
1,390,2687,2689,1135.5,6197,6311,1.304574,1.346969,415,431,5.38987656e-03,2.236799,2.323037
1,391,2689,2693,1138.9,2843,7213,0.0557,1.678426,22,531,5.37564484e-03,0.118264,2.854467
1,392,2693,2699,1142.3,5227,3853,0.936643,0.427566,302,143,5.36149332e-03,1.619171,0.766694
1,393,2699,2707,1145.7,2729,7331,0.008127,1.708164,5,541,5.34741835e-03,0.026737,2.892953
1,394,2707,2711,1149.2,2953,4111,0.089266,0.516415,31,172,5.33341636e-03,0.165336,0.917348
1,395,2711,2713,1152.6,3547,4481,0.307409,0.651677,102,213,5.31949263e-03,0.542588,1.133052
1,396,2713,2719,1156.0,8713,2953,2.204487,0.086061,690,29,5.30564940e-03,3.660898,0.153864
1,397,2719,2729,1159.5,3119,3203,0.142909,0.17369,47,56,5.29188020e-03,0.248718,0.296345
1,398,2729,2731,1162.9,3067,3361,0.123032,0.230685,41,76,5.27817868e-03,0.216405,0.401142
1,399,2731,2741,1166.4,4019,8807,0.466253,2.213061,156,698,5.26455575e-03,0.821271,3.67466
1,400,2741,2749,1169.8,5051,8707,0.837395,2.167334,276,685,5.25099942e-03,1.449276,3.596935
1,401,2749,2753,1173.2,3089,6221,0.122049,1.259717,41,409,5.23751202e-03,0.214738,2.142142
1,402,2753,2767,1176.7,3347,3413,0.209613,0.233466,70,78,5.22409859e-03,0.365687,0.40748
1,403,2767,2777,1180.1,3659,3461,0.317609,0.246309,108,81,5.21074474e-03,0.56276,0.42207
1,404,2777,2789,1183.6,5693,3049,1.041233,0.093223,346,33,5.19745558e-03,1.79832,0.171516
1,405,2789,2791,1187.0,3089,5393,0.106772,0.932282,37,306,5.18422799e-03,0.191816,1.586374
1,406,2791,2797,1190.4,3343,3407,0.195209,0.218091,65,73,5.17107496e-03,0.33612,0.377488
1,407,2797,2801,1193.9,6029,3929,1.152446,0.402713,379,138,5.15799051e-03,1.954878,0.711803
1,408,2801,2803,1197.3,2909,4519,0.037817,0.612201,13,206,5.14497676e-03,0.066885,1.059865
1,409,2803,2819,1200.8,3889,3539,0.379567,0.25541,130,86,5.13203575e-03,0.667165,0.441355
1,410,2819,2833,1204.2,3433,2887,0.21179,0.019061,71,8,5.11914861e-03,0.36346,0.040953
1,411,2833,2837,1207.7,4547,6761,0.602749,1.383151,205,459,5.10631769e-03,1.046795,2.3438
1,412,2837,2843,1211.1,3467,3559,0.219486,0.251847,74,87,5.09355545e-03,0.376923,0.443139
1,413,2843,2851,1214.6,11069,4759,2.882497,0.669239,928,228,5.08085877e-03,4.715037,1.158436
1,414,2851,2857,1218.1,5003,7793,0.751138,1.727686,256,573,5.06822465e-03,1.297466,2.904093
1,415,2857,2861,1221.5,3343,6073,0.168473,1.122684,56,377,5.05565511e-03,0.283117,1.905982
1,416,2861,2879,1225.0,4339,6763,0.507121,1.34908,177,455,5.04315214e-03,0.892638,2.294634
1,417,2879,2887,1228.4,9241,5209,2.200901,0.804295,729,276,5.03069800e-03,3.667379,1.388473
1,418,2887,2897,1231.9,6007,5737,1.073524,0.980324,366,336,5.01830466e-03,1.8367,1.68615
1,419,2897,2903,1235.3,3083,6367,0.062005,1.193248,22,411,5.00596929e-03,0.110131,2.057453
1,420,2903,2909,1238.8,4957,4021,0.704022,0.382262,243,136,4.99369627e-03,1.213468,0.679143
1,421,2909,2917,1242.3,3041,4931,0.042509,0.690435,15,237,4.98148512e-03,0.074722,1.180612
1,422,2917,2927,1245.7,9643,3557,2.294499,0.215237,769,76,4.96933303e-03,3.821417,0.377669
1,423,2927,2939,1249.2,4127,4091,0.404219,0.39197,144,140,4.95723722e-03,0.713842,0.694013
1,424,2939,2953,1252.7,10009,6043,2.389434,1.046393,807,364,4.94519502e-03,3.990772,1.800051
1,425,2953,2957,1256.1,3209,4423,0.085222,0.495773,29,177,4.93320383e-03,0.143063,0.873177
1,426,2957,2963,1259.6,9067,10789,2.060074,2.641242,701,888,4.92127471e-03,3.449814,4.370092
1,427,2963,2969,1263.1,3257,4157,0.097002,0.400135,33,145,4.90940494e-03,0.16201,0.711864
1,428,2969,2971,1266.6,6337,4337,1.132952,0.459778,397,164,4.89759405e-03,1.944345,0.803205
1,429,2971,2999,1270.0,3271,3677,0.090697,0.226075,33,85,4.88584608e-03,0.161233,0.415297
1,430,2999,3001,1273.5,4231,3109,0.409863,0.035988,150,13,4.87413181e-03,0.73112,0.063364
1,431,3001,3011,1277.0,4691,3709,0.557954,0.231817,203,87,4.86247970e-03,0.987083,0.423036
1,432,3011,3019,1280.5,3331,6491,0.103345,1.15005,38,410,4.85088056e-03,0.184333,1.988861
1,433,3019,3023,1283.9,5413,6199,0.790605,1.050612,281,373,4.83933621e-03,1.359853,1.805072
1,434,3023,3037,1287.4,3121,3739,0.027659,0.231149,11,88,4.82785053e-03,0.053106,0.424851
1,435,3037,3041,1290.9,3089,4007,0.015784,0.317659,7,118,4.81641247e-03,0.033715,0.568337
1,436,3041,3049,1294.4,3727,4357,0.222368,0.428993,84,159,4.80503227e-03,0.403623,0.764
1,437,3049,3061,1297.9,5443,4957,0.778177,0.619405,283,226,4.79370533e-03,1.356619,1.083377
1,438,3061,3067,1301.4,3967,4219,0.293446,0.375611,111,140,4.78242712e-03,0.530849,0.66954
1,439,3067,3079,1304.8,4441,5167,0.442351,0.678142,164,249,4.77120353e-03,0.782477,1.18803
1,440,3079,3083,1308.3,9601,3923,2.114175,0.272462,745,104,4.76002804e-03,3.546221,0.495043
1,441,3083,3089,1311.8,5839,6829,0.890256,1.210748,325,438,4.74890845e-03,1.543395,2.080022
1,442,3089,3109,1315.3,8627,6619,1.774847,1.12898,632,413,4.73784232e-03,2.994316,1.956729
1,443,3109,3119,1318.8,5417,3307,0.736775,0.060276,272,22,4.72681536e-03,1.285694,0.10399
1,444,3119,3121,1322.3,8089,4159,1.591798,0.332586,573,129,4.71583730e-03,2.702175,0.608343
1,445,3121,3137,1325.8,3359,3511,0.070768,0.119222,28,45,4.70491563e-03,0.131738,0.211721
1,446,3137,3163,1329.3,5557,11801,0.756876,2.730952,287,968,4.69403635e-03,1.347188,4.543827
1,447,3163,3167,1332.8,3643,6131,0.1503,0.935901,63,352,4.68318975e-03,0.295041,1.648483
1,448,3167,3169,1336.3,5557,3301,0.75355,0.041654,285,16,4.67239666e-03,1.331633,0.074758
1,449,3169,3181,1339.8,7229,6529,1.272556,1.052499,475,395,4.66165855e-03,2.214288,1.841355
1,450,3181,3187,1343.3,3929,3217,0.232821,0.009413,95,5,4.65096565e-03,0.441842,0.023255
1,451,3187,3191,1346.8,3643,4127,0.141648,0.293325,59,116,4.64032326e-03,0.273779,0.538277
1,452,3191,3203,1350.3,5639,5021,0.760537,0.567593,288,221,4.62973286e-03,1.333363,1.023171
1,453,3203,3209,1353.8,3793,3301,0.181988,0.028669,74,11,4.61918675e-03,0.34182,0.050811
1,454,3209,3217,1357.3,3271,3691,0.016786,0.147342,8,61,4.60869011e-03,0.03687,0.28113
1,455,3217,3221,1360.8,4783,4447,0.484943,0.380627,187,149,4.59824079e-03,0.859871,0.685138
1,456,3221,3229,1364.3,3529,3947,0.092908,0.22236,37,92,4.58784206e-03,0.16975,0.422081
1,457,3229,3251,1367.8,4463,3877,0.372808,0.192556,150,80,4.57748998e-03,0.686623,0.366199
1,458,3251,3253,1371.4,6547,4421,1.012604,0.359053,387,143,4.56717192e-03,1.767496,0.653106
1,459,3253,3257,1374.9,3371,3863,0.035002,0.186061,16,77,4.55690525e-03,0.07291,0.350882
1,460,3257,3259,1378.4,3931,4363,0.206198,0.338754,86,136,4.54668786e-03,0.391015,0.61835
1,461,3259,3271,1381.9,5077,4567,0.552125,0.396209,217,158,4.53652112e-03,0.984425,0.71677
1,462,3271,3299,1385.4,3557,3727,0.078206,0.129736,36,58,4.52639605e-03,0.16295,0.262531
1,463,3299,3301,1388.9,4621,6959,0.399879,1.108149,161,430,4.51629888e-03,0.727124,1.942009
1,464,3301,3307,1392.4,3631,6529,0.097974,0.974297,44,380,4.50625148e-03,0.198275,1.712376
1,465,3307,3313,1396.0,4663,5237,0.407486,0.580743,166,232,4.49625013e-03,0.746378,1.04313
1,466,3313,3319,1399.5,6917,3581,1.084061,0.078939,424,35,4.48629451e-03,1.902189,0.15702
1,467,3319,3323,1403.0,5981,4357,0.79988,0.311165,315,128,4.47638430e-03,1.410061,0.572977
1,468,3323,3329,1406.5,3803,3847,0.142385,0.155602,61,65,4.46652084e-03,0.272458,0.290324
1,469,3329,3331,1410.0,3499,5927,0.050435,0.779346,20,310,4.45670215e-03,0.089134,1.381578
1,470,3331,3343,1413.6,9743,4129,1.914448,0.235118,732,98,4.44693118e-03,3.255154,0.435799
1,471,3343,3347,1417.1,5333,4397,0.593367,0.313714,235,128,4.43719951e-03,1.042742,0.567962
1,472,3347,3359,1420.6,6761,7477,1.012801,1.22596,398,474,4.42751331e-03,1.76215,2.098641
1,473,3359,3361,1424.1,11411,4373,2.39512,0.301101,904,124,4.41786592e-03,3.993751,0.547815
1,474,3361,3371,1427.7,4547,4733,0.348858,0.404034,142,165,4.40826499e-03,0.625974,0.727364
1,475,3371,3373,1431.2,6329,7741,0.876371,1.29499,349,507,4.39870392e-03,1.535148,2.230143
1,476,3373,3389,1434.7,6121,5689,0.806138,0.678666,322,273,4.38918869e-03,1.413319,1.198249
1,477,3389,3391,1438.3,4201,5039,0.238868,0.485992,98,198,4.37970814e-03,0.429211,0.867182
1,478,3391,3407,1441.8,3719,4789,0.091576,0.405635,41,166,4.37027286e-03,0.179181,0.725465
1,479,3407,3413,1445.3,10039,6269,1.941401,0.8368,754,336,4.36087183e-03,3.288097,1.465253
1,480,3413,3433,1448.9,3719,3719,0.083309,0.083309,39,39,4.35151249e-03,0.169709,0.169709
1,481,3433,3449,1452.4,4673,4057,0.354885,0.176283,151,79,4.34218405e-03,0.65567,0.343033
1,482,3449,3457,1455.9,3607,6343,0.04339,0.834828,22,344,4.33288942e-03,0.095324,1.490514
1,483,3457,3461,1459.5,4649,4999,0.343253,0.44438,145,186,4.32363433e-03,0.626927,0.804196
1,484,3461,3463,1463.0,4463,3467,0.288767,0.001155,123,2,4.31442145e-03,0.530674,0.008629
1,485,3463,3467,1466.5,6701,5011,0.932795,0.445342,379,187,4.30525194e-03,1.63169,0.805082
1,486,3467,3469,1470.1,4721,4721,0.360911,0.360911,150,150,4.29612405e-03,0.644419,0.644419
1,487,3469,3491,1473.6,5669,5113,0.62389,0.464623,260,197,4.28703892e-03,1.11463,0.844547
1,488,3491,3499,1477.2,9137,9437,1.611318,1.697056,645,681,4.27798198e-03,2.759298,2.913306
1,489,3499,3511,1480.7,4937,4019,0.406152,0.144688,171,66,4.26896306e-03,0.729993,0.281752
1,490,3511,3517,1484.3,6361,6451,0.808644,0.834234,339,348,4.25997913e-03,1.444133,1.482473
1,491,3517,3527,1487.8,3631,3533,0.029487,0.001701,17,3,4.25103418e-03,0.072268,0.012753
1,492,3527,3529,1491.3,6277,3881,0.778691,0.099745,325,46,4.24212518e-03,1.378691,0.195138
1,493,3529,3533,1494.9,3727,4457,0.054911,0.261534,27,113,4.23325742e-03,0.114298,0.478358
1,494,3533,3539,1498.4,7151,3557,1.020627,0.005086,421,4,4.22442926e-03,1.778485,0.016898
1,495,3539,3541,1502.0,6247,4597,0.764191,0.298221,317,127,4.21563904e-03,1.336358,0.535386
1,496,3541,3547,1505.5,5987,5657,0.687905,0.594869,287,249,4.20688925e-03,1.207377,1.047515
1,497,3547,3557,1509.1,3769,7919,0.059601,1.226314,28,503,4.19817690e-03,0.117549,2.111683
1,498,3557,3559,1512.6,3911,4481,0.098904,0.259062,43,110,4.18949906e-03,0.180148,0.460845
1,499,3559,3571,1516.2,5839,3967,0.635116,0.110893,267,50,4.18086087e-03,1.11629,0.209043
1,500,3571,3581,1519.7,5167,5867,0.442893,0.638369,188,272,4.17225543e-03,0.784384,1.134853
1,501,3581,3583,1523.3,4423,4129,0.23444,0.152386,101,67,4.16368388e-03,0.420532,0.278967
1,502,3583,3593,1526.9,5081,4561,0.414139,0.269413,177,116,4.15515124e-03,0.735462,0.481998
1,503,3593,3607,1530.4,5101,3643,0.414195,0.009981,179,7,4.14665206e-03,0.742251,0.029027
1,504,3607,3613,1534.0,5657,3793,0.565735,0.04982,241,23,4.13818358e-03,0.997302,0.095178
1,505,3613,3617,1537.5,4231,4549,0.169754,0.257672,75,112,4.12975075e-03,0.309731,0.462532
1,506,3617,3623,1541.1,4583,3947,0.264974,0.089429,114,42,4.12135463e-03,0.469834,0.173097
1,507,3623,3631,1544.6,5897,8447,0.624071,1.326356,269,550,4.11299371e-03,1.106395,2.262147
1,508,3631,3637,1548.2,3919,4421,0.077536,0.215562,35,93,4.10466650e-03,0.143663,0.381734
1,509,3637,3643,1551.8,3673,4229,0.008235,0.160856,4,70,4.09637406e-03,0.016385,0.286746
1,510,3643,3659,1555.3,4937,4759,0.349276,0.300629,150,131,4.08811617e-03,0.613217,0.535543
1,511,3659,3671,1558.9,6053,6661,0.64887,0.814492,279,348,4.07988643e-03,1.138288,1.4198
1,512,3671,3673,1562.5,4463,7243,0.215083,0.971958,95,414,4.07168720e-03,0.38681,1.685678
1,513,3673,3677,1566.0,9221,11987,1.507751,2.259995,630,925,4.06352437e-03,2.56002,3.75876
1,514,3677,3691,1569.6,3853,5801,0.043891,0.571661,21,247,4.05539651e-03,0.085163,1.001683
1,515,3691,3697,1573.2,5521,3929,0.493373,0.062754,215,30,4.04729736e-03,0.870169,0.121419
1,516,3697,3701,1576.7,3967,4973,0.071872,0.343691,33,150,4.03923157e-03,0.133295,0.605885
1,517,3701,3709,1580.3,4019,6607,0.08358,0.781343,38,337,4.03120013e-03,0.153186,1.358514
1,518,3709,3719,1583.9,4877,8087,0.311374,1.174509,135,498,4.02320044e-03,0.543132,2.003554
1,519,3719,3727,1587.4,5711,6869,0.532332,0.843037,233,365,4.01523114e-03,0.935549,1.465559
1,520,3727,3733,1591.0,5869,5167,0.572194,0.384141,253,168,4.00729324e-03,1.013845,0.673225
1,521,3733,3739,1594.6,4549,4073,0.216635,0.089329,96,40,3.99938770e-03,0.383941,0.159976
1,522,3739,3761,1598.1,10193,6323,1.710183,0.681202,730,301,3.99151434e-03,2.913805,1.201446
1,523,3761,3767,1601.7,4909,4787,0.303159,0.270772,133,120,3.98366381e-03,0.529827,0.47804
1,524,3767,3769,1605.3,9239,5333,1.451313,0.414964,621,182,3.97584514e-03,2.469,0.723604
1,525,3769,3779,1608.9,4691,8011,0.241334,1.119873,109,484,3.96806037e-03,0.432519,1.920541
1,526,3779,3793,1612.4,5237,8017,0.380701,1.11363,171,484,3.96030480e-03,0.677212,1.916788
1,527,3793,3797,1616.0,4643,15569,0.222807,3.100342,100,1289,3.95257606e-03,0.395258,5.094871
1,528,3797,3803,1619.6,10903,4339,1.866947,0.140941,798,65,3.94487954e-03,3.148014,0.256417
1,529,3803,3821,1623.2,10853,5953,1.840356,0.557969,790,252,3.93721394e-03,3.110399,0.992178
1,530,3821,3823,1626.8,3923,6143,0.026157,0.606853,14,271,3.92957253e-03,0.055014,1.064914
1,531,3823,3833,1630.4,19699,9887,4.139316,1.579442,1699,689,3.92196388e-03,6.663417,2.702233
1,532,3833,3847,1633.9,3853,5503,0.00156,0.430465,3,195,3.91438348e-03,0.011743,0.763305
1,533,3847,3851,1637.5,4201,7927,0.090885,1.058426,42,468,3.90682903e-03,0.164087,1.828396
1,534,3851,3853,1641.1,5867,4643,0.52271,0.205035,238,93,3.89930572e-03,0.928035,0.362635
1,535,3853,3863,1644.7,5869,4271,0.519286,0.105617,238,51,3.89181442e-03,0.926252,0.198483
1,536,3863,3877,1648.3,4493,4019,0.158886,0.036626,74,19,3.88435072e-03,0.287442,0.073803
1,537,3877,3881,1651.9,6529,4357,0.682298,0.122649,307,58,3.87691237e-03,1.190212,0.224861
1,538,3881,3889,1655.5,16183,6029,3.161224,0.55027,1342,248,3.86950446e-03,5.192875,0.959637
1,539,3889,3907,1659.0,6257,7589,0.601485,0.942411,274,425,3.86212472e-03,1.058222,1.641403
1,540,3907,3911,1662.6,4591,5521,0.173869,0.411659,81,190,3.85476789e-03,0.312236,0.732406
1,541,3911,3917,1666.2,8641,5563,1.206025,0.42022,535,193,3.84744100e-03,2.058381,0.742556
1,542,3917,3919,1669.8,4447,4603,0.134728,0.174534,62,81,3.84014284e-03,0.238089,0.311052
1,543,3919,3923,1673.4,5693,12547,0.451185,2.198318,207,956,3.83287527e-03,0.793405,3.664229
1,544,3923,3929,1677.0,5443,6029,0.38534,0.534487,176,242,3.82563708e-03,0.673312,0.925804
1,545,3929,3931,1680.6,5303,5443,0.349021,0.384635,158,175,3.81842710e-03,0.603311,0.668225
1,546,3931,3943,1684.2,4001,5927,0.01471,0.50317,5,233,3.81124715e-03,0.019056,0.888021
1,547,3943,3947,1687.8,4603,4049,0.166202,0.025842,76,11,3.80409210e-03,0.289111,0.041845
1,548,3947,3967,1691.4,7717,4517,0.945299,0.138644,431,65,3.79696574e-03,1.636492,0.246803
1,549,3967,3989,1695.0,4339,4649,0.087741,0.165455,44,79,3.78986013e-03,0.166754,0.299399
1,550,3989,4001,1698.6,4463,5237,0.115471,0.308923,57,147,3.78277425e-03,0.215618,0.556068
1,551,4001,4003,1702.2,8467,4703,1.115164,0.174869,508,84,3.77571285e-03,1.918062,0.31716
1,552,4003,4007,1705.8,4297,4049,0.072373,0.010482,38,6,3.76868056e-03,0.14321,0.022612
1,553,4007,4013,1709.4,4951,4013,0.23374,0.0,109,1,3.76167626e-03,0.410023,0.003762
1,554,4013,4019,1713.0,9743,4597,1.424235,0.143817,648,68,3.75469882e-03,2.433045,0.25532
1,555,4019,4021,1716.6,4597,17183,0.143248,3.273315,67,1423,3.74774810e-03,0.251099,5.333046
1,556,4021,4027,1720.2,5273,8941,0.309411,1.220263,143,556,3.74082581e-03,0.534938,2.079899
1,557,4027,4049,1723.8,6793,6967,0.677698,0.720672,318,338,3.73392990e-03,1.18739,1.262068
1,558,4049,4051,1727.4,4793,8221,0.183165,1.029375,87,473,3.72705288e-03,0.324254,1.762896
1,559,4051,4057,1731.0,5393,5501,0.329307,0.355928,152,167,3.72020383e-03,0.565471,0.621274
1,560,4057,4073,1734.6,5471,4567,0.343236,0.121287,162,59,3.71338076e-03,0.601568,0.219089
1,561,4073,4079,1738.2,4951,5039,0.213778,0.235352,101,114,3.70657901e-03,0.374364,0.42255
1,562,4079,4091,1741.9,4219,13487,0.031288,2.296749,16,1037,3.69980298e-03,0.059197,3.836696
1,563,4091,4093,1745.5,4517,5839,0.103591,0.426582,50,203,3.69304985e-03,0.184652,0.749689
1,564,4093,4099,1749.1,5351,4261,0.30544,0.039522,144,21,3.68632394e-03,0.530831,0.077413
1,565,4099,4111,1752.7,9041,7537,1.199222,0.833374,558,390,3.67962332e-03,2.05323,1.435053
1,566,4111,4127,1756.3,12239,5437,1.965592,0.317422,896,152,3.67294521e-03,3.290959,0.558288
1,567,4127,4129,1759.9,5309,5417,0.285783,0.31194,137,148,3.66628778e-03,0.502281,0.542611
1,568,4129,4133,1763.5,4273,7963,0.033874,0.926688,19,438,3.65965699e-03,0.069533,1.60293
1,569,4133,4139,1767.2,7673,9209,0.853829,1.224934,404,573,3.65305183e-03,1.475833,2.093199
1,570,4139,4153,1770.8,4481,4729,0.078979,0.138695,38,68,3.64647128e-03,0.138566,0.24796
1,571,4153,4157,1774.4,7349,6829,0.767861,0.642771,365,308,3.63991179e-03,1.328568,1.121093
1,572,4157,4159,1778.0,6779,10631,0.629959,1.556143,300,725,3.63337752e-03,1.090013,2.634199
1,573,4159,4177,1781.6,4919,5419,0.177639,0.297343,84,143,3.62686916e-03,0.304657,0.518642
1,574,4177,4201,1785.2,5009,4679,0.192335,0.113782,97,59,3.62037984e-03,0.351177,0.213602
1,575,4201,4211,1788.9,4289,6653,0.018523,0.57991,14,282,3.61390703e-03,0.050595,1.019122
1,576,4211,4217,1792.5,6197,12569,0.469528,1.980555,229,925,3.60745647e-03,0.826108,3.336897
1,577,4217,4219,1796.1,5557,5279,0.317137,0.251244,156,123,3.60102969e-03,0.561761,0.442927
1,578,4219,4229,1799.7,5693,4957,0.346181,0.172145,172,85,3.59462819e-03,0.618276,0.305543
1,579,4229,4231,1803.4,4973,6389,0.175372,0.510045,87,254,3.58824856e-03,0.312178,0.911415
1,580,4231,4241,1807.0,5827,9833,0.373968,1.318557,185,633,3.58189394e-03,0.66265,2.267339
1,581,4241,4243,1810.6,4643,4651,0.094273,0.096158,46,48,3.57556095e-03,0.164476,0.171627
1,582,4243,4253,1814.3,20249,6067,3.76111,0.426522,1707,209,3.56925269e-03,6.092714,0.745974
1,583,4253,4259,1817.9,5023,11821,0.179385,1.775534,91,834,3.56296582e-03,0.32423,2.971513
1,584,4259,4261,1821.5,4801,4813,0.126731,0.129547,63,64,3.55670182e-03,0.224072,0.227629
1,585,4261,4271,1825.1,8689,4649,1.034418,0.088504,497,43,3.55046215e-03,1.76458,0.15267
1,586,4271,4273,1828.8,4597,9013,0.075825,1.109291,36,535,3.54424351e-03,0.127593,1.89617
1,587,4273,4283,1832.4,9257,5591,1.161336,0.305393,560,151,3.53804893e-03,1.981307,0.534245
1,588,4283,4289,1836.0,5881,4597,0.371182,0.071812,187,34,3.53187516e-03,0.660461,0.120084
1,589,4289,4297,1839.7,4547,9181,0.05818,1.136607,27,549,3.52572364e-03,0.095195,1.935622
1,590,4297,4327,1843.3,9239,4451,1.135198,0.028657,555,15,3.51959348e-03,1.953374,0.052794
1,591,4327,4337,1846.9,5479,5059,0.263316,0.166475,133,86,3.51347622e-03,0.467292,0.302159
1,592,4337,4339,1850.6,8527,5531,0.965199,0.274718,471,140,3.50737940e-03,1.651976,0.491033
1,593,4339,4349,1854.2,7759,6361,0.784088,0.462635,392,236,3.50130595e-03,1.372512,0.826308
1,594,4349,4357,1857.8,7187,5557,0.649529,0.275419,324,139,3.49525273e-03,1.132462,0.48584
1,595,4357,4363,1861.5,5233,5179,0.199404,0.187027,101,95,3.48922038e-03,0.352411,0.331476
1,596,4363,4373,1865.1,5113,4513,0.16922,0.032015,88,16,3.48320955e-03,0.306522,0.055731
1,597,4373,4391,1868.8,6113,8363,0.392166,0.904578,200,450,3.47721864e-03,0.695444,1.564748
1,598,4391,4397,1872.4,4801,4643,0.091881,0.055947,49,29,3.47124464e-03,0.170091,0.100666
1,599,4397,4409,1876.1,8297,6337,0.881833,0.437287,443,226,3.46529185e-03,1.535124,0.783156
1,600,4409,4421,1879.7,16187,8831,2.661389,0.997512,1281,500,3.45935800e-03,4.431438,1.729679
1,601,4421,4423,1883.3,5101,6317,0.15329,0.428216,81,221,3.45344299e-03,0.279729,0.763211
1,602,4423,4441,1887.0,7523,4721,0.693988,0.063049,351,34,3.44755031e-03,1.21009,0.117217
1,603,4441,4447,1890.6,6949,9349,0.562626,1.102316,289,555,3.44167416e-03,0.994644,1.910129
1,604,4447,4451,1894.3,6217,7789,0.396765,0.749944,205,382,3.43581871e-03,0.704343,1.312483
1,605,4451,4457,1897.9,11117,5303,1.494279,0.189814,742,98,3.42998454e-03,2.545049,0.336138
1,606,4457,4463,1901.6,5519,9397,0.236612,1.105534,123,556,3.42417084e-03,0.421173,1.903839
1,607,4463,4481,1905.2,4519,5503,0.00848,0.228074,7,120,3.41837751e-03,0.023929,0.410205
1,608,4481,4483,1908.9,5101,5939,0.137854,0.324783,74,172,3.41260030e-03,0.252532,0.586967
1,609,4483,4493,1912.5,4621,9623,0.028489,1.141776,15,579,3.40684463e-03,0.051103,1.972563
1,610,4493,4507,1916.2,4793,5167,0.063457,0.146439,35,78,3.40110767e-03,0.119039,0.265286
1,611,4507,4513,1919.8,7349,5171,0.628407,0.145801,325,78,3.39538796e-03,1.103501,0.26484
1,612,4513,4517,1923.5,8707,7547,0.927607,0.670799,473,345,3.38968814e-03,1.603322,1.169442
1,613,4517,4519,1927.2,5881,6737,0.301394,0.490817,162,256,3.38400876e-03,0.548209,0.866306
1,614,4519,4523,1930.8,8689,10903,0.92107,1.410568,468,712,3.37835037e-03,1.581068,2.405385
1,615,4523,4547,1934.5,5581,5801,0.227403,0.275786,122,146,3.37271221e-03,0.411471,0.492416
1,616,4547,4549,1938.1,7433,9283,0.633985,1.040668,326,534,3.36708755e-03,1.097671,1.798025
1,617,4549,4561,1941.8,5897,4801,0.292918,0.05262,159,30,3.36148359e-03,0.534476,0.100845
1,618,4561,4567,1945.4,5683,12517,0.244362,1.740749,130,877,3.35589695e-03,0.436267,2.943122
1,619,4567,4583,1949.1,4787,7019,0.044512,0.53153,24,284,3.35032951e-03,0.080408,0.951494
1,620,4583,4591,1952.8,6359,6967,0.385101,0.517534,208,275,3.34477793e-03,0.695714,0.919814
1,621,4591,4597,1956.4,7211,7639,0.568632,0.661736,300,348,3.33924472e-03,1.001773,1.162057
1,622,4597,4603,1960.1,9323,9491,1.025418,1.061916,532,554,3.33373044e-03,1.773545,1.846887
1,623,4603,4621,1963.7,6163,6113,0.333694,0.322874,180,174,3.32823498e-03,0.599082,0.579113
1,624,4621,4637,1967.4,15973,14149,2.444684,2.051326,1237,1041,3.32275446e-03,4.110247,3.458987
1,625,4637,4639,1971.1,14011,6151,2.020263,0.325932,1029,177,3.31728947e-03,3.413491,0.58716
1,626,4639,4643,1974.7,6217,6703,0.339005,0.443679,183,239,3.31184431e-03,0.606068,0.791531
1,627,4643,4649,1978.4,13417,4919,1.885997,0.058077,964,30,3.30641825e-03,3.187387,0.099193
1,628,4649,4651,1982.1,4721,5309,0.015051,0.141475,8,76,3.30101056e-03,0.026408,0.250877
1,629,4651,4657,1985.7,5051,7547,0.084604,0.620571,47,328,3.29562238e-03,0.154894,1.080964
1,630,4657,4663,1989.4,8933,7219,0.915719,0.548145,481,293,3.29025239e-03,1.582611,0.964044
1,631,4663,4673,1993.1,4951,7583,0.059491,0.622726,31,332,3.28490048e-03,0.101832,1.090587
1,632,4673,4679,1996.8,8747,5653,0.869417,0.208164,459,112,3.27956535e-03,1.50532,0.367311
1,633,4679,4691,2000.4,7883,6203,0.680452,0.322319,364,174,3.27424814e-03,1.191826,0.569719
1,634,4691,4703,2004.1,8297,11801,0.764193,1.509249,408,780,3.26894696e-03,1.33373,2.549779
1,635,4703,4721,2007.8,12539,7759,1.656005,0.643508,862,350,3.26366172e-03,2.813276,1.142282
1,636,4721,4723,2011.4,7723,5087,0.635189,0.07707,344,44,3.25839061e-03,1.120886,0.143369
1,637,4723,4729,2015.1,8369,5653,0.769719,0.19539,411,107,3.25313827e-03,1.33704,0.348086
1,638,4729,4733,2018.8,9817,7789,1.07416,0.645679,573,348,3.24790344e-03,1.861049,1.13027
1,639,4733,4751,2022.5,12713,7333,1.675858,0.543465,879,296,3.24268660e-03,2.850322,0.959835
1,640,4751,4759,2026.1,4999,4799,0.050431,0.008405,29,6,3.23748361e-03,0.093887,0.019425
1,641,4759,4783,2029.8,6907,5813,0.444073,0.215346,247,122,3.23229731e-03,0.798377,0.39434
1,642,4783,4787,2033.5,5779,5689,0.207228,0.188427,116,107,3.22712303e-03,0.374346,0.345302
1,643,4787,4789,2037.2,7177,15359,0.498643,2.207141,274,1151,3.22196646e-03,0.882819,3.708483
1,644,4789,4793,2040.9,5813,7027,0.21281,0.466096,119,260,3.21682805e-03,0.382803,0.836375
1,645,4793,4799,2044.5,6863,6353,0.43009,0.323817,238,182,3.21170715e-03,0.764386,0.584531
1,646,4799,4801,2048.2,6427,5407,0.338679,0.126224,190,67,3.20660311e-03,0.609255,0.214842
1,647,4801,4813,2051.9,6007,10271,0.248078,1.134012,137,613,3.20151696e-03,0.438608,1.96253
1,648,4813,4817,2055.6,7883,11981,0.636496,1.487233,349,789,3.19644582e-03,1.11556,2.521996
1,649,4817,4831,2059.3,7589,8167,0.570896,0.69054,315,376,3.19139184e-03,1.005288,1.199963
1,650,4831,4861,2062.9,5227,5273,0.075293,0.084756,44,49,3.18635219e-03,0.140199,0.156131
1,651,4861,4871,2066.6,5923,6781,0.215972,0.392117,127,222,3.18132243e-03,0.404028,0.706254
1,652,4871,4877,2070.3,9929,5087,1.035883,0.043059,572,28,3.17630801e-03,1.816848,0.088937
1,653,4877,4889,2074.0,11059,8807,1.262017,0.801391,687,444,3.17130994e-03,2.17869,1.408062
1,654,4889,4903,2077.7,4969,7297,0.013461,0.488272,11,276,3.16632652e-03,0.03483,0.873906
1,655,4903,4909,2081.4,6581,14449,0.340599,1.943369,197,1040,3.16135717e-03,0.622787,3.287811
1,656,4909,4919,2085.1,6101,7927,0.240293,0.611506,140,345,3.15640395e-03,0.441897,1.088959
1,657,4919,4931,2088.8,7873,6599,0.596634,0.338268,337,196,3.15146572e-03,1.062044,0.617687
1,658,4931,4933,2092.5,5297,6703,0.073789,0.358808,44,207,3.14654191e-03,0.138448,0.651334
1,659,4933,4937,2096.2,9323,14543,0.888394,1.945716,495,1044,3.14163505e-03,1.555109,3.279867
1,660,4937,4943,2099.9,6277,5059,0.269877,0.023468,157,17,3.13674454e-03,0.492469,0.053325
1,661,4943,4951,2103.5,4973,6131,0.004444,0.238336,5,138,3.13186977e-03,0.015659,0.432198
1,662,4951,4957,2107.2,10093,5683,1.036111,0.14646,577,86,3.12701016e-03,1.804285,0.268923
1,663,4957,4967,2110.9,8389,6329,0.688947,0.27421,388,161,3.12216615e-03,1.2114,0.502669
1,664,4967,4969,2114.6,5051,15877,0.016502,2.19521,12,1185,3.11733663e-03,0.037408,3.694044
1,665,4969,4973,2118.3,6829,10193,0.373215,1.049668,214,587,3.11252359e-03,0.66608,1.827051
1,666,4973,4987,2122.0,5573,7151,0.117506,0.433928,70,249,3.10772643e-03,0.217541,0.773824
1,667,4987,4993,2125.7,7817,6121,0.565592,0.225916,321,131,3.10294254e-03,0.996045,0.406485
1,668,4993,4999,2129.4,5441,5519,0.088418,0.104021,51,61,3.09817388e-03,0.158007,0.188989
1,669,4999,5003,2133.1,7103,7517,0.419748,0.502499,241,283,3.09342038e-03,0.745514,0.875438
1,670,5003,5009,2136.8,5237,5519,0.045518,0.101817,27,59,3.08868247e-03,0.083394,0.182232
1,671,5009,5011,2140.5,5477,6763,0.092995,0.349631,52,200,3.08395957e-03,0.160366,0.616792
1,672,5011,5021,2144.2,6011,6997,0.197172,0.393547,113,228,3.07925259e-03,0.347956,0.70207
1,673,5021,5023,2147.9,6271,5741,0.248457,0.142942,143,82,3.07455949e-03,0.439662,0.252114
1,674,5023,5039,2151.6,12197,14813,1.42052,1.939671,784,1061,3.06988217e-03,2.406788,3.257145
1,675,5039,5051,2155.3,9967,9817,0.973273,0.943576,553,536,3.06521713e-03,1.695065,1.642956
1,676,5051,5059,2159.0,5693,6791,0.125321,0.34236,74,198,3.06056530e-03,0.226482,0.605992
1,677,5059,5077,2162.7,6947,7523,0.368328,0.481781,214,276,3.05592760e-03,0.653969,0.843436
1,678,5077,5081,2166.4,6869,6451,0.351899,0.269632,206,160,3.05130156e-03,0.628568,0.488208
1,679,5081,5087,2170.1,5099,7247,0.002359,0.424612,2,248,3.04669048e-03,0.006093,0.755579
1,680,5087,5099,2173.9,6053,5351,0.187096,0.049421,110,28,3.04209382e-03,0.33463,0.085179
1,681,5099,5101,2177.6,5237,12547,0.026661,1.459714,16,818,3.03751010e-03,0.0486,2.484683
1,682,5101,5107,2181.3,11399,5693,1.232034,0.114744,694,68,3.03294160e-03,2.104861,0.20624
1,683,5107,5113,2185.0,7757,6217,0.517113,0.21592,301,126,3.02838732e-03,0.911545,0.381577
1,684,5113,5119,2188.7,7841,5749,0.531744,0.123071,307,73,3.02384718e-03,0.928321,0.220741
1,685,5119,5147,2192.4,8287,7753,0.610064,0.506314,354,298,3.01932113e-03,1.06884,0.899758
1,686,5147,5153,2196.1,10391,7109,1.016495,0.379585,587,225,3.01480403e-03,1.76969,0.678331
1,687,5153,5167,2199.8,6091,8111,0.178827,0.56977,108,333,3.01030090e-03,0.325112,1.00243
1,688,5167,5171,2203.5,6709,5527,0.297428,0.068845,178,43,3.00580988e-03,0.535034,0.12925
1,689,5171,5179,2207.2,7517,5407,0.451439,0.044024,263,24,3.00133317e-03,0.789351,0.072032
1,690,5179,5189,2211.0,6793,8111,0.309115,0.563114,185,330,2.99686981e-03,0.554421,0.988967
1,691,5189,5197,2214.7,6131,5897,0.179719,0.134693,108,85,2.99241928e-03,0.323181,0.254356
1,692,5197,5209,2218.4,7537,5431,0.446919,0.042619,263,25,2.98798199e-03,0.785839,0.0747
1,693,5209,5227,2222.1,10891,5483,1.083604,0.048976,632,32,2.98355697e-03,1.885608,0.095474
1,694,5227,5231,2225.8,15391,5261,1.942267,0.005735,1105,4,2.97914287e-03,3.291953,0.011917
1,695,5231,5233,2229.5,7949,8369,0.519014,0.599274,309,353,2.97474272e-03,0.919196,1.050084
1,696,5233,5237,2233.3,6113,8461,0.167271,0.61562,101,362,2.97035690e-03,0.300006,1.075269
1,697,5237,5261,2237.0,6427,11411,0.221631,1.168979,139,680,2.96598489e-03,0.412272,2.01687
1,698,5261,5273,2240.7,9649,5477,0.829888,0.038688,494,25,2.96162230e-03,1.463041,0.074041
1,699,5273,5279,2244.4,7723,7883,0.462966,0.493275,281,298,2.95727170e-03,0.830993,0.881267
1,700,5279,5281,2248.1,12853,7789,1.433819,0.47491,832,286,2.95293433e-03,2.456841,0.844539
1,701,5281,5297,2251.9,9739,11243,0.838588,1.122522,500,658,2.94861097e-03,1.474305,1.940186
1,702,5297,5303,2255.6,7649,9679,0.442391,0.825193,269,493,2.94429859e-03,0.792016,1.451539
1,703,5303,5309,2259.3,5939,5639,0.118666,0.062159,77,37,2.93999927e-03,0.22638,0.10878
1,704,5309,5323,2263.0,11939,7877,1.242908,0.479805,727,291,2.93571294e-03,2.134263,0.854292
1,705,5323,5333,2266.8,8369,5573,0.569286,0.045003,343,31,2.93143787e-03,1.005483,0.090875
1,706,5333,5347,2270.5,10271,5443,0.92089,0.017954,554,14,2.92717485e-03,1.621655,0.04098
1,707,5347,5351,2274.2,8837,5861,0.651467,0.095309,394,64,2.92292301e-03,1.151632,0.187067
1,708,5351,5381,2278.0,13159,6949,1.445456,0.291396,857,184,2.91868436e-03,2.501312,0.537038
1,709,5381,5387,2281.7,6047,6301,0.122517,0.169668,80,111,2.91445353e-03,0.233156,0.323504
1,710,5387,5393,2285.4,8111,10321,0.503987,0.913777,310,556,2.91023539e-03,0.902173,1.618091
1,711,5393,5399,2289.1,7817,5857,0.447861,0.084831,277,59,2.90602989e-03,0.80497,0.171456
1,712,5399,5407,2292.9,9769,11621,0.806732,1.149251,493,686,2.90183697e-03,1.430606,1.99066
1,713,5407,5413,2296.6,14251,5683,1.632736,0.04988,962,35,2.89765618e-03,2.787545,0.101418
1,714,5413,5417,2300.3,12653,6961,1.335795,0.285029,798,180,2.89348785e-03,2.309003,0.520828
1,715,5417,5419,2304.1,9239,8363,0.704927,0.543274,430,332,2.88933233e-03,1.242413,0.959258
1,716,5419,5431,2307.8,6917,7247,0.273614,0.334377,174,211,2.88518996e-03,0.502023,0.608775
1,717,5431,5437,2311.5,8269,9137,0.520875,0.680522,320,416,2.88105870e-03,0.921939,1.19852
1,718,5437,5441,2315.3,8191,7829,0.505422,0.43889,310,272,2.87693968e-03,0.891851,0.782528
1,719,5441,5443,2319.0,7639,5903,0.403454,0.084512,250,58,2.87283325e-03,0.718208,0.166624
1,720,5443,5449,2322.8,10391,12107,0.906955,1.221876,553,729,2.86873973e-03,1.586413,2.091311
1,721,5449,5471,2326.5,6791,5569,0.241272,0.017913,153,14,2.86465829e-03,0.438293,0.040105
1,722,5471,5477,2330.2,6599,6871,0.204857,0.254519,131,163,2.86058577e-03,0.374737,0.466275
1,723,5477,5479,2334.0,5557,6761,0.014236,0.233984,10,147,2.85652523e-03,0.028565,0.419909
1,724,5479,5483,2337.7,8969,6173,0.635783,0.125844,391,80,2.85247740e-03,1.115319,0.228198
1,725,5483,5501,2341.4,5693,13441,0.034903,1.443374,25,868,2.84844182e-03,0.071211,2.472448
1,726,5501,5503,2345.2,8237,7309,0.49682,0.328185,308,206,2.84441578e-03,0.87608,0.58595
1,727,5503,5507,2348.9,6211,6323,0.127837,0.148175,81,96,2.84040228e-03,0.230073,0.272679
1,728,5507,5519,2352.7,9209,5651,0.668599,0.023917,414,15,2.83640088e-03,1.17427,0.042546
1,729,5519,5521,2356.4,6761,9533,0.224597,0.72668,141,451,2.83241003e-03,0.39937,1.277417
1,730,5521,5527,2360.1,10567,7559,0.911887,0.36765,560,229,2.82843154e-03,1.583922,0.647711
1,731,5527,5531,2363.9,11839,14419,1.140481,1.606943,690,959,2.82446463e-03,1.948881,2.708662
1,732,5531,5557,2367.6,17419,6793,2.134605,0.222422,1272,143,2.82050960e-03,3.587688,0.403333
1,733,5557,5563,2371.4,11173,8117,1.008449,0.459105,621,288,2.81656235e-03,1.749085,0.81117
1,734,5563,5569,2375.1,8447,5683,0.516789,0.02047,323,14,2.81262654e-03,0.908478,0.039377
1,735,5569,5573,2378.9,9007,6359,0.616185,0.141037,384,93,2.80870212e-03,1.078542,0.261209
1,736,5573,5581,2382.6,10139,6323,0.8167,0.132951,508,87,2.80478939e-03,1.424833,0.244017
1,737,5581,5591,2386.4,18169,7079,2.249687,0.266142,1345,172,2.80088759e-03,3.767194,0.481753
1,738,5591,5623,2390.1,7759,11383,0.379868,1.024364,247,636,2.79699630e-03,0.690858,1.77889
1,739,5623,5639,2393.9,6173,6977,0.094698,0.237276,65,158,2.79311156e-03,0.181552,0.441312
1,740,5639,5641,2397.6,9521,7727,0.687821,0.369793,439,241,2.78923621e-03,1.224475,0.672206
1,741,5641,5647,2401.4,11443,7043,1.026386,0.247211,639,165,2.78537270e-03,1.779853,0.459586
1,742,5647,5651,2405.1,13711,8819,1.426296,0.560609,880,356,2.78152027e-03,2.447738,0.990221
1,743,5651,5653,2408.9,7069,10253,0.250486,0.813727,165,514,2.77767922e-03,0.458317,1.427727
1,744,5653,5657,2412.6,6089,6151,0.076366,0.087325,50,58,2.77384986e-03,0.138692,0.160883
1,745,5657,5659,2416.4,7489,11369,0.323379,1.009012,204,628,2.77003178e-03,0.565086,1.73958
1,746,5659,5669,2420.1,8867,6733,0.564121,0.187687,360,122,2.76622528e-03,0.995841,0.337479
1,747,5669,5683,2423.9,5987,11311,0.053493,0.990322,36,620,2.76242892e-03,0.099447,1.712706
1,748,5683,5689,2427.6,7193,6959,0.26437,0.223238,171,145,2.75864197e-03,0.471728,0.400003
1,749,5689,5693,2431.4,16069,12073,1.822589,1.120675,1121,697,2.75486576e-03,3.088205,1.920141
1,750,5693,5701,2435.1,7079,12917,0.241712,1.265743,159,788,2.75110061e-03,0.437425,2.167867
1,751,5701,5711,2438.9,9151,7151,0.602346,0.252145,383,164,2.74734577e-03,1.052233,0.450565
1,752,5711,5717,2442.7,10007,10151,0.750394,0.775582,478,494,2.74360086e-03,1.311441,1.355339
1,753,5717,5737,2446.4,13921,16253,1.42653,1.833014,893,1136,2.73986652e-03,2.446701,3.112488
1,754,5737,5741,2450.2,11213,5851,0.953144,0.01916,603,15,2.73614036e-03,1.649893,0.041042
1,755,5741,5743,2453.9,6311,6563,0.098903,0.142783,66,93,2.73242503e-03,0.18034,0.254116
1,756,5743,5749,2457.7,6389,5857,0.111324,0.018786,77,14,2.72872081e-03,0.210112,0.038202
1,757,5749,5779,2461.4,9203,6947,0.59249,0.202111,384,134,2.72502699e-03,1.04641,0.365154
1,758,5779,5783,2465.2,7993,7069,0.382155,0.222376,249,150,2.72133956e-03,0.677614,0.408201
1,759,5783,5791,2469.0,6679,10607,0.153341,0.831635,102,535,2.71766280e-03,0.277202,1.45395
1,760,5791,5801,2472.7,6781,9239,0.168936,0.592656,113,385,2.71399600e-03,0.306682,1.044888
1,761,5801,5807,2476.5,10007,6883,0.723265,0.185294,469,125,2.71033880e-03,1.271149,0.338792
1,762,5807,5813,2480.3,7321,14737,0.259419,1.53518,171,963,2.70669180e-03,0.462844,2.606544
1,763,5813,5821,2484.0,13099,6199,1.250301,0.064937,795,43,2.70305497e-03,2.148929,0.116231
1,764,5821,5827,2487.8,9829,6869,0.686803,0.178823,448,120,2.69942793e-03,1.209344,0.323931
1,765,5827,5839,2491.6,8443,11047,0.445967,0.891934,291,573,2.69581098e-03,0.784481,1.5447
1,766,5839,5843,2495.3,6067,9209,0.038336,0.576074,25,376,2.69220311e-03,0.067305,1.012268
1,767,5843,5849,2499.1,6151,7951,0.051633,0.359378,35,238,2.68860556e-03,0.094101,0.639888
1,768,5849,5851,2502.9,8293,8707,0.417365,0.488122,273,317,2.68501796e-03,0.73301,0.851151
1,769,5851,5857,2506.6,11887,6869,1.029537,0.172785,655,115,2.68144091e-03,1.756344,0.308366
1,770,5857,5861,2510.4,7159,6661,0.221464,0.136495,146,89,2.67787373e-03,0.39097,0.238331
1,771,5861,5867,2514.2,6007,7477,0.023862,0.274416,13,175,2.67431669e-03,0.034766,0.468005
1,772,5867,5869,2517.9,8447,7933,0.439257,0.351678,285,230,2.67076944e-03,0.761169,0.614277
1,773,5869,5879,2521.7,10181,5903,0.731757,0.004082,478,4,2.66723256e-03,1.274937,0.010669
1,774,5879,5881,2525.5,9857,5897,0.676075,0.002721,442,2,2.66370476e-03,1.177358,0.005327
1,775,5881,5897,2529.2,11443,6607,0.940478,0.1204,605,79,2.66018724e-03,1.609413,0.210155
1,776,5897,5903,2533.0,10733,12589,0.818228,1.132644,533,728,2.65667780e-03,1.416009,1.934061
1,777,5903,5923,2536.8,6389,10069,0.078676,0.699983,56,459,2.65317795e-03,0.148578,1.217809
1,778,5923,5927,2540.6,7129,6949,0.202801,0.172431,136,114,2.64968553e-03,0.360357,0.302064
1,779,5927,5939,2544.3,6029,9497,0.015154,0.599091,7,398,2.64620292e-03,0.018523,1.053189
1,780,5939,5953,2548.1,15073,7103,1.532001,0.19318,980,130,2.64272889e-03,2.589874,0.343555
1,781,5953,5981,2551.9,6389,6709,0.068216,0.121719,52,85,2.63926311e-03,0.137242,0.224337
1,782,5981,5987,2555.6,6569,17417,0.097211,1.909136,67,1221,2.63580347e-03,0.176599,3.218316
1,783,5987,6007,2559.4,6427,6553,0.069918,0.090894,53,64,2.63235322e-03,0.139515,0.168471
1,784,6007,6011,2563.2,6827,10303,0.135751,0.714024,94,480,2.62891027e-03,0.247118,1.261877
1,785,6011,6029,2567.0,25621,6199,3.249627,0.028197,2037,21,2.62547694e-03,5.348097,0.055135
1,786,6029,6037,2570.8,13679,6427,1.265861,0.064602,829,50,2.62205114e-03,2.17368,0.131103
1,787,6037,6043,2574.5,9283,7793,0.536158,0.289591,363,200,2.61863432e-03,0.950564,0.523727
1,788,6043,6047,2578.3,6791,6361,0.123036,0.051927,86,41,2.61522673e-03,0.224909,0.107224
1,789,6047,6053,2582.1,7129,10457,0.177763,0.727573,125,490,2.61182861e-03,0.326479,1.279796
1,790,6053,6067,2585.9,11447,20117,0.886764,2.315807,591,1485,2.60843963e-03,1.541588,3.873533
1,791,6067,6073,2589.7,11383,14321,0.874362,1.358143,583,888,2.60505863e-03,1.518749,2.313292
1,792,6073,6079,2593.5,8273,8839,0.360915,0.454022,246,310,2.60168670e-03,0.640015,0.806523
1,793,6079,6089,2597.2,11279,8287,0.852357,0.360979,571,246,2.59832381e-03,1.483643,0.639188
1,794,6089,6091,2601.0,6211,8273,0.019701,0.358233,14,244,2.59496937e-03,0.03633,0.633173
1,795,6091,6101,2604.8,6793,6827,0.113424,0.118997,80,83,2.59162446e-03,0.20733,0.215105
1,796,6101,6113,2608.6,7789,6469,0.27417,0.058237,190,43,2.58828793e-03,0.491775,0.111296
1,797,6113,6121,2612.4,18379,9491,2.002614,0.550564,1309,379,2.58495946e-03,3.383712,0.9797
1,798,6121,6131,2616.2,7369,7411,0.201925,0.208775,140,142,2.58163958e-03,0.36143,0.366593
1,799,6131,6133,2620.0,7127,6959,0.162074,0.134681,114,94,2.57832798e-03,0.293929,0.242363
1,800,6133,6143,2623.7,6323,7159,0.029302,0.165392,23,116,2.57502573e-03,0.059226,0.298703
1,801,6143,6151,2627.5,6151,12329,0.0,1.00439,1,672,2.57173170e-03,0.002572,1.728204
1,802,6151,6163,2631.3,21661,12539,2.514684,1.034561,1630,695,2.56844612e-03,4.186567,1.78507
1,803,6163,6173,2635.1,17837,10567,1.889519,0.711809,1242,487,2.56516842e-03,3.185939,1.249237
1,804,6173,6197,2638.9,6551,7297,0.057124,0.177505,42,126,2.56189885e-03,0.1076,0.322799
1,805,6197,6199,2642.7,7879,7853,0.271011,0.266817,191,187,2.55863549e-03,0.488699,0.478465
1,806,6199,6203,2646.5,6547,10303,0.055457,0.66097,39,458,2.55538128e-03,0.09966,1.170365
1,807,6203,6211,2650.3,14533,12743,1.339881,1.051682,894,714,2.55213591e-03,2.28161,1.822225
1,808,6211,6217,2654.1,7753,9311,0.247065,0.497668,175,344,2.54889882e-03,0.446057,0.876821
1,809,6217,6221,2657.9,21613,7321,2.4742,0.17682,1619,124,2.54567024e-03,4.12144,0.315663
1,810,6221,6229,2661.7,8387,7589,0.346444,0.218334,240,154,2.54245039e-03,0.610188,0.391537
1,811,6229,6247,2665.5,25183,7211,3.031215,0.154314,1969,110,2.53923872e-03,4.999761,0.279316
1,812,6247,6257,2669.2,11617,7933,0.856641,0.26786,585,190,2.53603388e-03,1.48358,0.481846
1,813,6257,6263,2673.0,18229,6793,1.910586,0.084624,1276,62,2.53283691e-03,3.2319,0.157036
1,814,6263,6269,2676.8,11677,10253,0.862658,0.635508,587,443,2.52964828e-03,1.484904,1.120634
1,815,6269,6271,2680.6,6871,23827,0.095679,2.799554,70,1835,2.52646798e-03,0.176853,4.636069
1,816,6271,6277,2684.4,11551,17167,0.84021,1.734905,576,1161,2.52329647e-03,1.453419,2.929547
1,817,6277,6287,2688.2,6451,9697,0.026086,0.542389,21,380,2.52013322e-03,0.052923,0.957651
1,818,6287,6299,2692.0,8243,6733,0.30862,0.0689,217,50,2.51697767e-03,0.546184,0.125849
1,819,6299,6301,2695.8,20441,8693,2.244088,0.379622,1490,264,2.51382954e-03,3.745606,0.663651
1,820,6301,6311,2699.6,11633,13421,0.843289,1.126604,579,772,2.51069009e-03,1.45369,1.938253
1,821,6311,6317,2703.4,14951,7213,1.366788,0.141839,930,101,2.50755825e-03,2.332029,0.253263
1,822,6317,6323,2707.2,11953,8443,0.8904,0.335284,611,234,2.50443451e-03,1.530209,0.586038
1,823,6323,6329,2711.0,7681,7639,0.21362,0.206984,151,146,2.50131883e-03,0.377699,0.365193
1,824,6329,6337,2714.8,6689,7307,0.055547,0.153069,38,107,2.49821118e-03,0.094932,0.267309
1,825,6337,6343,2718.6,9049,7187,0.426612,0.13306,300,93,2.49511129e-03,0.748533,0.232045
1,826,6343,6353,2722.4,8969,9743,0.411774,0.533606,289,376,2.49201937e-03,0.720194,0.936999
1,827,6353,6359,2726.2,9601,7561,0.509829,0.189023,358,133,2.48893489e-03,0.891039,0.331028
1,828,6359,6361,2730.0,14057,7019,1.209873,0.103443,830,75,2.48585833e-03,2.063262,0.186439
1,829,6361,6367,2733.8,15923,9631,1.500864,0.512643,1028,361,2.48279014e-03,2.552308,0.896287
1,830,6367,6373,2737.7,7727,10427,0.212459,0.636121,151,445,2.47972980e-03,0.374439,1.10348
1,831,6373,6379,2741.5,9029,10909,0.415426,0.710143,291,496,2.47667727e-03,0.720713,1.228432
1,832,6379,6389,2745.3,9661,14489,0.51213,1.267804,361,866,2.47363254e-03,0.892981,2.142166
1,833,6389,6397,2749.1,20663,10337,2.230108,0.615914,1495,436,2.47059507e-03,3.69354,1.077179
1,834,6397,6421,2752.9,12373,11173,0.926958,0.740072,642,520,2.46756510e-03,1.584177,1.283134
1,835,6421,6427,2756.7,10837,9901,0.686168,0.540532,482,386,2.46454065e-03,1.187909,0.951313
1,836,6427,6449,2760.5,7753,8963,0.202202,0.389828,147,278,2.46152389e-03,0.361844,0.684304
1,837,6449,6451,2764.3,20123,10039,2.119361,0.556193,1439,396,2.45851288e-03,3.5378,0.973571
1,838,6451,6469,2768.1,13099,8087,1.024888,0.250116,720,178,2.45550997e-03,1.767967,0.437081
1,839,6469,6473,2771.9,14543,18223,1.246717,1.815233,864,1249,2.45251325e-03,2.118971,3.063189
1,840,6473,6481,2775.7,7043,19391,0.086715,1.991977,66,1356,2.44952434e-03,0.161669,3.321555
1,841,6481,6491,2779.5,7573,10391,0.166692,0.600832,120,432,2.44654276e-03,0.293585,1.056906
1,842,6491,6521,2783.4,13093,7951,1.007821,0.219292,715,163,2.44356822e-03,1.747151,0.398302
1,843,6521,6529,2787.2,8689,12923,0.330832,0.979323,239,697,2.44059840e-03,0.583303,1.701097
1,844,6529,6547,2791.0,6871,6571,0.049488,0.003666,41,6,2.43763583e-03,0.099943,0.014626
1,845,6547,6551,2794.8,12953,7687,0.977255,0.173409,697,130,2.43467934e-03,1.696971,0.316508
1,846,6551,6553,2798.6,6871,10331,0.048527,0.57653,39,421,2.43173051e-03,0.094837,1.023759
1,847,6553,6563,2802.4,7547,6637,0.149931,0.011275,110,9,2.42878954e-03,0.267167,0.021859
1,848,6563,6569,2806.2,18637,20641,1.837114,2.142183,1282,1479,2.42585549e-03,3.109947,3.58784
1,849,6569,6571,2810.1,7433,9923,0.131182,0.51012,93,374,2.42292878e-03,0.225332,0.906175
1,850,6571,6577,2813.9,7919,12097,0.204044,0.839288,150,597,2.42000985e-03,0.363001,1.444746
1,851,6577,6581,2817.7,7867,7643,0.195411,0.161374,142,119,2.41709821e-03,0.343228,0.287635
1,852,6581,6599,2821.5,6737,11633,0.020912,0.762843,17,547,2.41419405e-03,0.041041,1.320564
1,853,6599,6607,2825.3,11197,8461,0.694718,0.280611,503,205,2.41129579e-03,1.212882,0.494316
1,854,6607,6619,2829.2,8117,8929,0.226318,0.348995,167,256,2.40840452e-03,0.402204,0.616552
1,855,6619,6637,2833.0,12539,9433,0.889257,0.421275,642,313,2.40551977e-03,1.544344,0.752928
1,856,6637,6653,2836.8,6781,12541,0.019239,0.885014,17,642,2.40264086e-03,0.040845,1.542495
1,857,6653,6659,2840.6,8719,9887,0.309356,0.484757,230,363,2.39976801e-03,0.551947,0.871116
1,858,6659,6661,2844.4,8609,17167,0.292449,1.577241,214,1119,2.39690227e-03,0.512937,2.682134
1,859,6661,6673,2848.3,7309,6907,0.095309,0.035067,73,29,2.39404407e-03,0.174765,0.069427
1,860,6673,6679,2852.1,6841,17021,0.024255,1.548435,21,1102,2.39119228e-03,0.050215,2.635094
1,861,6679,6689,2855.9,20161,7411,2.014053,0.107938,1420,79,2.38834753e-03,3.391453,0.188679
1,862,6689,6691,2859.7,6833,10867,0.021223,0.624122,18,460,2.38550937e-03,0.042939,1.097334
1,863,6691,6701,2863.6,9497,8563,0.417251,0.277869,314,204,2.38267863e-03,0.748161,0.486066
1,864,6701,6703,2867.4,17077,7877,1.547665,0.175145,1105,131,2.37985443e-03,2.629739,0.311761
1,865,6703,6709,2871.2,8933,8563,0.331495,0.276345,246,202,2.37703760e-03,0.584751,0.480162
1,866,6709,6719,2875.1,10391,6917,0.54651,0.029469,407,24,2.37422768e-03,0.966311,0.056981
1,867,6719,6733,2878.9,16573,9631,1.461458,0.430417,1052,323,2.37142422e-03,2.494738,0.76597
1,868,6733,6737,2882.7,16981,7487,1.520558,0.111326,1090,80,2.36862678e-03,2.581803,0.18949
1,869,6737,6761,2886.5,15749,8011,1.329389,0.184884,968,140,2.36583640e-03,2.29013,0.331217
1,870,6761,6763,2890.4,8761,9137,0.295431,0.351028,223,263,2.36305095e-03,0.52696,0.621482
1,871,6763,6779,2894.2,7057,7643,0.041009,0.127452,36,99,2.36027272e-03,0.08497,0.233667
1,872,6779,6781,2898.0,7213,7669,0.063707,0.130954,50,100,2.35750022e-03,0.117875,0.23575
1,873,6781,6791,2901.9,12473,11483,0.836696,0.690914,615,511,2.35473489e-03,1.448162,1.20327
1,874,6791,6793,2905.7,7517,7333,0.10658,0.079494,78,61,2.35197588e-03,0.183454,0.143471
1,875,6793,6803,2909.5,23509,7867,2.455681,0.156402,1739,118,2.34922397e-03,4.0853,0.277208
1,876,6803,6823,2913.4,9791,7207,0.434999,0.05628,332,44,2.34647834e-03,0.779031,0.103245
1,877,6823,6827,2917.2,15451,8501,1.26322,0.245203,928,183,2.34373794e-03,2.174989,0.428904
1,878,6827,6829,2921.0,11093,6907,0.624396,0.011422,467,10,2.34100437e-03,1.093249,0.02341
1,879,6829,6833,2924.9,11833,10663,0.731743,0.560515,541,422,2.33827783e-03,1.265008,0.986753
1,880,6833,6841,2928.7,7333,15349,0.071919,1.243678,55,913,2.33555806e-03,0.128456,2.132365
1,881,6841,6857,2932.5,7481,9181,0.091002,0.338924,66,257,2.33284466e-03,0.153968,0.599541
1,882,6857,6863,2936.4,13877,7121,1.022002,0.037593,757,30,2.33013680e-03,1.763914,0.069904
1,883,6863,6869,2940.2,15031,26357,1.188237,2.837094,874,2013,2.32743545e-03,2.034179,4.685128
1,884,6869,6871,2944.0,7433,10247,0.081793,0.49134,58,372,2.32474060e-03,0.134835,0.864804
1,885,6871,6883,2947.9,11299,11059,0.641581,0.606712,481,455,2.32205261e-03,1.116907,1.056534
1,886,6883,6899,2951.7,12347,15271,0.78968,1.213509,589,897,2.31937048e-03,1.366109,2.080475
1,887,6899,6907,2955.5,12959,7753,0.876213,0.122484,656,96,2.31669379e-03,1.519751,0.222403
1,888,6907,6911,2959.4,16481,13463,1.384749,0.948054,1022,708,2.31402331e-03,2.364932,1.638329
1,889,6911,6917,2963.2,9929,11681,0.435449,0.688738,335,513,2.31135941e-03,0.774305,1.185727
1,890,6917,6947,2967.1,8527,10459,0.227436,0.505542,173,390,2.30870186e-03,0.399405,0.900394
1,891,6947,6949,2970.9,11059,8297,0.591452,0.193985,449,151,2.30604834e-03,1.035416,0.348213
1,892,6949,6959,2974.8,17911,6997,1.573789,0.005461,1161,8,2.30340153e-03,2.674249,0.018427
1,893,6959,6961,2978.6,12671,10853,0.820284,0.559115,621,426,2.30076063e-03,1.428772,0.980124
1,894,6961,6967,2982.4,15149,15527,1.174394,1.228649,876,918,2.29812640e-03,2.013159,2.10968
1,895,6967,6971,2986.3,7027,14747,0.008033,1.115478,9,832,2.29549842e-03,0.020659,1.909855
1,896,6971,6977,2990.1,10499,14423,0.504801,1.067221,388,795,2.29287687e-03,0.889636,1.822837
1,897,6977,6983,2994.0,16273,9403,1.330374,0.346556,994,266,2.29026152e-03,2.27652,0.60921
1,898,6983,6991,2997.8,13309,8081,0.903733,0.155915,682,117,2.28765236e-03,1.560179,0.267655
1,899,6991,6997,3001.7,7723,14249,0.103759,1.036444,81,775,2.28504918e-03,0.185089,1.770913
1,900,6997,7001,3005.5,7547,11321,0.077989,0.617055,57,469,2.28245214e-03,0.1301,1.07047
1,901,7001,7013,3009.3,11447,11621,0.632254,0.657065,480,497,2.27986140e-03,1.094333,1.133091
1,902,7013,7019,3013.2,7457,19961,0.062402,1.843852,42,1354,2.27727621e-03,0.095646,3.083432
1,903,7019,7027,3017.0,8663,11953,0.232816,0.70101,175,530,2.27469710e-03,0.398072,1.205589
1,904,7027,7039,3020.9,12413,9463,0.763461,0.344367,578,268,2.27212386e-03,1.313288,0.608929
1,905,7039,7043,3024.7,10663,7699,0.513986,0.093142,396,72,2.26955611e-03,0.898744,0.163408
1,906,7043,7057,3028.6,15739,8191,1.230268,0.160692,930,122,2.26699456e-03,2.108305,0.276573
1,907,7057,7069,3032.4,10831,10259,0.532183,0.451266,409,351,2.26443827e-03,0.926155,0.794818
1,908,7069,7079,3036.3,7121,12007,0.005933,0.696144,4,531,2.26188741e-03,0.009048,1.201062
1,909,7079,7103,3040.1,7411,15541,0.043362,1.187949,31,904,2.25934215e-03,0.07004,2.042445
1,910,7103,7109,3044.0,14327,12161,1.015333,0.710648,771,546,2.25680121e-03,1.739994,1.232213
1,911,7109,7121,3047.8,9127,9421,0.281702,0.322988,220,255,2.25426620e-03,0.495939,0.574838
1,912,7121,7127,3051.7,19249,13219,1.700856,0.854778,1271,660,2.25173655e-03,2.861957,1.486146
1,913,7127,7129,3055.5,9883,9241,0.386309,0.296255,306,233,2.24921279e-03,0.688259,0.524067
1,914,7129,7151,3059.4,14173,7727,0.981961,0.080548,754,67,2.24669526e-03,1.694008,0.150529
1,915,7151,7159,3063.2,12821,11161,0.790893,0.559017,613,437,2.24418215e-03,1.375684,0.980708
1,916,7159,7177,3067.1,7207,14983,0.00418,1.087641,4,838,2.24167470e-03,0.008967,1.878523
1,917,7177,7187,3071.0,21587,9497,2.003618,0.321414,1506,260,2.23917201e-03,3.372193,0.582185
1,918,7187,7193,3074.8,10597,7307,0.473238,0.015849,374,13,2.23667477e-03,0.836516,0.029077
1,919,7193,7207,3078.7,8647,21803,0.199806,2.025253,158,1527,2.23418330e-03,0.353001,3.411598
1,920,7207,7211,3082.5,14827,13007,1.056164,0.803772,817,630,2.23169689e-03,1.823296,1.405969
1,921,7211,7213,3086.4,9839,21247,0.364065,1.945654,293,1467,2.22921640e-03,0.65316,3.27026
1,922,7213,7219,3090.2,11783,14249,0.632221,0.973819,490,752,2.22674198e-03,1.091104,1.67451
1,923,7219,7229,3094.1,8329,13001,0.152165,0.798451,122,625,2.22427325e-03,0.271361,1.390171
1,924,7229,7237,3098.0,12889,7879,0.780987,0.088711,609,72,2.22180985e-03,1.353082,0.15997
1,925,7237,7243,3101.8,8807,9181,0.215933,0.267569,172,213,2.21935195e-03,0.381729,0.472722
1,926,7243,7247,3105.7,7993,7481,0.102939,0.032289,81,21,2.21689968e-03,0.179569,0.046555
1,927,7247,7253,3109.5,17467,8863,1.408245,0.221977,1081,178,2.21445321e-03,2.393824,0.394173
1,928,7253,7283,3113.4,10289,16433,0.412742,1.25635,334,977,2.21201233e-03,0.738812,2.161136
1,929,7283,7297,3117.3,8521,7727,0.16774,0.058928,133,52,2.20957502e-03,0.293873,0.114898
1,930,7297,7307,3121.1,9227,8297,0.262762,0.135487,214,112,2.20714261e-03,0.472329,0.2472
1,931,7307,7309,3125.0,11953,15331,0.635381,1.097551,502,861,2.20471543e-03,1.106767,1.89826
1,932,7309,7321,3128.9,13537,9187,0.849064,0.254883,671,207,2.20229411e-03,1.477739,0.455875
1,933,7321,7331,3132.7,9319,8543,0.271177,0.165325,220,133,2.19987782e-03,0.483973,0.292584
1,934,7331,7333,3136.6,20389,11027,1.780445,0.50375,1369,403,2.19746669e-03,3.008332,0.885579
1,935,7333,7349,3140.4,7573,10627,0.03048,0.446047,26,361,2.19506137e-03,0.057072,0.792417
1,936,7349,7351,3144.3,10459,9283,0.4228,0.262821,344,214,2.19266070e-03,0.754275,0.469229
1,937,7351,7369,3148.2,15661,10271,1.125254,0.393812,890,323,2.19026581e-03,1.949337,0.707456
1,938,7369,7393,3152.0,15641,8263,1.11565,0.117679,885,98,2.18787536e-03,1.93627,0.214412
1,939,7393,7411,3155.9,28351,25457,2.82553,2.435029,2148,1868,2.18548887e-03,4.69443,4.082493
1,940,7411,7417,3159.8,28817,9293,2.885264,0.252932,2199,211,2.18310682e-03,4.800652,0.460636
1,941,7417,7433,3163.7,8009,11393,0.077492,0.532759,67,434,2.18073016e-03,0.146109,0.946437
1,942,7433,7451,3167.5,8837,10007,0.186015,0.343041,159,288,2.17835806e-03,0.346359,0.627367
1,943,7451,7457,3171.4,21803,7759,1.92383,0.040499,1503,42,2.17599037e-03,3.270514,0.091392
1,944,7457,7459,3175.3,10429,14827,0.398177,0.9878,332,793,2.17362802e-03,0.721645,1.723687
1,945,7459,7477,3179.1,32443,9127,3.33904,0.220677,2538,186,2.17127131e-03,5.510687,0.403856
1,946,7477,7481,3183.0,8089,13327,0.081273,0.781446,71,636,2.16891895e-03,0.153993,1.379432
1,947,7481,7487,3186.9,9403,9857,0.25591,0.316549,216,269,2.16657205e-03,0.46798,0.582808
1,948,7487,7489,3190.8,14323,9227,0.912538,0.232074,732,196,2.16423041e-03,1.584217,0.424189
1,949,7489,7499,3194.6,9161,8387,0.22163,0.118416,187,101,2.16189433e-03,0.404274,0.218351
1,950,7499,7507,3198.5,16567,8311,1.206874,0.1071,968,93,2.15956317e-03,2.090457,0.200839
1,951,7507,7517,3202.4,10313,17203,0.371957,1.288546,314,1030,2.15723708e-03,0.677372,2.221954
1,952,7517,7523,3206.3,17333,13879,1.304001,0.844876,1041,688,2.15491588e-03,2.243267,1.482582
1,953,7523,7529,3210.1,9437,18859,0.25342,1.504848,216,1195,2.15259986e-03,0.464962,2.572357
1,954,7529,7537,3214.0,12889,14411,0.710097,0.912034,579,735,2.15028900e-03,1.245017,1.580462
1,955,7537,7541,3217.9,9511,9649,0.261239,0.279539,223,237,2.14798314e-03,0.479,0.509072
1,956,7541,7547,3221.8,18329,9811,1.428647,0.299987,1145,254,2.14568257e-03,2.456807,0.545003
1,957,7547,7549,3225.7,13633,12253,0.805935,0.623129,655,508,2.14338710e-03,1.403919,1.088841
1,958,7549,7559,3229.5,8839,8623,0.169335,0.140759,144,115,2.14109704e-03,0.308318,0.246226
1,959,7559,7561,3233.4,7823,10069,0.034652,0.331702,30,277,2.13881175e-03,0.064164,0.592451
1,960,7561,7573,3237.3,10601,8819,0.399842,0.164532,333,138,2.13653182e-03,0.711465,0.294841
1,961,7573,7577,3241.2,8951,11149,0.181338,0.471427,152,389,2.13425649e-03,0.324407,0.830226
1,962,7577,7583,3245.0,17987,8039,1.372016,0.060135,1101,49,2.13198633e-03,2.347317,0.104467
1,963,7583,7589,3248.9,7727,14633,0.018184,0.928186,18,751,2.12972119e-03,0.038335,1.599421
1,964,7589,7591,3252.8,7759,14387,0.022131,0.895271,21,721,2.12746104e-03,0.044677,1.533899
1,965,7591,7603,3256.7,11317,23293,0.488491,2.063659,403,1632,2.12520616e-03,0.856458,3.468336
1,966,7603,7607,3260.6,15121,15901,0.987774,1.090312,800,887,2.12295580e-03,1.698365,1.883062
1,967,7607,7621,3264.5,8447,7703,0.108385,0.01076,90,11,2.12071053e-03,0.190864,0.023328
1,968,7621,7639,3268.3,9781,9479,0.280403,0.240869,238,207,2.11846960e-03,0.504196,0.438523
1,969,7639,7643,3272.2,10133,12671,0.325788,0.657857,274,545,2.11623271e-03,0.579848,1.153347
1,970,7643,7649,3276.1,8863,10607,0.158714,0.386717,135,324,2.11400087e-03,0.28539,0.684936
1,971,7649,7669,3280.0,7759,11969,0.011736,0.560699,14,464,2.11177391e-03,0.029565,0.979863
1,972,7669,7673,3283.9,11047,8209,0.439724,0.069855,366,57,2.10955080e-03,0.772096,0.120244
1,973,7673,7681,3287.8,9461,15629,0.231741,1.034761,198,849,2.10733270e-03,0.417252,1.789125
1,974,7681,7687,3291.6,14621,8209,0.902042,0.067907,737,55,2.10511929e-03,1.551473,0.115782
1,975,7687,7691,3295.5,14519,8623,0.887791,0.121181,725,98,2.10291071e-03,1.52461,0.206085
1,976,7691,7699,3299.4,13217,12119,0.716716,0.574101,595,476,2.10070708e-03,1.249921,0.999937
1,977,7699,7703,3303.3,13183,11273,0.711411,0.463456,592,386,2.09850809e-03,1.242317,0.810024
1,978,7703,7717,3307.2,23741,9007,2.076455,0.167163,1661,141,2.09631403e-03,3.481978,0.29558
1,979,7717,7723,3311.1,13291,7759,0.720963,0.004661,599,6,2.09412417e-03,1.25438,0.012565
1,980,7723,7727,3315.0,8537,12119,0.104827,0.568397,84,472,2.09193904e-03,0.175723,0.987395
1,981,7727,7741,3318.8,9551,8513,0.23382,0.099729,202,80,2.08975880e-03,0.422131,0.167181
1,982,7741,7753,3322.7,21341,9787,1.752612,0.26235,1414,225,2.08758270e-03,2.951842,0.469706
1,983,7753,7757,3326.6,9721,13879,0.253191,0.789223,216,657,2.08541090e-03,0.450449,1.370115
1,984,7757,7759,3330.5,8111,10039,0.045367,0.293852,36,249,2.08324392e-03,0.074997,0.518728
1,985,7759,7789,3334.4,12437,9661,0.596739,0.240339,500,208,2.08108189e-03,1.040541,0.432865
1,986,7789,7793,3338.3,10973,8089,0.408059,0.037983,346,31,2.07892285e-03,0.719307,0.064447
1,987,7793,7817,3342.2,8783,17257,0.123577,1.207624,108,999,2.07676861e-03,0.224291,2.074692
1,988,7817,7823,3346.1,8501,9433,0.086668,0.205803,72,180,2.07461776e-03,0.149372,0.373431
1,989,7823,7829,3350.0,9421,7873,0.203347,0.00562,177,5,2.07247154e-03,0.366827,0.010362
1,990,7829,7841,3353.9,8867,8017,0.130851,0.022446,116,20,2.07032993e-03,0.240158,0.041407
1,991,7841,7853,3357.8,10607,9733,0.350694,0.239399,303,209,2.06819250e-03,0.626662,0.432252
1,992,7853,7867,3361.7,10091,13681,0.2827,0.739036,246,624,2.06605925e-03,0.508251,1.289221
1,993,7867,7873,3365.6,8287,8941,0.052585,0.135653,46,119,2.06393003e-03,0.094941,0.245608
1,994,7873,7877,3369.4,10009,14011,0.270661,0.778723,237,660,2.06180536e-03,0.488648,1.360792
1,995,7877,7879,3373.3,9871,8893,0.252824,0.128697,223,113,2.05968536e-03,0.45931,0.232744
1,996,7879,7883,3377.2,12763,8431,0.619054,0.069517,527,59,2.05757016e-03,1.084339,0.121397
1,997,7883,7901,3381.1,11383,9413,0.440704,0.191368,377,167,2.05545960e-03,0.774908,0.343262
1,998,7901,7907,3385.0,8831,12347,0.116858,0.561528,102,477,2.05335273e-03,0.209442,0.979449
1,999,7907,7919,3388.9,8377,8669,0.057836,0.094709,50,80,2.05125035e-03,0.102563,0.1641
1,1000,7919,7927,3392.8,8719,9377,0.099912,0.182919,87,160,2.04915204e-03,0.178276,0.327864
1,1001,7927,7933,3396.7,8831,8263,0.113198,0.041598,99,35,2.04705806e-03,0.202659,0.071647
1,1002,7933,7937,3400.6,8573,13967,0.080131,0.759733,66,648,2.04496852e-03,0.134968,1.32514
1,1003,7937,7949,3404.5,20477,9239,1.576047,0.162285,1308,142,2.04288353e-03,2.672092,0.290089
1,1004,7949,7951,3408.4,20981,13451,1.638788,0.691737,1355,590,2.04080257e-03,2.765287,1.204074
1,1005,7951,7963,3412.3,14771,8581,0.854954,0.077609,726,64,2.03872627e-03,1.480115,0.130478
1,1006,7963,7993,3416.2,8719,8863,0.090829,0.108845,81,99,2.03665396e-03,0.164969,0.201629
1,1007,7993,8009,3420.1,14051,15331,0.754401,0.914222,650,785,2.03458449e-03,1.32248,1.597149
1,1008,8009,8011,3424.0,14221,9011,0.775184,0.124828,664,112,2.03251873e-03,1.349592,0.227642
1,1009,8011,8017,3427.9,9721,8171,0.212548,0.019209,190,17,2.03045759e-03,0.385787,0.034518
1,1010,8017,8039,3431.8,10903,12941,0.356263,0.609777,316,531,2.02840079e-03,0.640975,1.077081
1,1011,8039,8053,3435.8,9067,11897,0.125916,0.477338,116,414,2.02634730e-03,0.235056,0.838908
1,1012,8053,8059,3439.7,9181,15061,0.139223,0.868842,126,747,2.02429762e-03,0.255061,1.51215
1,1013,8059,8069,3443.6,10333,15307,0.28058,0.897013,255,775,2.02225224e-03,0.515674,1.567245
1,1014,8069,8081,3447.5,11411,18913,0.412078,1.340428,363,1138,2.02021091e-03,0.733337,2.299
1,1015,8081,8087,3451.4,15767,9689,0.949672,0.198096,824,181,2.01817348e-03,1.662975,0.365289
1,1016,8087,8089,3455.3,14029,13367,0.734331,0.652491,639,570,2.01614031e-03,1.288314,1.1492
1,1017,8089,8093,3459.2,8923,13421,0.102558,0.658347,92,575,2.01411164e-03,0.185298,1.158114
1,1018,8093,8101,3463.1,16229,9497,1.003333,0.172324,868,159,2.01208734e-03,1.746492,0.319922
1,1019,8101,8111,3467.0,22271,13267,1.745777,0.63568,1474,558,2.01006714e-03,2.962839,1.121617
1,1020,8111,8117,3470.9,12689,9857,0.563262,0.214365,495,196,2.00805090e-03,0.993985,0.393578
1,1021,8117,8123,3474.8,11353,14699,0.397636,0.809553,351,699,2.00603886e-03,0.70412,1.402221
1,1022,8123,8147,3478.7,9833,9883,0.206947,0.213085,191,197,2.00403100e-03,0.38277,0.394794
1,1023,8147,8161,3482.6,20123,10861,1.465752,0.330842,1253,298,2.00202622e-03,2.508539,0.596604
1,1024,8161,8167,3486.6,21107,9173,1.584425,0.123179,1349,113,2.00002512e-03,2.698034,0.226003
1,1025,8167,8171,3490.5,16903,9587,1.068657,0.173296,925,159,1.99802817e-03,1.848176,0.317686
1,1026,8171,8179,3494.4,9859,9227,0.205404,0.128133,191,118,1.99603549e-03,0.381243,0.235532
1,1027,8179,8191,3498.3,39769,12107,3.855207,0.478086,3153,422,1.99404680e-03,6.28723,0.841488
1,1028,8191,8209,3502.2,18047,15859,1.198441,0.931904,1040,820,1.99206188e-03,2.071744,1.633491
1,1029,8209,8219,3506.1,12619,12379,0.535345,0.506144,479,449,1.99008034e-03,0.953248,0.893546
1,1030,8219,8221,3510.0,19001,9349,1.311276,0.13721,1129,128,1.98810265e-03,2.244568,0.254477
1,1031,8221,8231,3514.0,12907,13649,0.568096,0.658243,505,582,1.98612928e-03,1.002995,1.155927
1,1032,8231,8233,3517.9,10993,10271,0.335236,0.24754,303,228,1.98415974e-03,0.6012,0.452388
1,1033,8233,8237,3521.8,14639,10181,0.777225,0.236008,682,218,1.98219450e-03,1.351857,0.432118
1,1034,8237,8243,3525.7,11617,9227,0.409317,0.119374,363,110,1.98023341e-03,0.718825,0.217826
1,1035,8243,8263,3529.6,32771,11351,2.965993,0.373714,2478,336,1.97827635e-03,4.902169,0.664701
1,1036,8263,8269,3533.5,14029,8623,0.696578,0.04281,619,37,1.97632249e-03,1.223344,0.073124
1,1037,8269,8273,3537.5,17747,14387,1.145171,0.739031,1000,648,1.97437263e-03,1.974373,1.279393
1,1038,8273,8287,3541.4,9749,10357,0.176421,0.249789,165,233,1.97242689e-03,0.32545,0.459575
1,1039,8287,8291,3545.3,13669,10889,0.648655,0.313352,575,285,1.97048466e-03,1.133029,0.561588
1,1040,8291,8293,3549.2,9871,9749,0.190281,0.17557,178,163,1.96854652e-03,0.350401,0.320873
1,1041,8293,8297,3553.1,9241,13903,0.113776,0.675666,105,602,1.96661257e-03,0.206494,1.183901
1,1042,8297,8311,3557.0,12583,15217,0.514018,0.830947,461,734,1.96468268e-03,0.905719,1.442077
1,1043,8311,8317,3561.0,10909,8753,0.311651,0.052423,284,49,1.96275626e-03,0.557423,0.096175
1,1044,8317,8329,3564.9,15121,11273,0.815464,0.353464,722,319,1.96083376e-03,1.415722,0.625506
1,1045,8329,8353,3568.8,16421,9521,0.965881,0.13983,858,134,1.95891484e-03,1.680749,0.262495
1,1046,8353,8363,3572.7,9103,9767,0.088485,0.167882,83,158,1.95699879e-03,0.162431,0.309206
1,1047,8363,8369,3576.6,20809,21247,1.486438,1.538774,1297,1341,1.95508641e-03,2.535747,2.621771
1,1048,8369,8377,3580.6,9227,15859,0.101468,0.89316,96,800,1.95317791e-03,0.187505,1.562542
1,1049,8377,8387,3584.5,8681,11131,0.035054,0.327173,32,300,1.95127317e-03,0.062441,0.585382
1,1050,8387,8389,3588.4,10433,8431,0.243652,0.005007,227,5,1.94937205e-03,0.442507,0.009747
1,1051,8389,8419,3592.3,59981,9283,6.12448,0.102625,5005,99,1.94747501e-03,9.747112,0.1928
1,1052,8419,8423,3596.3,16057,8707,0.906328,0.033717,814,33,1.94558047e-03,1.583703,0.064204
1,1053,8423,8429,3600.2,12517,8971,0.484992,0.064302,442,63,1.94368987e-03,0.859111,0.122452
1,1054,8429,8431,3604.1,9907,13249,0.175068,0.571462,168,521,1.94180309e-03,0.326223,1.011679
1,1055,8431,8443,3608.0,11897,10667,0.409096,0.263413,370,247,1.93992032e-03,0.717771,0.47916
1,1056,8443,8447,3612.0,8563,13469,0.013733,0.594531,11,541,1.93804102e-03,0.021318,1.04848
1,1057,8447,8461,3615.9,8599,16141,0.01631,0.907694,14,822,1.93616561e-03,0.027106,1.591528
1,1058,8461,8467,3619.8,23369,9479,1.760009,0.119523,1547,117,1.93429353e-03,2.992352,0.226312
1,1059,8467,8501,3623.8,18149,10357,1.134925,0.218327,1022,212,1.93242521e-03,1.974939,0.409674
1,1060,8501,8513,3627.7,9697,11981,0.139081,0.407377,137,377,1.93055912e-03,0.264487,0.727821
1,1061,8513,8521,3631.6,16033,9059,0.881587,0.063138,804,65,1.92869646e-03,1.550672,0.125365
1,1062,8521,8527,3635.5,9551,13577,0.120089,0.592236,121,544,1.92683741e-03,0.233147,1.0482
1,1063,8527,8537,3639.5,29339,10259,2.436687,0.20171,2125,195,1.92498209e-03,4.090587,0.375372
1,1064,8537,8539,3643.4,13043,12923,0.527462,0.513409,490,476,1.92313027e-03,0.942334,0.91541
1,1065,8539,8543,3647.3,20981,10163,1.455929,0.189629,1294,183,1.92128236e-03,2.486139,0.351595
1,1066,8543,8563,3651.3,9377,24181,0.09506,1.823893,94,1626,1.91943824e-03,0.180427,3.121007
1,1067,8563,8573,3655.2,25643,9377,1.991135,0.093783,1758,93,1.91759706e-03,3.371136,0.178337
1,1068,8573,8581,3659.1,9013,9689,0.050344,0.129122,53,128,1.91575934e-03,0.101535,0.245217
1,1069,8581,8597,3663.1,8647,9209,0.005816,0.071188,8,73,1.91392517e-03,0.015311,0.139717
1,1070,8597,8599,3667.0,20231,9539,1.352715,0.109315,1217,111,1.91209412e-03,2.327019,0.212242
1,1071,8599,8609,3670.9,9311,18793,0.081543,1.182948,81,1073,1.91026692e-03,0.154732,2.049716
1,1072,8609,8623,3674.9,14717,23687,0.706715,1.746956,650,1564,1.90844314e-03,1.240488,2.984805
1,1073,8623,8627,3678.8,11633,10069,0.348441,0.16715,326,163,1.90662256e-03,0.621559,0.310779
1,1074,8627,8629,3682.7,19333,15679,1.240468,0.817012,1117,756,1.90480569e-03,2.127668,1.440033
1,1075,8629,8641,3686.7,20921,11719,1.421132,0.356209,1278,332,1.90299262e-03,2.432025,0.631794
1,1076,8641,8647,3690.6,10223,10627,0.18226,0.228981,178,220,1.90118282e-03,0.338411,0.41826
1,1077,8647,8663,3694.6,10313,10513,0.190465,0.213552,188,209,1.89937661e-03,0.357083,0.39697
1,1078,8663,8669,3698.5,10477,9733,0.208559,0.122736,204,122,1.89757344e-03,0.387105,0.231504
1,1079,8669,8677,3702.4,8929,10091,0.029042,0.16296,31,159,1.89577383e-03,0.058769,0.301428
1,1080,8677,8681,3706.4,9137,9643,0.052529,0.110817,53,111,1.89397767e-03,0.100381,0.210232
1,1081,8681,8689,3710.3,12821,10177,0.475544,0.171251,447,169,1.89218514e-03,0.845807,0.319779
1,1082,8689,8693,3714.2,9677,8951,0.113195,0.029679,112,31,1.89039603e-03,0.211724,0.058602
1,1083,8693,8699,3718.2,14341,8713,0.64858,0.001609,599,3,1.88861054e-03,1.131278,0.005666
1,1084,8699,8707,3722.1,17321,10103,0.989319,0.160331,907,157,1.88682854e-03,1.711353,0.296232
1,1085,8707,8713,3726.1,15859,11807,0.820154,0.355102,763,330,1.88504995e-03,1.438293,0.622066
1,1086,8713,8719,3730.0,19273,22727,1.21046,1.606606,1100,1454,1.88327483e-03,2.071602,2.738282
1,1087,8719,8731,3733.9,26953,9059,2.087046,0.037567,1870,39,1.88150318e-03,3.518411,0.073379
1,1088,8731,8737,3737.9,12379,9769,0.416848,0.118118,390,117,1.87973470e-03,0.733097,0.219929
1,1089,8737,8741,3741.8,12497,20389,0.429699,1.332571,403,1214,1.87796967e-03,0.756822,2.279855
1,1090,8741,8747,3745.8,10957,8849,0.252658,0.011661,241,13,1.87620818e-03,0.452166,0.024391
1,1091,8747,8753,3749.7,15569,23909,0.778704,1.731521,725,1569,1.87445013e-03,1.358976,2.941012
1,1092,8753,8761,3753.7,15727,37589,0.795115,3.290492,740,2890,1.87269549e-03,1.385795,5.41209
1,1093,8761,8779,3757.6,13751,10687,0.566352,0.217337,533,210,1.87094417e-03,0.997213,0.392898
1,1094,8779,8783,3761.5,14699,19031,0.673574,1.166799,626,1068,1.86919567e-03,1.170116,1.996301
1,1095,8783,8803,3765.5,12703,17333,0.443031,0.968988,422,898,1.86745065e-03,0.788064,1.676971
1,1096,8803,8807,3769.4,11927,9787,0.354264,0.111275,333,111,1.86570834e-03,0.621281,0.207094
1,1097,8807,8819,3773.4,28541,12743,2.236308,0.444948,2007,424,1.86396950e-03,3.740987,0.790323
1,1098,8819,8821,3777.3,9463,8821,0.072781,0.0,74,1,1.86223374e-03,0.137805,0.001862
1,1099,8821,8831,3781.3,10039,11471,0.136791,0.298947,134,284,1.86050153e-03,0.249307,0.528382
1,1100,8831,8837,3785.2,13879,12049,0.570556,0.363472,540,344,1.85877247e-03,1.003737,0.639418
1,1101,8837,8839,3789.2,22973,24151,1.59905,1.732323,1462,1588,1.85704675e-03,2.715002,2.94899
1,1102,8839,8849,3793.1,10343,21179,0.168833,1.393378,168,1279,1.85532455e-03,0.311695,2.37296
1,1103,8849,8861,3797.0,11719,13679,0.322537,0.543731,304,512,1.85360548e-03,0.563496,0.949046
1,1104,8861,8863,3801.0,35251,15137,2.977321,0.707887,2651,664,1.85188943e-03,4.909359,1.229655
1,1105,8863,8867,3804.9,11239,11971,0.267509,0.350062,253,331,1.85017687e-03,0.468095,0.612409
1,1106,8867,8887,3808.9,10937,10069,0.230674,0.133003,222,130,1.84846770e-03,0.41036,0.240301
1,1107,8887,8893,3812.8,9137,10133,0.027437,0.139436,26,136,1.84676114e-03,0.048016,0.25116
1,1108,8893,8923,3816.8,24083,12323,1.69898,0.381038,1571,364,1.84505786e-03,2.898586,0.671601
1,1109,8923,8929,3820.7,9371,11621,0.049502,0.30149,50,289,1.84335672e-03,0.092168,0.53273
1,1110,8929,8933,3824.7,16189,9511,0.812269,0.064704,772,68,1.84165883e-03,1.421761,0.125233
1,1111,8933,8941,3828.6,14177,17837,0.585617,0.994967,558,934,1.83996429e-03,1.0267,1.718527
1,1112,8941,8951,3832.6,10177,9221,0.136968,0.030164,138,31,1.83827289e-03,0.253682,0.056986
1,1113,8951,8963,3836.5,14947,9091,0.667634,0.014281,637,15,1.83658454e-03,1.169904,0.027549
1,1114,8963,8969,3840.5,19571,17387,1.182072,0.938566,1106,885,1.83489914e-03,2.029398,1.623886
1,1115,8969,8971,3844.4,11821,8971,0.31769,0.0,302,1,1.83321695e-03,0.553632,0.001833
1,1116,8971,8999,3848.4,15101,9349,0.678075,0.038893,648,42,1.83153814e-03,1.186837,0.076925
1,1117,8999,9001,3852.4,15427,22531,0.713921,1.503166,685,1401,1.82986153e-03,1.253455,2.563636
1,1118,9001,9007,3856.3,12263,13577,0.361497,0.507383,348,488,1.82818828e-03,0.63621,0.892156
1,1119,9007,9011,3860.3,21851,12659,1.424925,0.404839,1332,394,1.82651821e-03,2.432922,0.719648
1,1120,9011,9013,3864.2,10601,10333,0.17619,0.146455,173,148,1.82485141e-03,0.315699,0.270078
1,1121,9013,9029,3868.2,9281,9293,0.02791,0.029239,28,30,1.82318794e-03,0.051049,0.054696
1,1122,9029,9041,3872.1,22571,19553,1.496516,1.162703,1401,1096,1.82152717e-03,2.55196,1.996394
1,1123,9041,9043,3876.1,10391,14389,0.149066,0.591175,150,563,1.81986928e-03,0.27298,1.024586
1,1124,9043,9049,3880.0,9467,15299,0.046193,0.690684,49,663,1.81821470e-03,0.089093,1.205476
1,1125,9049,9059,3884.0,11177,12611,0.233801,0.392096,230,381,1.81656324e-03,0.41781,0.692111
1,1126,9059,9067,3888.0,11287,19913,0.244844,1.196206,239,1125,1.81491473e-03,0.433765,2.041779
1,1127,9067,9091,3891.9,14783,10853,0.626114,0.193818,606,192,1.81326923e-03,1.098841,0.348148
1,1128,9091,9103,3895.9,9497,10607,0.043282,0.16522,49,166,1.81162604e-03,0.08877,0.30073
1,1129,9103,9109,3899.8,17467,11549,0.917554,0.267867,879,262,1.80998567e-03,1.590977,0.474216
1,1130,9109,9127,3903.8,12347,10853,0.352799,0.189109,345,189,1.80834839e-03,0.62388,0.341778
1,1131,9127,9133,3907.8,14779,21557,0.618198,1.360342,601,1287,1.80671367e-03,1.085835,2.32524
1,1132,9133,9137,3911.7,12823,14431,0.403415,0.579402,397,560,1.80508201e-03,0.716618,1.010846
1,1133,9137,9151,3915.7,12157,18289,0.328489,0.998579,322,963,1.80345350e-03,0.580712,1.736726
1,1134,9151,9157,3919.6,19417,13121,1.120454,0.432893,1064,427,1.80182770e-03,1.917145,0.76938
1,1135,9157,9161,3923.6,9787,9859,0.068333,0.076193,72,82,1.80020494e-03,0.129615,0.147617
1,1136,9161,9173,3927.6,10667,15439,0.162869,0.683092,166,667,1.79858531e-03,0.298565,1.199656
1,1137,9173,9181,3931.5,15443,20753,0.682061,1.260429,667,1201,1.79696844e-03,1.198578,2.158159
1,1138,9181,9187,3935.5,16477,14713,0.793513,0.601502,771,583,1.79535451e-03,1.384218,1.046692
1,1139,9187,9199,3939.4,21851,17029,1.375367,0.851179,1312,825,1.79374359e-03,2.353392,1.479838
1,1140,9199,9203,3943.4,9787,11447,0.063458,0.243834,67,241,1.79213542e-03,0.120073,0.431905
1,1141,9203,9209,3947.4,11353,12841,0.232816,0.394397,231,390,1.79053032e-03,0.413613,0.698307
1,1142,9209,9221,3951.3,16267,19681,0.764125,1.134367,748,1085,1.78892822e-03,1.338118,1.940987
1,1143,9221,9227,3955.3,12497,32611,0.354395,2.534302,349,2358,1.78732883e-03,0.623778,4.214521
1,1144,9227,9239,3959.3,9689,15887,0.048707,0.719558,52,707,1.78573242e-03,0.092858,1.262513
1,1145,9239,9241,3963.2,10831,25763,0.172059,1.787902,171,1692,1.78413872e-03,0.305088,3.018763
1,1146,9241,9257,3967.2,14551,11959,0.571892,0.291887,559,288,1.78254815e-03,0.996444,0.513374
1,1147,9257,9277,3971.2,9619,13499,0.036865,0.455104,40,453,1.78096010e-03,0.071238,0.806775
1,1148,9277,9281,3975.1,18457,12227,0.988687,0.317423,967,313,1.77937440e-03,1.720655,0.556944
1,1149,9281,9283,3979.1,13249,28771,0.427233,2.099321,426,1985,1.77779172e-03,0.757339,3.528917
1,1150,9283,9293,3983.1,10103,9677,0.087162,0.041321,91,44,1.77621214e-03,0.161635,0.078153
1,1151,9293,9311,3987.0,10247,20287,0.100526,1.178821,105,1141,1.77463530e-03,0.186337,2.024859
1,1152,9311,9319,3991.0,17609,12041,0.88958,0.292091,873,290,1.77306088e-03,1.547882,0.514188
1,1153,9319,9323,3995.0,17041,16927,0.827845,0.815617,813,799,1.77148928e-03,1.440221,1.41542
1,1154,9323,9337,3998.9,11959,22871,0.280818,1.449502,280,1400,1.76992065e-03,0.495578,2.477889
1,1155,9337,9341,4002.9,9629,13691,0.030832,0.465689,34,463,1.76835458e-03,0.060124,0.818748
1,1156,9341,9343,4006.9,26879,13859,1.876913,0.483357,1792,481,1.76679148e-03,3.16609,0.849827
1,1157,9343,9349,4010.9,31177,15083,2.334795,0.613328,2201,605,1.76523140e-03,3.885274,1.067965
1,1158,9349,9371,4014.8,14629,10891,0.561093,0.162203,555,167,1.76367419e-03,0.978839,0.294534
1,1159,9371,9377,4018.8,15277,11443,0.629199,0.220326,625,221,1.76211919e-03,1.101324,0.389428
1,1160,9377,9391,4022.8,9829,13043,0.04664,0.388883,52,394,1.76056703e-03,0.091549,0.693663
1,1161,9391,9397,4026.7,9767,9679,0.039374,0.03001,43,34,1.75901740e-03,0.075638,0.059807
1,1162,9397,9403,4030.7,11959,12841,0.271828,0.365628,272,369,1.75747060e-03,0.478032,0.648507
1,1163,9403,9413,4034.7,21017,15139,1.232763,0.608308,1201,606,1.75592662e-03,2.108868,1.064092
1,1164,9413,9419,4038.7,11059,12101,0.174116,0.284744,176,284,1.75438531e-03,0.308772,0.498245
1,1165,9419,9421,4042.6,17989,9907,0.909458,0.051587,899,57,1.75284680e-03,1.575809,0.099912
1,1166,9421,9431,4046.6,11087,14537,0.175591,0.541406,178,536,1.75131126e-03,0.311733,0.938703
1,1167,9431,9433,4050.6,11317,13597,0.199724,0.441429,201,441,1.74977836e-03,0.351705,0.771652
1,1168,9433,9437,4054.6,10039,24971,0.063791,1.646074,65,1591,1.74824840e-03,0.113636,2.781463
1,1169,9437,9439,4058.5,15377,11971,0.629092,0.268249,628,267,1.74672130e-03,1.096941,0.466375
1,1170,9439,9461,4062.5,10559,19289,0.116055,1.038791,119,1017,1.74519712e-03,0.207678,1.774865
1,1171,9461,9463,4066.5,22279,15527,1.354327,0.640812,1325,641,1.74367509e-03,2.310369,1.117696
1,1172,9463,9467,4070.5,23269,29287,1.457906,2.093588,1422,2010,1.74215597e-03,2.477346,3.501733
1,1173,9467,9473,4074.4,12071,19417,0.274253,1.04972,272,1025,1.74063967e-03,0.473454,1.784156
1,1174,9473,9479,4078.4,12659,15749,0.335478,0.661462,339,663,1.73912612e-03,0.589564,1.153041
1,1175,9479,9491,4082.4,17107,10733,0.802444,0.130861,797,134,1.73761531e-03,1.384879,0.23284
1,1176,9491,9497,4086.4,11149,13309,0.17395,0.40139,174,404,1.73610699e-03,0.302083,0.701387
1,1177,9497,9511,4090.3,19009,21179,0.998633,1.22679,983,1204,1.73460139e-03,1.705113,2.08846
1,1178,9511,9521,4094.3,24977,11467,1.623359,0.20439,1582,204,1.73309819e-03,2.741761,0.353552
1,1179,9521,9533,4098.3,16001,12107,0.678485,0.270009,684,270,1.73159755e-03,1.184413,0.467531
1,1180,9533,9539,4102.3,11527,15319,0.208408,0.605934,210,610,1.73009938e-03,0.363321,1.055361
1,1181,9539,9547,4106.3,23789,13553,1.491778,0.419608,1465,423,1.72860390e-03,2.532405,0.731199
1,1182,9547,9551,4110.2,12553,9811,0.314313,0.027222,318,28,1.72711103e-03,0.549221,0.048359
1,1183,9551,9587,4114.2,11593,10477,0.209242,0.092834,212,99,1.72562092e-03,0.365832,0.170836
1,1184,9587,9601,4118.2,10883,10639,0.133528,0.108114,139,114,1.72413235e-03,0.239654,0.196551
1,1185,9601,9613,4122.2,22391,39841,1.329242,3.144492,1321,3003,1.72264614e-03,2.275616,5.173106
1,1186,9613,9619,4126.2,18583,10723,0.931906,0.114773,940,121,1.72116237e-03,1.617893,0.208261
1,1187,9619,9623,4130.2,12583,23857,0.307596,1.479165,316,1466,1.71968125e-03,0.543419,2.521053
1,1188,9623,9629,4134.1,15797,17791,0.640565,0.847648,655,854,1.71820286e-03,1.125423,1.467345
1,1189,9629,9631,4138.1,13757,12487,0.428408,0.296542,438,301,1.71672711e-03,0.751926,0.516735
1,1190,9631,9643,4142.1,20023,13147,1.076428,0.363372,1075,373,1.71525415e-03,1.843898,0.63979
1,1191,9643,9649,4146.1,11657,14423,0.208104,0.494766,209,500,1.71378358e-03,0.358181,0.856892
1,1192,9649,9661,4150.1,9941,23321,0.028983,1.413932,34,1408,1.71231564e-03,0.058219,2.41094
1,1193,9661,9677,4154.1,14387,10987,0.486721,0.135373,492,141,1.71085009e-03,0.841738,0.24123
1,1194,9677,9679,4158.0,10103,12301,0.043806,0.270896,47,277,1.70938678e-03,0.080341,0.4735
1,1195,9679,9689,4162.0,22453,20347,1.31737,1.10001,1317,1103,1.70792621e-03,2.249339,1.883843
1,1196,9689,9697,4166.0,14557,11743,0.501186,0.210993,510,213,1.70646810e-03,0.870299,0.363478
1,1197,9697,9719,4170.0,10531,13879,0.083548,0.428028,91,443,1.70501249e-03,0.155156,0.755321
1,1198,9719,9721,4174.0,16649,10613,0.712684,0.09176,727,97,1.70355889e-03,1.238487,0.165245
1,1199,9721,9733,4178.0,12583,29347,0.292818,2.015206,304,1990,1.70210801e-03,0.517441,3.387195
1,1200,9733,9739,4182.0,28069,29453,1.882123,2.024232,1862,2001,1.70065947e-03,3.166628,3.40302
1,1201,9739,9743,4186.0,9787,12671,0.004516,0.300523,6,313,1.69921350e-03,0.010195,0.531854
1,1202,9743,9749,4189.9,9941,16477,0.019694,0.690122,24,707,1.69777016e-03,0.040746,1.200324
1,1203,9749,9767,4193.9,13567,13313,0.389065,0.363059,402,378,1.69632937e-03,0.681924,0.641213
1,1204,9767,9769,4197.9,11311,23531,0.157846,1.408742,163,1411,1.69489068e-03,0.276267,2.391491
1,1205,9769,9781,4201.9,11551,11393,0.180963,0.164809,187,170,1.69345468e-03,0.316676,0.287887
1,1206,9781,9787,4205.9,11213,12973,0.145703,0.325534,151,339,1.69202099e-03,0.255495,0.573595
1,1207,9787,9791,4209.9,19843,22193,1.026657,1.266673,1038,1282,1.69058982e-03,1.754832,2.167336
1,1208,9791,9803,4213.9,10091,16979,0.029379,0.732021,30,749,1.68916125e-03,0.050675,1.265182
1,1209,9803,9811,4217.9,11251,15803,0.146774,0.610743,151,635,1.68773496e-03,0.254848,1.071712
1,1210,9811,9817,4221.9,10151,10429,0.034023,0.062341,36,66,1.68631111e-03,0.060707,0.111297
1,1211,9817,9829,4225.9,25621,13313,1.606674,0.354461,1611,370,1.68488976e-03,2.714357,0.623409
1,1212,9829,9833,4229.8,13309,11981,0.353504,0.218448,368,225,1.68347069e-03,0.619517,0.378781
1,1213,9833,9839,4233.8,21859,48157,1.221669,3.894501,1239,3745,1.68205417e-03,2.084065,6.299293
1,1214,9839,9851,4237.8,13241,22273,0.344127,1.260989,360,1280,1.68064012e-03,0.60503,2.151219
1,1215,9851,9857,4241.8,11789,13807,0.196003,0.40073,198,418,1.67922834e-03,0.332487,0.701917
1,1216,9857,9859,4245.8,13003,15217,0.318896,0.543463,333,560,1.67781903e-03,0.558714,0.939579
1,1217,9859,9871,4249.8,17107,12119,0.733056,0.227738,755,235,1.67641231e-03,1.265691,0.393957
1,1218,9871,9883,4253.8,15017,13723,0.519478,0.388546,538,406,1.67500783e-03,0.901154,0.680053
1,1219,9883,9887,4257.8,19013,11587,0.92303,0.171943,942,175,1.67360560e-03,1.576536,0.292881
1,1220,9887,9901,4261.8,31321,10771,2.163418,0.08787,2156,92,1.67220587e-03,3.605276,0.153843
1,1221,9901,9907,4265.8,10987,15061,0.109014,0.520238,113,538,1.67080830e-03,0.188801,0.898895
1,1222,9907,9923,4269.8,12163,14851,0.225738,0.496624,235,518,1.66941316e-03,0.392312,0.864756
1,1223,9923,9929,4273.8,19979,19273,1.012187,0.941082,1036,963,1.66802010e-03,1.728069,1.606303
1,1224,9929,9931,4277.8,11549,17827,0.162924,0.795086,167,820,1.66662946e-03,0.278327,1.366636
1,1225,9931,9941,4281.8,10883,14149,0.094759,0.423297,98,440,1.66524136e-03,0.163194,0.732706
1,1226,9941,9949,4285.8,11743,29501,0.18032,1.965223,183,1978,1.66385553e-03,0.304486,3.291106
1,1227,9949,9967,4289.8,12269,12289,0.230962,0.232969,240,243,1.66247203e-03,0.398993,0.403981
1,1228,9967,9973,4293.8,11969,12113,0.20014,0.214579,207,223,1.66109052e-03,0.343846,0.370423
1,1229,9973,10007,4297.8,11827,12821,0.181873,0.281203,189,299,1.65971139e-03,0.313685,0.496254
1,1230,10007,10009,4301.8,15919,12343,0.590469,0.23319,626,244,1.65833371e-03,1.038117,0.404633
1,1231,10009,10037,4305.8,22157,13411,1.207532,0.336156,1254,359,1.65695854e-03,2.077826,0.594848
1,1232,10037,10039,4309.8,10733,16381,0.06913,0.631736,77,668,1.65558501e-03,0.12748,1.105931
1,1233,10039,10061,4313.8,12697,10429,0.262002,0.036577,283,43,1.65421398e-03,0.468143,0.071131
1,1234,10061,10067,4317.8,15937,17971,0.583093,0.78514,624,826,1.65284479e-03,1.031375,1.36525
1,1235,10067,10069,4321.8,11909,13591,0.182739,0.349786,192,372,1.65147795e-03,0.317084,0.61435
1,1236,10069,10079,4325.8,13553,15497,0.344677,0.537553,368,574,1.65011359e-03,0.607242,0.947165
1,1237,10079,10091,4329.8,10957,10639,0.085819,0.054306,94,61,1.64875144e-03,0.154983,0.100574
1,1238,10091,10093,4333.8,17989,11953,0.782324,0.184286,826,195,1.64739143e-03,1.360745,0.321241
1,1239,10093,10099,4337.8,14887,35363,0.474106,2.501634,505,2528,1.64603389e-03,0.831247,4.161174
1,1240,10099,10103,4341.8,18793,11471,0.860141,0.135405,904,143,1.64467867e-03,1.48679,0.235189
1,1241,10103,10111,4345.8,11311,13183,0.118683,0.303828,126,328,1.64332584e-03,0.207059,0.539011
1,1242,10111,10133,4349.8,14779,20071,0.458502,0.980756,490,1028,1.64197525e-03,0.804568,1.687951
1,1243,10133,10139,4353.8,11831,14639,0.16688,0.443831,176,472,1.64062646e-03,0.28875,0.774376
1,1244,10139,10141,4357.8,28669,10513,1.827039,0.036683,1880,42,1.63927997e-03,3.081846,0.06885
1,1245,10141,10151,4361.8,16631,19927,0.638361,0.963058,678,1008,1.63793590e-03,1.110521,1.651039
1,1246,10151,10159,4365.8,16319,14143,0.606359,0.392165,647,418,1.63659400e-03,1.058876,0.684096
1,1247,10159,10163,4369.8,13763,11273,0.354226,0.10922,382,116,1.63525432e-03,0.624667,0.18969
1,1248,10163,10169,4373.9,12799,15227,0.258629,0.497394,278,529,1.63391698e-03,0.454229,0.864342
1,1249,10169,10177,4377.9,15913,16937,0.563624,0.664243,606,705,1.63258192e-03,0.989345,1.15097
1,1250,10177,10181,4381.9,16921,12527,0.662017,0.230429,701,246,1.63124906e-03,1.143506,0.401287
1,1251,10181,10193,4385.9,15199,11579,0.491121,0.135976,524,142,1.62991853e-03,0.854077,0.231448
1,1252,10193,10211,4389.9,22409,13763,1.194594,0.34786,1256,377,1.62859006e-03,2.045509,0.613978
1,1253,10211,10223,4393.9,11981,27017,0.171965,1.642766,184,1710,1.62726347e-03,0.299416,2.782621
1,1254,10223,10243,4397.9,18313,13241,0.787855,0.292688,846,320,1.62593893e-03,1.375544,0.5203
1,1255,10243,10247,4401.9,23117,10427,1.255977,0.017566,1326,20,1.62461621e-03,2.154241,0.032492
1,1256,10247,10253,4405.9,12601,11447,0.229006,0.116454,249,125,1.62329578e-03,0.404201,0.202912
1,1257,10253,10259,4409.9,18451,12409,0.798518,0.209572,857,224,1.62197758e-03,1.390035,0.363323
1,1258,10259,10267,4413.9,35573,10627,2.46479,0.035064,2530,38,1.62066160e-03,4.100274,0.061585
1,1259,10267,10271,4418.0,13799,13009,0.343491,0.266576,373,292,1.61934779e-03,0.604017,0.47285
1,1260,10271,10273,4422.0,14627,18451,0.423829,0.796067,452,854,1.61803625e-03,0.731352,1.381803
1,1261,10273,10289,4426.0,11149,14519,0.083584,0.411119,89,439,1.61672704e-03,0.143889,0.709743
1,1262,10289,10301,4430.0,11299,11149,0.096884,0.082322,104,88,1.61541973e-03,0.168004,0.142157
1,1263,10301,10303,4434.0,17989,12347,0.745996,0.198389,801,212,1.61411443e-03,1.292906,0.342192
1,1264,10303,10313,4438.0,14143,10433,0.371376,0.011636,400,13,1.61281144e-03,0.645125,0.020967
1,1265,10313,10321,4442.0,11257,12689,0.090689,0.229435,96,250,1.61151052e-03,0.154705,0.402878
1,1266,10321,10331,4446.0,13043,35281,0.262511,2.415061,288,2493,1.61021172e-03,0.463741,4.014258
1,1267,10331,10333,4450.1,11551,14533,0.117875,0.406465,125,434,1.60891498e-03,0.201114,0.698269
1,1268,10333,10337,4454.1,10399,13633,0.005998,0.318855,6,344,1.60762053e-03,0.009646,0.553021
1,1269,10337,10343,4458.1,36739,14593,2.552064,0.410906,2626,441,1.60632830e-03,4.218218,0.708391
1,1270,10343,10357,4462.1,17599,13217,0.699237,0.276142,754,301,1.60503824e-03,1.210199,0.483117
1,1271,10357,10369,4466.1,14107,14449,0.360498,0.393481,392,424,1.60375008e-03,0.62867,0.67999
1,1272,10369,10391,4470.1,14423,23971,0.388028,1.3069,419,1393,1.60246390e-03,0.671432,2.232232
1,1273,10391,10399,4474.1,17401,11483,0.673334,0.104241,729,111,1.60117938e-03,1.16726,0.177731
1,1274,10399,10427,4478.2,11027,14057,0.057543,0.348135,63,384,1.59989695e-03,0.100794,0.61436
1,1275,10427,10429,4482.2,13907,30013,0.333493,1.877841,369,1972,1.59861600e-03,0.589889,3.152471
1,1276,10429,10433,4486.2,18401,17573,0.76373,0.684367,832,744,1.59733730e-03,1.328985,1.188419
1,1277,10433,10453,4490.2,14879,11399,0.423419,0.0905,466,99,1.59606078e-03,0.743764,0.15801
1,1278,10453,10457,4494.2,12301,10837,0.176341,0.036339,193,39,1.59478598e-03,0.307794,0.062197
1,1279,10457,10459,4498.3,13907,13339,0.329668,0.275361,365,306,1.59351335e-03,0.581632,0.487615
1,1280,10459,10463,4502.3,16007,11057,0.529867,0.056771,584,59,1.59224295e-03,0.92987,0.093942
1,1281,10463,10477,4506.3,21277,11863,1.030829,0.13229,1109,141,1.59097471e-03,1.764391,0.224327
1,1282,10477,10487,4510.3,19937,20507,0.901116,0.955469,972,1032,1.58970834e-03,1.545197,1.640579
1,1283,10487,10499,4514.3,23789,13681,1.265835,0.303076,1363,333,1.58844395e-03,2.165049,0.528952
1,1284,10499,10501,4518.4,10631,11719,0.01238,0.115989,13,123,1.58718148e-03,0.020633,0.195223
1,1285,10501,10513,4522.4,13259,21713,0.2612,1.065348,291,1151,1.58592121e-03,0.461503,1.825395
1,1286,10513,10529,4526.4,11959,24181,0.135815,1.296609,148,1406,1.58466284e-03,0.23453,2.228036
1,1287,10529,10531,4530.4,15823,11909,0.502516,0.130852,560,140,1.58340627e-03,0.886708,0.221677
1,1288,10531,10559,4534.4,27773,13619,1.630268,0.2898,1743,322,1.58215188e-03,2.757691,0.509453
1,1289,10559,10567,4538.5,15877,17837,0.502508,0.687991,560,756,1.58089893e-03,0.885303,1.19516
1,1290,10567,10589,4542.5,12757,14633,0.204741,0.381906,232,424,1.57964798e-03,0.366478,0.669771
1,1291,10589,10597,4546.5,13313,11243,0.256299,0.060961,290,68,1.57839864e-03,0.457736,0.107331
1,1292,10597,10601,4550.5,13613,10859,0.284124,0.024337,317,28,1.57715130e-03,0.499957,0.04416
1,1293,10601,10607,4554.6,10847,13759,0.022627,0.297162,25,335,1.57590607e-03,0.039398,0.527929
1,1294,10607,10613,4558.6,18701,17909,0.762084,0.687459,841,758,1.57466287e-03,1.324291,1.193594
1,1295,10613,10627,4562.6,11701,13921,0.101063,0.309965,110,351,1.57342172e-03,0.173076,0.552271
1,1296,10627,10631,4566.6,28297,18691,1.661744,0.75816,1786,838,1.57218238e-03,2.807918,1.317489
1,1297,10631,10639,4570.7,23677,14009,1.225491,0.316759,1338,356,1.57094512e-03,2.101925,0.559256
1,1298,10639,10651,4574.7,16001,27893,0.5023,1.618815,565,1746,1.56970983e-03,0.886886,2.740713
1,1299,10651,10657,4578.7,14437,17291,0.354696,0.622502,394,688,1.56847640e-03,0.61798,1.079112
1,1300,10657,10663,4582.8,13457,12049,0.262028,0.129982,295,144,1.56724498e-03,0.462337,0.225683
1,1301,10663,10667,4586.8,12941,23057,0.213181,1.161526,240,1273,1.56601557e-03,0.375844,1.993538
1,1302,10667,10687,4590.8,26681,16223,1.496585,0.518013,1622,583,1.56478822e-03,2.538086,0.912272
1,1303,10687,10691,4594.8,16183,22817,0.513703,1.134225,577,1247,1.56356248e-03,0.902176,1.949762
1,1304,10691,10709,4598.9,12421,13297,0.159866,0.241666,179,275,1.56233880e-03,0.279659,0.429643
1,1305,10709,10711,4602.9,12781,21997,0.193259,1.053683,219,1159,1.56111678e-03,0.341885,1.809334
1,1306,10711,10723,4606.9,12841,11717,0.197519,0.092698,225,100,1.55989685e-03,0.350977,0.15599
1,1307,10723,10729,4611.0,16883,11243,0.573586,0.047908,640,52,1.55867875e-03,0.997554,0.081051
1,1308,10729,10733,4615.0,15289,21191,0.424485,0.974378,478,1075,1.55746262e-03,0.744467,1.674272
1,1309,10733,10739,4619.0,11657,23417,0.085483,1.180557,91,1299,1.55624852e-03,0.141619,2.021567
1,1310,10739,10753,4623.1,10957,43283,0.018971,3.025202,21,3207,1.55503639e-03,0.032656,4.987002
1,1311,10753,10771,4627.1,11971,11171,0.11141,0.037137,125,42,1.55382600e-03,0.194228,0.065261
1,1312,10771,10781,4631.1,28097,24481,1.606159,1.270754,1753,1405,1.55261725e-03,2.721738,2.181427
1,1313,10781,10789,4635.1,11399,14771,0.056539,0.36908,63,418,1.55141035e-03,0.097739,0.64849
1,1314,10789,10799,4639.2,17341,11933,0.605797,0.10501,680,116,1.55020535e-03,1.05414,0.179824
1,1315,10799,10831,4643.2,11923,12577,0.100822,0.161204,113,187,1.54900218e-03,0.175037,0.289663
1,1316,10831,10837,4647.2,11273,36497,0.040233,2.367814,47,2554,1.54780027e-03,0.072747,3.953082
1,1317,10837,10847,4651.3,19753,25423,0.821057,1.343782,919,1486,1.54660030e-03,1.421326,2.298248
1,1318,10847,10853,4655.3,12323,12809,0.135446,0.180227,154,209,1.54540215e-03,0.237992,0.322989
1,1319,10853,10859,4659.4,19141,22031,0.762685,1.028824,853,1149,1.54420593e-03,1.317208,1.774293
1,1320,10859,10861,4663.4,12713,16901,0.170518,0.556118,198,629,1.54301164e-03,0.305516,0.970554
1,1321,10861,10867,4667.4,12671,19541,0.166007,0.798196,193,895,1.54181938e-03,0.297571,1.379928
1,1322,10867,10883,4671.5,11633,34589,0.068915,2.17826,77,2372,1.54062903e-03,0.118628,3.654372
1,1323,10883,10889,4675.5,14081,14071,0.29314,0.292222,337,336,1.53944033e-03,0.518791,0.517252
1,1324,10889,10891,4679.5,11681,26539,0.072537,1.436783,78,1589,1.53825354e-03,0.119984,2.444285
1,1325,10891,10903,4683.6,11897,13309,0.091168,0.220673,100,255,1.53706875e-03,0.153707,0.391953
1,1326,10903,10909,4687.6,17203,11467,0.576955,0.05115,655,56,1.53588571e-03,1.006005,0.08601
1,1327,10909,10937,4691.6,13693,12763,0.251989,0.166956,292,196,1.53470456e-03,0.448134,0.300802
1,1328,10937,10939,4695.7,16787,14449,0.534601,0.32087,611,367,1.53352473e-03,0.936984,0.562804
1,1329,10939,10949,4699.7,17317,14369,0.581606,0.312357,661,355,1.53234689e-03,1.012881,0.543983
1,1330,10949,10957,4703.8,15161,14633,0.383682,0.335493,441,384,1.53117082e-03,0.675246,0.58797
1,1331,10957,10973,4707.8,22817,15511,1.079377,0.413561,1219,480,1.52999659e-03,1.865066,0.734398
1,1332,10973,10979,4711.8,11801,12011,0.07487,0.093998,82,108,1.52882397e-03,0.125364,0.165113
1,1333,10979,10987,4715.9,13999,12251,0.274142,0.115045,319,131,1.52765322e-03,0.487321,0.200123
1,1334,10987,10993,4719.9,14159,21839,0.288001,0.986628,333,1115,1.52648428e-03,0.508319,1.70203
1,1335,10993,11003,4724.0,12457,16087,0.132146,0.462056,152,537,1.52531721e-03,0.231848,0.819095
1,1336,11003,11027,4728.0,13693,16361,0.24177,0.483722,283,561,1.52415188e-03,0.431335,0.855049
1,1337,11027,11047,4732.1,18679,11491,0.690866,0.040192,796,49,1.52298796e-03,1.212298,0.074626
1,1338,11047,11057,4736.1,31333,12497,1.83377,0.130234,2040,154,1.52182553e-03,3.104524,0.234361
1,1339,11057,11059,4740.1,28789,13049,1.603219,0.179944,1796,216,1.52066485e-03,2.731114,0.328464
1,1340,11059,11069,4744.2,12743,14389,0.151233,0.299937,181,346,1.51950611e-03,0.275031,0.525749
1,1341,11069,11071,4748.2,16301,16631,0.472405,0.502213,551,582,1.51834910e-03,0.83661,0.883679
1,1342,11071,11083,4752.3,16111,15959,0.453668,0.439953,534,517,1.51719403e-03,0.810182,0.784389
1,1343,11083,11087,4756.3,15461,13669,0.394516,0.232885,463,271,1.51604063e-03,0.701927,0.410847
1,1344,11087,11093,4760.4,40253,16547,2.628685,0.491661,2884,571,1.51488911e-03,4.36894,0.865002
1,1345,11093,11113,4764.4,11177,27127,0.005759,1.441015,10,1630,1.51373941e-03,0.015137,2.467395
1,1346,11113,11117,4768.5,15269,13613,0.373482,0.224521,436,263,1.51259117e-03,0.65949,0.397811
1,1347,11117,11119,4772.5,13781,16091,0.23941,0.447163,283,526,1.51144480e-03,0.427739,0.79502
1,1348,11119,11131,4776.5,14407,11483,0.294313,0.031623,340,36,1.51030033e-03,0.513502,0.054371
1,1349,11131,11149,4780.6,11213,23761,0.00574,1.131223,8,1294,1.50915752e-03,0.012073,1.95285
1,1350,11149,11159,4784.6,25943,11701,1.32485,0.048571,1505,55,1.50801621e-03,2.269564,0.082941
1,1351,11159,11161,4788.7,20341,11719,0.822507,0.049996,946,56,1.50687660e-03,1.425505,0.084385
1,1352,11161,11171,4792.7,24943,17623,1.232835,0.577567,1404,674,1.50573888e-03,2.114057,1.014868
1,1353,11171,11173,4796.8,27793,20327,1.487515,0.819297,1681,942,1.50460284e-03,2.529237,1.417336
1,1354,11173,11177,4800.8,19979,13003,0.78751,0.163371,905,195,1.50346869e-03,1.360639,0.293176
1,1355,11177,11197,4804.9,13463,19013,0.202376,0.698044,241,806,1.50233636e-03,0.362063,1.210883
1,1356,11197,11213,4808.9,14683,11969,0.309462,0.067422,363,79,1.50120547e-03,0.544938,0.118595
1,1357,11213,11239,4813.0,13147,20287,0.169766,0.805054,206,935,1.50007611e-03,0.309016,1.402571
1,1358,11239,11243,4817.0,13313,17909,0.184115,0.592902,223,694,1.49894804e-03,0.334265,1.04027
1,1359,11243,11251,4821.1,26203,13337,1.328949,0.185406,1521,225,1.49782178e-03,2.278187,0.33701
1,1360,11251,11257,4825.1,19699,19507,0.749933,0.732877,870,854,1.49669724e-03,1.302127,1.278179
1,1361,11257,11261,4829.2,13127,19423,0.165705,0.724802,201,839,1.49557445e-03,0.30061,1.254787
1,1362,11261,11273,4833.2,12479,15919,0.106981,0.412135,127,494,1.49445345e-03,0.189796,0.73826
1,1363,11273,11279,4837.3,12791,16649,0.134054,0.476106,162,562,1.49333407e-03,0.24192,0.839254
1,1364,11279,11287,4841.3,13457,11719,0.192257,0.038274,231,43,1.49221643e-03,0.344702,0.064165
1,1365,11287,11299,4845.4,16061,11927,0.421453,0.05558,502,64,1.49110048e-03,0.748532,0.09543
1,1366,11299,11311,4849.4,24181,11593,1.13783,0.024931,1326,29,1.48998612e-03,1.975722,0.04321
1,1367,11311,11317,4853.5,15473,18257,0.367235,0.613237,441,726,1.48887336e-03,0.656593,1.080922
1,1368,11317,11321,4857.6,18731,18917,0.654536,0.670965,770,785,1.48776232e-03,1.145577,1.167893
1,1369,11321,11329,4861.6,14401,13313,0.271163,0.175126,318,212,1.48665306e-03,0.472756,0.31517
1,1370,11329,11351,4865.7,11923,11779,0.050392,0.037706,58,41,1.48554547e-03,0.086162,0.060907
1,1371,11351,11353,4869.7,15991,12613,0.408526,0.110984,491,136,1.48443923e-03,0.72886,0.201884
1,1372,11353,11369,4873.8,25541,11941,1.246548,0.050312,1441,60,1.48333479e-03,2.137485,0.089
1,1373,11369,11383,4877.8,15383,25981,0.351401,1.282439,425,1485,1.48223183e-03,0.629949,2.201114
1,1374,11383,11393,4881.9,19207,12739,0.68586,0.118143,803,146,1.48113039e-03,1.189348,0.216245
1,1375,11393,11399,4885.9,14537,12253,0.275287,0.074919,327,90,1.48003056e-03,0.48397,0.133203
1,1376,11399,11411,4890.0,17891,14969,0.567873,0.311804,674,377,1.47893243e-03,0.9968,0.557558
1,1377,11411,11423,4894.1,26407,24533,1.311739,1.147684,1524,1345,1.47783586e-03,2.252222,1.987689
1,1378,11423,11437,4898.1,17659,12043,0.544024,0.052986,651,65,1.47674084e-03,0.961358,0.095988
1,1379,11437,11443,4902.2,14011,14783,0.224417,0.291881,275,354,1.47564733e-03,0.405803,0.522379
1,1380,11443,11447,4906.2,12409,15551,0.084039,0.358522,101,434,1.47455550e-03,0.14893,0.639957
1,1381,11447,11467,4910.3,13759,20563,0.199878,0.793233,247,940,1.47346540e-03,0.363946,1.385057
1,1382,11467,11471,4914.3,13729,11777,0.196844,0.026676,243,28,1.47237666e-03,0.357788,0.041227
1,1383,11471,11483,4918.4,16217,17467,0.412262,0.521118,501,625,1.47128963e-03,0.737116,0.919556
1,1384,11483,11489,4922.5,16831,12263,0.464966,0.067369,559,82,1.47020414e-03,0.821844,0.120557
1,1385,11489,11491,4926.5,16763,12301,0.458794,0.07049,553,86,1.46912032e-03,0.812424,0.126344
1,1386,11491,11497,4930.6,15797,15971,0.374011,0.389145,457,474,1.46803825e-03,0.670893,0.69585
1,1387,11497,11503,4934.6,14669,23029,0.275233,1.001999,331,1183,1.46695784e-03,0.485563,1.735411
1,1388,11503,11519,4938.7,14071,13613,0.221547,0.181787,271,221,1.46587908e-03,0.397253,0.323959
1,1389,11519,11527,4942.8,12203,19861,0.058645,0.722998,70,858,1.46480174e-03,0.102536,1.2568
1,1390,11527,11549,4946.8,19267,19211,0.668283,0.663434,795,788,1.46372601e-03,1.163662,1.153416
1,1391,11549,11551,4950.9,13687,15887,0.184919,0.375379,226,460,1.46265157e-03,0.330559,0.67282
1,1392,11551,11579,4955.0,21401,12379,0.84826,0.069091,1011,86,1.46157886e-03,1.477656,0.125696
1,1393,11579,11587,4959.0,14447,21563,0.246828,0.860965,301,1027,1.46050731e-03,0.439613,1.499941
1,1394,11587,11593,4963.1,14939,15541,0.288622,0.34055,355,419,1.45943734e-03,0.5181,0.611504
1,1395,11593,11597,4967.1,15919,24359,0.372683,1.100457,461,1309,1.45836900e-03,0.672308,1.909005
1,1396,11597,11617,4971.2,12659,15107,0.089696,0.300422,117,369,1.45730233e-03,0.170504,0.537745
1,1397,11617,11621,4975.3,16427,18341,0.413562,0.578263,507,705,1.45623699e-03,0.738312,1.026647
1,1398,11621,11633,4979.3,15307,12497,0.315826,0.074271,390,94,1.45517330e-03,0.567518,0.136786
1,1399,11633,11657,4983.4,15299,38971,0.31243,2.343141,388,2706,1.45411110e-03,0.564195,3.934825
1,1400,11657,11677,4987.5,15161,13487,0.298364,0.155006,371,199,1.45305013e-03,0.539082,0.289157
1,1401,11677,11681,4991.5,17957,13901,0.537283,0.190052,657,241,1.45199047e-03,0.953958,0.34993
1,1402,11681,11689,4995.6,11801,11813,0.009582,0.010608,12,14,1.45093245e-03,0.017411,0.020313
1,1403,11689,11699,4999.7,12097,12473,0.03402,0.06616,44,85,1.44987600e-03,0.063795,0.123239
1,1404,11699,11701,5003.7,22133,15259,0.891548,0.304077,1078,376,1.44882106e-03,1.561829,0.544757
1,1405,11701,11717,5007.8,12323,35159,0.05172,2.000683,67,2345,1.44776780e-03,0.097,3.395015
1,1406,11717,11719,5011.9,23753,19417,1.026879,0.656882,1236,792,1.44671593e-03,1.788141,1.145799
1,1407,11719,11731,5015.9,12497,11783,0.065297,0.004433,85,5,1.44566573e-03,0.122882,0.007228
1,1408,11731,11743,5020.0,12323,27809,0.049391,1.368134,64,1629,1.44461698e-03,0.092455,2.353281
1,1409,11743,11777,5024.1,13001,12781,0.103931,0.085251,139,115,1.44356970e-03,0.200656,0.166011
1,1410,11777,11779,5028.2,16901,17807,0.434842,0.511758,539,633,1.44252340e-03,0.77752,0.913117
1,1411,11779,11783,5032.2,15017,15217,0.274463,0.291437,345,365,1.44147877e-03,0.49731,0.52614
1,1412,11783,11789,5036.3,18307,23917,0.552888,1.028756,686,1250,1.44043575e-03,0.988139,1.800545
1,1413,11789,11801,5040.4,12301,16493,0.042369,0.397593,58,499,1.43939430e-03,0.083485,0.718258
1,1414,11801,11807,5044.4,16253,12589,0.376556,0.066232,475,90,1.43835429e-03,0.683218,0.129452
1,1415,11807,11813,5048.5,18539,16927,0.569373,0.432913,708,537,1.43731585e-03,1.01762,0.771839
1,1416,11813,11821,5052.6,21893,15581,0.852043,0.318078,1040,401,1.43627897e-03,1.49373,0.575948
1,1417,11821,11827,5056.7,16883,22751,0.427496,0.923649,530,1126,1.43524360e-03,0.760679,1.616084
1,1418,11827,11831,5060.7,27043,14033,1.285775,0.186121,1547,238,1.43420978e-03,2.218723,0.341342
1,1419,11831,11833,5064.8,12791,25117,0.08096,1.122623,106,1353,1.43317755e-03,0.151917,1.939089
1,1420,11833,11839,5068.9,33287,12457,1.811639,0.0522,2143,67,1.43214695e-03,3.069091,0.095954
1,1421,11839,11863,5073.0,14347,13327,0.209391,0.123409,262,161,1.43111790e-03,0.374953,0.23041
1,1422,11863,11867,5077.0,18287,24767,0.540996,1.087048,673,1318,1.43009001e-03,0.962451,1.884859
1,1423,11867,11887,5081.1,17467,19031,0.46942,0.600993,585,739,1.42906370e-03,0.836002,1.056078
1,1424,11887,11897,5085.2,12689,17729,0.066571,0.490208,91,611,1.42803864e-03,0.129952,0.872532
1,1425,11897,11903,5089.3,17033,11923,0.430984,0.00168,540,3,1.42701502e-03,0.770588,0.004281
1,1426,11903,11909,5093.3,17401,56417,0.461164,3.737342,576,4293,1.42599293e-03,0.821372,6.121788
1,1427,11909,11923,5097.4,13103,12547,0.098968,0.052336,132,72,1.42497236e-03,0.188096,0.102598
1,1428,11923,11927,5101.5,15583,15139,0.306531,0.269305,390,341,1.42395316e-03,0.555342,0.485568
1,1429,11927,11933,5105.6,12041,14747,0.009051,0.235817,13,298,1.42293551e-03,0.018498,0.424035
1,1430,11933,11939,5109.6,15607,12101,0.307228,0.013569,390,18,1.42191937e-03,0.554549,0.025595
1,1431,11939,11941,5113.7,23743,13829,0.988359,0.158111,1209,203,1.42090474e-03,1.717874,0.288444
1,1432,11941,11953,5117.8,18301,12239,0.53108,0.023927,665,30,1.41989170e-03,0.944228,0.042597
1,1433,11953,11959,5121.9,17341,14731,0.450038,0.231792,561,291,1.41888004e-03,0.795992,0.412894
1,1434,11959,11969,5125.9,23971,12007,1.002757,0.003175,1231,5,1.41786988e-03,1.745398,0.007089
1,1435,11969,11971,5130.0,20411,12007,0.705037,0.003007,872,4,1.41686113e-03,1.235503,0.005667
1,1436,11971,11981,5134.1,15889,30259,0.326183,1.525582,416,1836,1.41585396e-03,0.588995,2.599508
1,1437,11981,11987,5138.2,14783,13931,0.233253,0.162176,296,210,1.41484820e-03,0.418795,0.297118
1,1438,11987,12007,5142.3,13613,12343,0.133755,0.027984,171,36,1.41384393e-03,0.241767,0.050898
1,1439,12007,12011,5146.3,19391,13999,0.614437,0.165515,757,213,1.41284086e-03,1.069521,0.300935
1,1440,12011,12037,5150.4,14011,16633,0.163994,0.381823,214,484,1.41183931e-03,0.302134,0.68333
1,1441,12037,12041,5154.5,13451,12953,0.1171,0.075741,153,101,1.41083885e-03,0.215858,0.142495
1,1442,12041,12043,5158.6,19763,14867,0.641036,0.234493,796,299,1.40983990e-03,1.122233,0.421542
1,1443,12043,12049,5162.7,16223,14071,0.346419,0.167815,442,216,1.40884250e-03,0.622708,0.30431
1,1444,12049,12071,5166.7,18211,14431,0.508657,0.19551,642,248,1.40784657e-03,0.903837,0.349146
1,1445,12071,12073,5170.8,13513,27277,0.119274,1.259339,156,1541,1.40685179e-03,0.219469,2.167959
1,1446,12073,12097,5174.9,18637,18541,0.54063,0.532694,684,678,1.40585855e-03,0.961607,0.953172
1,1447,12097,12101,5179.0,14221,15881,0.175192,0.312371,225,403,1.40486643e-03,0.316095,0.566161
1,1448,12101,12107,5183.1,22697,12227,0.874701,0.009912,1087,13,1.40387580e-03,1.526013,0.01825
1,1449,12107,12109,5187.2,12203,17491,0.007763,0.444463,10,564,1.40288662e-03,0.014029,0.791228
1,1450,12109,12113,5191.2,15583,13723,0.286469,0.132915,368,174,1.40189896e-03,0.515899,0.24393
1,1451,12113,12119,5195.3,16091,19687,0.32775,0.624474,422,777,1.40091280e-03,0.591185,1.088509
1,1452,12119,12143,5199.4,18169,14251,0.496253,0.173598,630,223,1.39992807e-03,0.881955,0.312184
1,1453,12143,12149,5203.5,14621,23497,0.203474,0.934069,258,1160,1.39894445e-03,0.360928,1.622776
1,1454,12149,12157,5207.6,13177,25603,0.083902,1.106029,114,1366,1.39796226e-03,0.159368,1.909616
1,1455,12157,12161,5211.7,22453,13219,0.846312,0.086999,1057,117,1.39698147e-03,1.476609,0.163447
1,1456,12161,12163,5215.7,13799,13063,0.134506,0.073995,176,100,1.39600214e-03,0.245696,0.1396
1,1457,12163,12197,5219.8,14741,19739,0.208576,0.618349,269,777,1.39502432e-03,0.375262,1.083934
1,1458,12197,12203,5223.9,16487,17231,0.351061,0.41203,453,526,1.39404740e-03,0.631503,0.733269
1,1459,12203,12211,5228.0,24203,12269,0.982065,0.00475,1235,8,1.39307190e-03,1.720444,0.011145
1,1460,12211,12227,5232.1,14341,17783,0.172896,0.454404,222,580,1.39209778e-03,0.309046,0.807417
1,1461,12227,12239,5236.2,22123,19963,0.807582,0.631097,1019,796,1.39112490e-03,1.417556,1.107335
1,1462,12239,12241,5240.3,14071,21169,0.149498,0.729352,197,918,1.39015331e-03,0.27386,1.276161
1,1463,12241,12251,5244.3,16699,16567,0.363072,0.352298,469,455,1.38918321e-03,0.651527,0.632078
1,1464,12251,12253,5248.4,21377,32831,0.744634,1.679425,934,2056,1.38821445e-03,1.296592,2.854169
1,1465,12253,12263,5252.5,12697,22189,0.035391,0.809427,51,1023,1.38724717e-03,0.07075,1.419154
1,1466,12263,12269,5256.6,14243,14243,0.160893,0.160893,207,207,1.38628121e-03,0.28696,0.28696
1,1467,12269,12277,5260.7,12281,13171,0.000326,0.072819,2,100,1.38531665e-03,0.002771,0.138532
1,1468,12277,12281,5264.8,25801,17509,1.100888,0.425698,1373,547,1.38435346e-03,1.900717,0.757241
1,1469,12281,12289,5268.9,28289,15349,1.301977,0.249003,1612,324,1.38339169e-03,2.230027,0.448219
1,1470,12289,12301,5273.0,14593,21859,0.186326,0.77701,240,982,1.38243128e-03,0.331784,1.357548
1,1471,12301,12323,5277.1,13417,22751,0.088777,0.846223,120,1072,1.38147214e-03,0.165777,1.480938
1,1472,12323,12329,5281.1,19889,17551,0.613188,0.423554,777,546,1.38051410e-03,1.072659,0.753761
1,1473,12329,12343,5285.2,13883,12637,0.124767,0.023819,168,36,1.37955743e-03,0.231766,0.049664
1,1474,12343,12347,5289.3,17449,30983,0.413218,1.509354,533,1866,1.37860201e-03,0.734795,2.572471
1,1475,12347,12373,5293.4,27091,14639,1.189526,0.183141,1496,240,1.37764799e-03,2.060961,0.330636
1,1476,12373,12377,5297.5,13309,17293,0.075301,0.397188,104,512,1.37669499e-03,0.143176,0.704868
1,1477,12377,12379,5301.6,12437,21019,0.004685,0.697956,8,888,1.37574339e-03,0.011006,1.22166
1,1478,12379,12391,5305.7,28793,18149,1.323703,0.464692,1658,603,1.37479323e-03,2.279407,0.829
1,1479,12391,12401,5309.8,24683,24851,0.990404,1.003951,1254,1269,1.37384434e-03,1.722801,1.743408
1,1480,12401,12409,5313.9,23537,30211,0.896768,1.434604,1136,1788,1.37289673e-03,1.559611,2.454739
1,1481,12409,12413,5318.0,12511,17383,0.007895,0.400387,13,517,1.37195045e-03,0.017835,0.709298
1,1482,12413,12421,5322.1,34673,13729,1.791482,0.105306,2221,143,1.37100555e-03,3.045003,0.196054
1,1483,12421,12433,5326.2,15269,12539,0.228103,0.008526,299,14,1.37006198e-03,0.409649,0.019181
1,1484,12433,12437,5330.3,28057,13103,1.25593,0.05355,1577,75,1.36911966e-03,2.159102,0.102684
1,1485,12437,12451,5334.4,13931,14303,0.118866,0.148743,162,193,1.36817871e-03,0.221645,0.264058
1,1486,12451,12457,5338.5,16427,16661,0.318696,0.337481,418,442,1.36723897e-03,0.571506,0.60432
1,1487,12457,12473,5342.5,14071,17327,0.128117,0.389161,172,505,1.36630058e-03,0.235004,0.689982
1,1488,12473,12479,5346.6,13127,18041,0.051927,0.445709,74,578,1.36536334e-03,0.101037,0.78918
1,1489,12479,12487,5350.7,16763,13831,0.342436,0.107632,449,146,1.36442745e-03,0.612628,0.199206
1,1490,12487,12491,5354.8,16139,38737,0.29205,2.101193,388,2593,1.36349285e-03,0.529035,3.535537
1,1491,12491,12497,5358.9,13841,13441,0.107546,0.075538,145,102,1.36255962e-03,0.197571,0.138981
1,1492,12497,12503,5363.0,12889,14177,0.030873,0.133888,41,177,1.36162772e-03,0.055827,0.241008
1,1493,12503,12511,5367.1,17497,13457,0.398529,0.075613,521,102,1.36069715e-03,0.708923,0.138791
1,1494,12511,12517,5371.2,12919,14797,0.032116,0.182152,45,240,1.35976787e-03,0.06119,0.326344
1,1495,12517,12527,5375.3,12763,13421,0.018839,0.071366,28,97,1.35883990e-03,0.038048,0.131807
1,1496,12527,12539,5379.4,17707,12697,0.412154,0.012601,537,20,1.35791319e-03,0.729199,0.027158
1,1497,12539,12541,5383.5,14983,15661,0.194721,0.248784,257,330,1.35698768e-03,0.348746,0.447806
1,1498,12541,12547,5387.6,15937,13463,0.270184,0.073005,360,98,1.35606356e-03,0.488183,0.132894
1,1499,12547,12553,5391.7,12809,63031,0.020394,4.02119,28,4823,1.35514075e-03,0.037944,6.535844
1,1500,12553,12569,5395.8,14281,18251,0.136208,0.452065,176,591,1.35421924e-03,0.238343,0.800344
1,1501,12569,12577,5399.9,14323,17449,0.138825,0.387374,179,506,1.35329886e-03,0.24224,0.684769
1,1502,12577,12583,5404.0,16903,16553,0.34332,0.315505,448,414,1.35237976e-03,0.605866,0.559885
1,1503,12583,12589,5408.1,21871,22271,0.73731,0.769084,951,990,1.35146195e-03,1.28524,1.337947
1,1504,12589,12601,5412.2,14897,18049,0.182208,0.432347,242,565,1.35054544e-03,0.326832,0.763058
1,1505,12601,12611,5416.3,13723,13567,0.088177,0.075807,119,100,1.34963011e-03,0.160606,0.134963
1,1506,12611,12613,5420.4,16993,14173,0.347261,0.123682,454,162,1.34871602e-03,0.612317,0.218492
1,1507,12613,12619,5424.5,16829,12853,0.333624,0.018543,435,25,1.34780327e-03,0.586294,0.033695
1,1508,12619,12637,5428.6,14411,15607,0.140381,0.235024,181,312,1.34689182e-03,0.243787,0.42023
1,1509,12637,12641,5432.7,15349,13297,0.214224,0.051895,284,70,1.34598144e-03,0.382259,0.094219
1,1510,12641,12647,5436.8,12689,14887,0.003321,0.177117,5,234,1.34507238e-03,0.006725,0.314747
1,1511,12647,12653,5440.9,15619,17659,0.234411,0.395637,310,518,1.34416459e-03,0.416691,0.696277
1,1512,12653,12659,5445.0,21517,20443,0.699739,0.614898,902,798,1.34325808e-03,1.211619,1.07192
1,1513,12659,12671,5449.1,12853,32987,0.014364,1.603346,19,2023,1.34235284e-03,0.025505,2.71558
1,1514,12671,12689,5453.2,13339,14369,0.051225,0.132398,71,170,1.34144877e-03,0.095243,0.228046
1,1515,12689,12697,5457.3,35267,16453,1.777585,0.295818,2242,393,1.34054577e-03,3.005504,0.526834
1,1516,12697,12703,5461.4,22093,16529,0.739195,0.301189,961,398,1.33964400e-03,1.287398,0.533178
1,1517,12703,12713,5465.5,19087,13619,0.501377,0.071266,652,93,1.33874349e-03,0.872861,0.124503
1,1518,12713,12721,5469.6,22739,12799,0.787517,0.006132,1023,8,1.33784417e-03,1.368615,0.010703
1,1519,12721,12739,5473.7,18691,21001,0.467227,0.64856,615,842,1.33694608e-03,0.822222,1.125709
1,1520,12739,12743,5477.9,15091,39161,0.184258,2.073138,243,2603,1.33604904e-03,0.32466,3.477736
1,1521,12743,12757,5482.0,16217,13037,0.271224,0.021949,363,32,1.33515329e-03,0.484661,0.042725
1,1522,12757,12763,5486.1,17449,13241,0.367155,0.037452,485,52,1.33425866e-03,0.647115,0.069381
1,1523,12763,12781,5490.2,21647,39827,0.693686,2.11611,907,2662,1.33336527e-03,1.209362,3.549418
1,1524,12781,12791,5494.3,18493,20639,0.445782,0.613556,594,802,1.33247294e-03,0.791489,1.068643
1,1525,12791,12799,5498.4,33427,20023,1.611688,0.564419,2055,740,1.33158178e-03,2.736401,0.985371
1,1526,12799,12809,5502.5,23459,18097,0.831447,0.412835,1085,548,1.33069182e-03,1.443801,0.729219
1,1527,12809,12821,5506.6,26861,13171,1.095078,0.027299,1419,40,1.32980304e-03,1.886991,0.053192
1,1528,12821,12823,5510.7,32309,14767,1.519613,0.151603,1937,202,1.32891540e-03,2.574109,0.268441
1,1529,12823,12829,5514.8,15121,25873,0.178658,1.016759,237,1318,1.32802906e-03,0.314743,1.750342
1,1530,12829,12841,5518.9,18287,22129,0.42411,0.723308,565,951,1.32714394e-03,0.749836,1.262114
1,1531,12841,12853,5523.0,18451,16619,0.43554,0.293006,583,391,1.32625996e-03,0.77321,0.518568
1,1532,12853,12889,5527.1,19751,17519,0.532392,0.359221,703,484,1.32537711e-03,0.93174,0.641483
1,1533,12889,12893,5531.3,13411,19813,0.040177,0.536725,57,709,1.32449499e-03,0.075496,0.939067
1,1534,12893,12899,5535.4,13907,13751,0.078146,0.066052,110,92,1.32361414e-03,0.145598,0.121773
1,1535,12899,12907,5539.5,13043,20773,0.010537,0.609437,19,806,1.32273450e-03,0.025132,1.066124
1,1536,12907,12911,5543.6,20903,15161,0.619007,0.17427,816,235,1.32185604e-03,1.078635,0.310636
1,1537,12911,12917,5547.7,41213,17383,2.190602,0.345746,2777,461,1.32097883e-03,3.668358,0.608971
1,1538,12917,12919,5551.8,13967,13933,0.081121,0.078489,112,110,1.32010283e-03,0.147852,0.145211
1,1539,12919,12923,5555.9,13691,20693,0.059429,0.601254,79,791,1.31922811e-03,0.104219,1.043509
1,1540,12923,12941,5560.0,18169,17623,0.403987,0.361796,542,486,1.31835462e-03,0.714548,0.64072
1,1541,12941,12953,5564.1,23981,13487,0.851386,0.041226,1126,58,1.31748215e-03,1.483485,0.076414
1,1542,12953,12959,5568.3,30089,12959,1.321861,0.0,1710,1,1.31661078e-03,2.251404,0.001317
1,1543,12959,12967,5572.4,27617,19991,1.129791,0.541683,1471,717,1.31574061e-03,1.935454,0.943386
1,1544,12967,12973,5576.5,17977,17041,0.385724,0.313574,517,422,1.31487161e-03,0.679789,0.554876
1,1545,12973,12979,5580.6,15809,36583,0.218045,1.81863,300,2334,1.31400381e-03,0.394201,3.066885
1,1546,12979,12983,5584.7,14303,21863,0.101671,0.683971,132,907,1.31313719e-03,0.173334,1.191015
1,1547,12983,13001,5588.8,13967,13327,0.074302,0.025075,103,35,1.31227180e-03,0.135164,0.04593
1,1548,13001,13003,5592.9,29021,22937,1.23187,0.763978,1608,1011,1.31140740e-03,2.108743,1.325833
1,1549,13003,13007,5597.0,17183,17573,0.321058,0.351042,429,471,1.31054426e-03,0.562223,0.617266
1,1550,13007,13009,5601.2,22501,45439,0.729649,2.49289,966,3164,1.30968232e-03,1.265153,4.143835
1,1551,13009,13033,5605.3,26357,25801,1.022328,0.979667,1345,1290,1.30882163e-03,1.760365,1.68838
1,1552,13033,13037,5609.4,18433,18353,0.413899,0.407763,559,551,1.30796184e-03,0.731151,0.720687
1,1553,13037,13043,5613.5,17903,26263,0.372614,1.01357,498,1334,1.30710325e-03,0.650937,1.743676
1,1554,13043,13049,5617.6,26693,19559,1.045597,0.498889,1373,665,1.30624584e-03,1.793476,0.868653
1,1555,13049,13063,5621.7,14897,15739,0.140397,0.204853,191,281,1.30538959e-03,0.249329,0.366814
1,1556,13063,13093,5625.9,17491,25463,0.335905,0.94478,457,1252,1.30453440e-03,0.596172,1.633277
1,1557,13093,13099,5630.0,29473,18043,1.250019,0.377433,1645,510,1.30368000e-03,2.144554,0.664877
1,1558,13099,13103,5634.1,17957,13921,0.37045,0.062428,500,88,1.30282676e-03,0.651413,0.114649
1,1559,13103,13109,5638.2,14699,20879,0.121291,0.592723,161,789,1.30197472e-03,0.209618,1.027258
1,1560,13109,13121,5642.3,33931,13633,1.586007,0.039021,2073,52,1.30112384e-03,2.69723,0.067658
1,1561,13121,13127,5646.4,25343,19387,0.930601,0.47688,1234,634,1.30027402e-03,1.604538,0.824374
1,1562,13127,13147,5650.6,29311,15227,1.229482,0.158211,1623,215,1.29942536e-03,2.108967,0.279376
1,1563,13147,13151,5654.7,15823,27509,0.203178,1.09178,284,1442,1.29857765e-03,0.368796,1.872549
1,1564,13151,13159,5658.8,16417,14387,0.247587,0.09332,338,121,1.29773111e-03,0.438633,0.157025
1,1565,13159,13163,5662.9,40759,25643,2.096483,0.948112,2702,1260,1.29688569e-03,3.504185,1.634076
1,1566,13163,13171,5667.0,14867,23977,0.128768,0.820439,175,1100,1.29604145e-03,0.226807,1.425646
1,1567,13171,13177,5671.2,15907,17321,0.207179,0.314487,287,424,1.29519832e-03,0.371722,0.549164
1,1568,13177,13183,5675.3,22699,19979,0.721839,0.515512,968,691,1.29435633e-03,1.252937,0.8944
1,1569,13183,13187,5679.4,22123,14087,0.677637,0.068249,911,93,1.29351548e-03,1.178393,0.120297
1,1570,13187,13217,5683.5,14207,28517,0.074904,1.1576,101,1532,1.29267580e-03,0.13056,1.980379
1,1571,13217,13219,5687.6,14879,29483,0.125577,1.23035,172,1632,1.29183690e-03,0.222196,2.108278
1,1572,13219,13229,5691.8,13649,23189,0.031748,0.752891,41,1015,1.29099919e-03,0.052931,1.310364
1,1573,13229,13241,5695.9,26693,21347,1.015935,0.612189,1354,824,1.29016255e-03,1.74688,1.063094
1,1574,13241,13249,5700.0,20507,15121,0.547815,0.141294,740,192,1.28932695e-03,0.954102,0.247551
1,1575,13249,13259,5704.1,16069,15737,0.211932,0.186892,295,260,1.28849244e-03,0.380105,0.335008
1,1576,13259,13267,5708.2,17837,14249,0.344464,0.074018,469,98,1.28765901e-03,0.603912,0.126191
1,1577,13267,13291,5712.4,34897,20201,1.625611,0.519901,2148,708,1.28682666e-03,2.764104,0.911073
1,1578,13291,13297,5716.5,13613,13751,0.023765,0.034143,31,48,1.28599517e-03,0.039866,0.061728
1,1579,13297,13309,5720.6,21491,16381,0.614772,0.230821,831,321,1.28516480e-03,1.067972,0.412538
1,1580,13309,13313,5724.7,20479,14879,0.538271,0.117629,732,163,1.28433546e-03,0.940134,0.209347
1,1581,13313,13327,5728.9,16193,13337,0.215052,0.00075,302,3,1.28350726e-03,0.387619,0.003851
1,1582,13327,13331,5733.0,21179,13411,0.588703,0.006001,799,8,1.28268006e-03,1.024861,0.010261
1,1583,13331,13337,5737.1,21163,27583,0.586789,1.068156,796,1429,1.28185400e-03,1.020356,1.831769
1,1584,13337,13339,5741.2,36847,16657,1.762351,0.248744,2323,343,1.28102904e-03,2.97583,0.439393
1,1585,13339,13367,5745.4,14747,20521,0.103239,0.535199,142,731,1.28020525e-03,0.181789,0.93583
1,1586,13367,13381,5749.5,41593,13399,2.108363,0.001345,2762,3,1.27938224e-03,3.533654,0.003838
1,1587,13381,13397,5753.6,17707,15461,0.321714,0.154064,446,219,1.27856022e-03,0.570238,0.280005
1,1588,13397,13399,5757.7,23447,15329,0.749907,0.144041,1022,203,1.27773915e-03,1.305849,0.259381
1,1589,13399,13411,5761.9,14033,17443,0.04638,0.300649,67,417,1.27691924e-03,0.085554,0.532475
1,1590,13411,13417,5766.0,15649,15859,0.166356,0.182008,236,258,1.27610034e-03,0.30116,0.329234
1,1591,13417,13421,5770.1,25931,38177,0.932121,1.844572,1261,2438,1.27528253e-03,1.608131,3.109139
1,1592,13421,13441,5774.3,20327,14983,0.512313,0.114724,703,162,1.27446584e-03,0.895949,0.206463
1,1593,13441,13451,5778.4,30119,19433,1.239164,0.444725,1665,610,1.27365004e-03,2.120627,0.776927
1,1594,13451,13457,5782.5,23981,30203,0.782047,1.244408,1073,1673,1.27283527e-03,1.365752,2.129453
1,1595,13457,13463,5786.6,19997,41131,0.48533,2.055114,667,2708,1.27202159e-03,0.848438,3.444634
1,1596,13463,13469,5790.8,16759,31727,0.244265,1.355557,341,1816,1.27120899e-03,0.433482,2.308516
1,1597,13469,13477,5794.9,23761,14029,0.763078,0.040959,1046,58,1.27039747e-03,1.328836,0.073683
1,1598,13477,13487,5799.0,14699,15427,0.089864,0.143842,122,204,1.26958700e-03,0.15489,0.258996
1,1599,13487,13499,5803.2,17497,19267,0.29617,0.427291,415,586,1.26877755e-03,0.526543,0.743504
1,1600,13499,13513,5807.3,22861,20287,0.691778,0.501295,953,692,1.26796909e-03,1.208375,0.877435
1,1601,13513,13523,5811.4,28393,20353,1.099608,0.505065,1488,698,1.26716159e-03,1.885536,0.884479
1,1602,13523,13537,5815.5,17299,13859,0.277905,0.023787,387,35,1.26635511e-03,0.490079,0.044322
1,1603,13537,13553,5819.7,20261,14173,0.494946,0.045746,687,65,1.26554959e-03,0.869433,0.082261
1,1604,13553,13567,5823.8,15349,16249,0.131348,0.197686,189,284,1.26474499e-03,0.239037,0.359188
1,1605,13567,13577,5827.9,42697,14983,2.144804,0.103557,2858,149,1.26394134e-03,3.612344,0.188327
1,1606,13577,13591,5832.1,21683,17377,0.595394,0.278567,828,391,1.26313871e-03,1.045879,0.493887
1,1607,13591,13597,5836.2,18773,22901,0.380672,0.684269,535,949,1.26233702e-03,0.67535,1.197958
1,1608,13597,13613,5840.3,14479,24029,0.063616,0.765151,89,1065,1.26153640e-03,0.112277,1.343536
1,1609,13613,13619,5844.5,19717,19387,0.447757,0.423526,623,586,1.26073669e-03,0.785439,0.738792
1,1610,13619,13627,5848.6,16249,18143,0.192412,0.331401,278,470,1.25993804e-03,0.350263,0.592171
1,1611,13627,13633,5852.7,30119,26947,1.209272,0.976601,1647,1344,1.25914042e-03,2.073804,1.692285
1,1612,13633,13649,5856.9,17029,22193,0.247637,0.62598,352,877,1.25834384e-03,0.442937,1.103568
1,1613,13649,13669,5861.0,13721,16057,0.003804,0.174702,10,253,1.25754818e-03,0.012575,0.31816
1,1614,13669,13679,5865.2,37967,14731,1.775568,0.076906,2399,110,1.25675338e-03,3.014951,0.138243
1,1615,13679,13681,5869.3,14051,14797,0.027045,0.081573,42,119,1.25595957e-03,0.05275,0.149459
1,1616,13681,13687,5873.4,13751,14867,0.004676,0.086213,10,125,1.25516686e-03,0.012552,0.156896
1,1617,13687,13691,5877.6,18457,22853,0.348112,0.669199,498,934,1.25437519e-03,0.624679,1.171586
1,1618,13691,13693,5881.7,19427,27631,0.418754,1.017892,583,1397,1.25358458e-03,0.73084,1.751258
1,1619,13693,13697,5885.8,21317,15413,0.556326,0.125283,774,182,1.25279507e-03,0.969663,0.228009
1,1620,13697,13709,5890.0,21269,14051,0.551463,0.024947,769,37,1.25200662e-03,0.962793,0.046324
1,1621,13709,13711,5894.1,25357,22567,0.849391,0.645905,1176,901,1.25121912e-03,1.471434,1.127348
1,1622,13711,13721,5898.2,16553,15583,0.206399,0.135704,294,196,1.25043270e-03,0.367627,0.245085
1,1623,13721,13723,5902.4,20477,17393,0.492166,0.267434,688,378,1.24964726e-03,0.859757,0.472367
1,1624,13723,13729,5906.5,24469,14479,0.782286,0.054629,1091,73,1.24886290e-03,1.362509,0.091167
1,1625,13729,13751,5910.7,14717,19457,0.070249,0.414952,97,581,1.24807957e-03,0.121064,0.725134
1,1626,13751,13757,5914.8,17923,20533,0.302828,0.492549,429,691,1.24729705e-03,0.53509,0.861882
1,1627,13757,13759,5918.9,18553,14683,0.348426,0.067156,498,92,1.24651554e-03,0.620765,0.114679
1,1628,13759,13763,5923.1,17189,15583,0.248928,0.132239,351,190,1.24573511e-03,0.437253,0.23669
1,1629,13763,13781,5927.2,42359,23189,2.073725,0.682679,2799,958,1.24495573e-03,3.484631,1.192668
1,1630,13781,13789,5931.3,28219,14489,1.046486,0.050765,1446,68,1.24417720e-03,1.79908,0.084604
1,1631,13789,13799,5935.5,20233,41603,0.466266,2.014929,657,2719,1.24339966e-03,0.816914,3.380804
1,1632,13799,13807,5939.6,14281,15761,0.03433,0.141522,44,206,1.24262308e-03,0.054675,0.25598
1,1633,13807,13829,5943.8,20939,16231,0.514137,0.173693,722,254,1.24184748e-03,0.896614,0.315429
1,1634,13829,13831,5947.9,18149,52769,0.312197,2.81527,447,3753,1.24107268e-03,0.554759,4.657746
1,1635,13831,13841,5952.0,17579,14957,0.270067,0.08063,386,117,1.24029893e-03,0.478755,0.145115
1,1636,13841,13859,5956.2,22699,19993,0.637853,0.4426,900,625,1.23952615e-03,1.115574,0.774704
1,1637,13859,13873,5960.3,20219,14029,0.457435,0.011245,649,18,1.23875420e-03,0.803951,0.022298
1,1638,13873,13877,5964.5,27799,17623,1.003243,0.269943,1397,388,1.23798316e-03,1.729462,0.480337
1,1639,13877,13879,5968.6,17231,22901,0.241516,0.650047,345,917,1.23721314e-03,0.426839,1.134524
1,1640,13879,13883,5972.8,18713,22709,0.347908,0.635742,496,897,1.23644417e-03,0.613276,1.10909
1,1641,13883,13901,5976.9,18059,16699,0.299115,0.20128,429,291,1.23567621e-03,0.530105,0.359582
1,1642,13901,13903,5981.0,18049,22963,0.298209,0.651658,427,920,1.23490910e-03,0.527306,1.136116
1,1643,13903,13907,5985.2,20873,24593,0.500899,0.76839,704,1083,1.23414303e-03,0.868837,1.336577
1,1644,13907,13913,5989.3,31249,18089,1.246029,0.300151,1724,429,1.23337798e-03,2.126344,0.529119
1,1645,13913,13921,5993.5,24337,17911,0.748222,0.286617,1058,408,1.23261391e-03,1.304106,0.502906
1,1646,13921,13931,5997.6,18427,17609,0.322733,0.264016,464,379,1.23185081e-03,0.571579,0.466871
1,1647,13931,13933,6001.8,27541,15727,0.976674,0.128759,1362,185,1.23108863e-03,1.676743,0.227751
1,1648,13933,13963,6005.9,14741,22133,0.055719,0.585118,78,834,1.23032749e-03,0.095966,1.026093
1,1649,13963,13967,6010.1,26633,14767,0.906852,0.057278,1271,81,1.22956702e-03,1.56278,0.099595
1,1650,13967,13997,6014.2,26449,17389,0.889619,0.242338,1256,350,1.22880756e-03,1.543382,0.430083
1,1651,13997,13999,6018.3,23633,15649,0.688192,0.117866,980,175,1.22804877e-03,1.203488,0.214909
1,1652,13999,14009,6022.5,23369,31123,0.668142,1.221643,953,1700,1.22729101e-03,1.169608,2.086395
1,1653,14009,14011,6026.6,22367,15149,0.596389,0.081222,850,117,1.22653417e-03,1.042554,0.143504
1,1654,14011,14029,6030.8,15329,17579,0.092665,0.253047,137,367,1.22577835e-03,0.167932,0.449861
1,1655,14029,14033,6034.9,16573,41077,0.181002,1.927172,264,2644,1.22502335e-03,0.323406,3.238962
1,1656,14033,14051,6039.1,14293,18451,0.017223,0.313145,21,458,1.22426935e-03,0.02571,0.560715
1,1657,14051,14057,6043.2,14887,19013,0.059045,0.352565,87,504,1.22351616e-03,0.106446,0.616652
1,1658,14057,14071,6047.4,17623,16451,0.252434,0.169142,368,249,1.22276394e-03,0.449977,0.304468
1,1659,14071,14081,6051.5,17203,14173,0.221717,0.006534,322,9,1.22201258e-03,0.393488,0.010998
1,1660,14081,14083,6055.7,28289,14503,1.008734,0.029823,1421,39,1.22126213e-03,1.735413,0.047629
1,1661,14083,14087,6059.8,18061,15739,0.282104,0.117271,410,175,1.22051269e-03,0.50041,0.21359
1,1662,14087,14107,6064.0,16661,24049,0.181045,0.704757,266,1013,1.21976423e-03,0.324457,1.235621
1,1663,14107,14143,6068.1,20047,43457,0.41745,2.072686,604,2868,1.21901656e-03,0.736286,3.496139
1,1664,14143,14149,6072.3,14543,22027,0.027846,0.556788,39,803,1.21826947e-03,0.047513,0.97827
1,1665,14149,14153,6076.4,25439,21517,0.797428,0.520314,1139,749,1.21752333e-03,1.386759,0.911925
1,1666,14153,14159,6080.6,16411,19753,0.159051,0.395084,235,570,1.21677817e-03,0.285943,0.693564
1,1667,14159,14173,6084.7,22307,25439,0.573908,0.794892,833,1137,1.21603396e-03,1.012956,1.382631
1,1668,14173,14177,6088.9,21163,24379,0.49277,0.719616,711,1039,1.21529061e-03,0.864072,1.262687
1,1669,14177,14197,6093.0,16831,36109,0.185532,1.543425,274,2167,1.21454822e-03,0.332786,2.631926
1,1670,14197,14207,6097.2,24841,17449,0.748504,0.228197,1076,337,1.21380660e-03,1.306056,0.409053
1,1671,14207,14221,6101.3,19309,21911,0.357781,0.54075,518,786,1.21306588e-03,0.628368,0.95347
1,1672,14221,14243,6105.5,16493,42641,0.157972,1.993822,240,2784,1.21232601e-03,0.290958,3.375116
1,1673,14243,14249,6109.6,18869,21467,0.324233,0.506562,476,734,1.21158688e-03,0.576715,0.889305
1,1674,14249,14251,6113.8,32783,18859,1.3004,0.323346,1841,474,1.21084869e-03,2.229172,0.573942
1,1675,14251,14281,6117.9,37511,17657,1.626637,0.236398,2296,353,1.21011148e-03,2.778416,0.427169
1,1676,14281,14293,6122.1,17033,17207,0.191702,0.203876,289,306,1.20937493e-03,0.349509,0.370069
1,1677,14293,14303,6126.3,24181,15017,0.690624,0.04992,1015,79,1.20863923e-03,1.226769,0.095482
1,1678,14303,14321,6130.4,15559,27631,0.086446,0.929404,137,1337,1.20790442e-03,0.165483,1.614968
1,1679,14321,14323,6134.6,20021,18433,0.397822,0.286951,585,432,1.20717040e-03,0.706195,0.521498
1,1680,14323,14327,6138.7,22861,24083,0.595659,0.680952,873,999,1.20643735e-03,1.05322,1.205231
1,1681,14327,14341,6142.9,35839,14401,1.499059,0.004184,2127,6,1.20570525e-03,2.564535,0.007234
1,1682,14341,14347,6147.0,15287,14489,0.065519,0.009898,103,16,1.20497398e-03,0.124112,0.01928
1,1683,14347,14369,6151.2,15889,18269,0.105783,0.271418,169,411,1.20424364e-03,0.203517,0.494944
1,1684,14369,14387,6155.3,45259,20693,2.145826,0.438312,3011,646,1.20351403e-03,3.623781,0.77747
1,1685,14387,14389,6159.5,19597,15887,0.361943,0.104107,538,166,1.20278520e-03,0.647098,0.199662
1,1686,14389,14401,6163.7,22901,14503,0.590237,0.007083,870,13,1.20205734e-03,1.04579,0.015627
1,1687,14401,14407,6167.8,14717,17207,0.021517,0.19435,35,295,1.20133032e-03,0.042047,0.354392
1,1688,14407,14411,6172.0,14723,25243,0.02165,0.751648,35,1097,1.20060422e-03,0.042021,1.317063
1,1689,14411,14419,6176.1,16529,15643,0.146335,0.084888,225,135,1.19987906e-03,0.269973,0.161984
1,1690,14419,14423,6180.3,14851,19661,0.029675,0.36317,50,536,1.19915478e-03,0.059958,0.642747
1,1691,14423,14431,6184.5,32003,14657,1.217656,0.015661,1742,26,1.19843144e-03,2.087668,0.031159
1,1692,14431,14437,6188.6,19853,28097,0.375147,0.94618,554,1373,1.19770898e-03,0.663531,1.644454
1,1693,14437,14447,6192.8,24151,26557,0.671697,0.838236,996,1221,1.19698743e-03,1.192199,1.461522
1,1694,14447,14449,6196.9,19457,15233,0.346598,0.05426,512,84,1.19626674e-03,0.612489,0.100486
1,1695,14449,14461,6201.1,32771,19447,1.266164,0.344789,1818,510,1.19554700e-03,2.173504,0.609729
1,1696,14461,14479,6205.3,18251,25457,0.260515,0.758202,395,1111,1.19482809e-03,0.471957,1.327454
1,1697,14479,14489,6209.4,30029,20897,1.072538,0.442267,1551,653,1.19410995e-03,1.852065,0.779754
1,1698,14489,14503,6213.6,20983,14621,0.446804,0.008136,662,13,1.19339265e-03,0.790026,0.015514
1,1699,14503,14519,6217.7,18313,23081,0.261313,0.58971,401,879,1.19267617e-03,0.478263,1.048362
1,1700,14519,14533,6221.9,18793,16829,0.293126,0.157985,444,242,1.19196046e-03,0.52923,0.288454
1,1701,14533,14537,6226.1,14543,19681,0.000413,0.353856,2,526,1.19124556e-03,0.002382,0.626595
1,1702,14537,14543,6230.2,37589,15077,1.58468,0.036719,2280,59,1.19053157e-03,2.714412,0.070241
1,1703,14543,14549,6234.4,19207,25409,0.320159,0.746443,474,1098,1.18981848e-03,0.563974,1.306421
1,1704,14549,14551,6238.5,19211,28837,0.320253,0.981788,474,1436,1.18910627e-03,0.563636,1.707557
1,1705,14551,14557,6242.7,17431,27427,0.197431,0.884111,300,1292,1.18839500e-03,0.356518,1.535406
1,1706,14557,14561,6246.9,24859,16567,0.707232,0.137765,1043,212,1.18768461e-03,1.238755,0.251789
1,1707,14561,14563,6251.0,21599,27487,0.483142,0.887455,718,1297,1.18697513e-03,0.852248,1.539507
1,1708,14563,14591,6255.2,20731,21221,0.420807,0.45439,626,678,1.18626658e-03,0.742603,0.804289
1,1709,14591,14593,6259.4,16519,18523,0.131981,0.269307,204,413,1.18555866e-03,0.241854,0.489636
1,1710,14593,14621,6263.5,23833,28621,0.630053,0.957527,942,1406,1.18485166e-03,1.11613,1.665901
1,1711,14621,14627,6267.7,15647,33629,0.069734,1.299104,114,1893,1.18414530e-03,0.134993,2.241587
1,1712,14627,14629,6271.9,30593,20389,1.091257,0.393738,1590,591,1.18343981e-03,1.881669,0.699413
1,1713,14629,14633,6276.0,16249,17419,0.110435,0.190392,175,291,1.18273525e-03,0.206979,0.344176
1,1714,14633,14639,6280.2,36011,47819,1.459936,2.266548,2112,3216,1.18203158e-03,2.496451,3.801414
1,1715,14639,14653,6284.4,18289,17449,0.24814,0.190814,381,292,1.18132878e-03,0.450086,0.344948
1,1716,14653,14657,6288.5,15559,18541,0.061541,0.264993,99,408,1.18062676e-03,0.116882,0.481696
1,1717,14657,14669,6292.7,38653,16103,1.635013,0.097757,2355,158,1.17992564e-03,2.778725,0.186428
1,1718,14669,14683,6296.9,25583,33317,0.742355,1.269087,1099,1849,1.17922531e-03,1.295969,2.180388
1,1719,14683,14699,6301.0,18269,23279,0.242874,0.583713,375,876,1.17852576e-03,0.441947,1.032389
1,1720,14699,14713,6305.2,16073,14821,0.092435,0.00734,151,16,1.17782697e-03,0.177852,0.018845
1,1721,14713,14717,6309.4,25439,28051,0.728545,0.906027,1083,1339,1.17712895e-03,1.274831,1.576176
1,1722,14717,14723,6313.5,19381,14753,0.316376,0.002038,472,6,1.17643182e-03,0.555276,0.007059
1,1723,14723,14731,6317.7,23753,18719,0.61245,0.270722,919,414,1.17573554e-03,1.080501,0.486755
1,1724,14731,14737,6321.9,18289,87277,0.241026,4.922304,372,6750,1.17504010e-03,0.437115,7.931521
1,1725,14737,14741,6326.0,18133,20399,0.230107,0.383827,354,580,1.17434552e-03,0.415718,0.68112
1,1726,14741,14747,6330.2,18257,15647,0.238015,0.061029,367,99,1.17365182e-03,0.43073,0.116192
1,1727,14747,14753,6334.4,22817,14783,0.546601,0.002033,823,6,1.17295896e-03,0.965345,0.007038
1,1728,14753,14759,6338.5,18229,18121,0.235111,0.227793,361,348,1.17226696e-03,0.423188,0.407949
1,1729,14759,14767,6342.7,26459,19583,0.791765,0.326133,1178,493,1.17157581e-03,1.380116,0.577587
1,1730,14767,14771,6346.9,19937,21139,0.349739,0.431115,524,645,1.17088549e-03,0.613544,0.755221
1,1731,14771,14779,6351.0,30211,22921,1.044184,0.550917,1537,827,1.17019603e-03,1.798591,0.967752
1,1732,14779,14783,6355.2,17351,15017,0.173713,0.015829,263,24,1.16950740e-03,0.30758,0.028068
1,1733,14783,14797,6359.4,26267,21863,0.775157,0.477529,1155,720,1.16881964e-03,1.349987,0.84155
1,1734,14797,14813,6363.6,20147,25679,0.360089,0.733545,545,1095,1.16813263e-03,0.636632,1.279105
1,1735,14813,14821,6367.7,23599,17627,0.592268,0.189326,890,292,1.16744635e-03,1.039027,0.340894
1,1736,14821,14827,6371.9,17299,17989,0.166723,0.21326,253,328,1.16676090e-03,0.295191,0.382698
1,1737,14827,14831,6376.1,18401,17683,0.240712,0.1923,371,295,1.16607628e-03,0.432614,0.343993
1,1738,14831,14843,6380.2,21013,23833,0.415684,0.605673,625,914,1.16539252e-03,0.72837,1.065169
1,1739,14843,14851,6384.4,16703,22963,0.124705,0.546226,194,823,1.16470953e-03,0.225954,0.958556
1,1740,14851,14867,6388.6,18899,16693,0.271205,0.122822,410,191,1.16402735e-03,0.477251,0.222329
1,1741,14867,14869,6392.8,19559,19471,0.315421,0.309503,478,468,1.16334590e-03,0.556079,0.544446
1,1742,14869,14879,6396.9,18013,35831,0.210632,1.408159,323,2064,1.16266532e-03,0.375541,2.399741
1,1743,14879,14887,6401.1,36187,16823,1.430779,0.130046,2098,198,1.16198553e-03,2.437846,0.230073
1,1744,14887,14891,6405.3,18587,22279,0.248204,0.496139,383,752,1.16130654e-03,0.44478,0.873303
1,1745,14891,14897,6409.4,28871,24631,0.938041,0.65342,1399,984,1.16062841e-03,1.623719,1.142058
1,1746,14897,14923,6413.6,19687,31033,0.319239,1.079542,482,1597,1.15995109e-03,0.559096,1.852442
1,1747,14923,14929,6417.8,26849,37993,0.798446,1.544913,1198,2269,1.15927439e-03,1.388811,2.630394
1,1748,14929,14939,6422.0,18413,25589,0.232546,0.712899,361,1070,1.15859852e-03,0.418254,1.2397
1,1749,14939,14947,6426.1,21863,15511,0.462702,0.037733,704,62,1.15792342e-03,0.815178,0.071791
1,1750,14947,14951,6430.3,16073,15643,0.075045,0.046285,121,74,1.15724912e-03,0.140027,0.085636
1,1751,14951,14957,6434.5,17419,15647,0.164605,0.046132,253,74,1.15657566e-03,0.292614,0.085587
1,1752,14957,14969,6438.7,21649,19801,0.446256,0.3228,679,489,1.15590301e-03,0.784858,0.565237
1,1753,14969,14983,6442.8,30367,15193,1.026764,0.014016,1529,21,1.15523112e-03,1.766348,0.02426
1,1754,14983,15013,6447.0,27851,16069,0.855126,0.070339,1288,116,1.15455996e-03,1.487073,0.133929
1,1755,15013,15017,6451.2,16657,21577,0.10921,0.436838,172,667,1.15388936e-03,0.198469,0.769644
1,1756,15017,15031,6455.4,17393,21929,0.157142,0.458918,245,702,1.15321960e-03,0.282539,0.80956
1,1757,15031,15053,6459.5,19079,29879,0.267455,0.98492,410,1480,1.15255056e-03,0.472546,1.705775
1,1758,15053,15061,6463.7,22067,19373,0.465175,0.286302,715,434,1.15188217e-03,0.823596,0.499917
1,1759,15061,15073,6467.9,42683,20731,1.831752,0.375373,2702,575,1.15121456e-03,3.110582,0.661948
1,1760,15073,15077,6472.1,23677,27961,0.570405,0.854547,875,1292,1.15054770e-03,1.006729,1.486508
1,1761,15077,15083,6476.3,17047,19141,0.130213,0.269045,206,411,1.14988166e-03,0.236876,0.472601
1,1762,15083,15091,6480.4,19163,24001,0.26983,0.590418,412,907,1.14921643e-03,0.473477,1.042339
1,1763,15091,15101,6484.6,17021,29873,0.127144,0.978213,199,1473,1.14855197e-03,0.228562,1.691817
1,1764,15101,15107,6488.8,16603,17317,0.099027,0.14629,156,226,1.14788828e-03,0.179071,0.259423
1,1765,15107,15121,6493.0,19403,23167,0.283182,0.532108,432,820,1.14722539e-03,0.495601,0.940725
1,1766,15121,15131,6497.1,17581,19079,0.161919,0.260921,256,401,1.14656321e-03,0.29352,0.459772
1,1767,15131,15137,6501.3,19213,16901,0.269274,0.116536,412,182,1.14590179e-03,0.472112,0.208554
1,1768,15137,15139,6505.5,16067,26881,0.061299,0.775613,101,1181,1.14524116e-03,0.115669,1.35253
1,1769,15139,15149,6509.7,20369,24151,0.344577,0.594231,533,920,1.14458136e-03,0.610062,1.053015
1,1770,15149,15161,6513.9,22409,16529,0.478069,0.090232,738,144,1.14392232e-03,0.844215,0.164725
1,1771,15161,15173,6518.0,16349,20359,0.077506,0.341791,125,530,1.14326401e-03,0.142908,0.60593
1,1772,15173,15187,6522.2,19471,17183,0.282083,0.131428,437,206,1.14260642e-03,0.499319,0.235377
1,1773,15187,15193,6526.4,17033,40483,0.121108,1.664582,192,2470,1.14194955e-03,0.219254,2.820615
1,1774,15193,15199,6530.6,25579,27631,0.68294,0.817949,1042,1241,1.14129346e-03,1.189228,1.416345
1,1775,15199,15217,6534.8,18919,37963,0.243281,1.494776,379,2237,1.14063816e-03,0.432302,2.551608
1,1776,15217,15227,6539.0,39079,16529,1.566428,0.085506,2337,138,1.13998352e-03,2.664141,0.157318
1,1777,15227,15233,6543.1,23753,20047,0.559312,0.316024,865,490,1.13932962e-03,0.98552,0.558272
1,1778,15233,15241,6547.3,31393,18223,1.059773,0.195656,1606,310,1.13867651e-03,1.828714,0.35299
1,1779,15241,15259,6551.5,18919,32707,0.239858,1.143456,375,1729,1.13802415e-03,0.426759,1.967644
1,1780,15259,15263,6555.7,17903,59369,0.172967,2.889733,271,4221,1.13737246e-03,0.308228,4.800849
1,1781,15263,15269,6559.9,20543,17047,0.345406,0.116445,537,186,1.13672156e-03,0.610419,0.21143
1,1782,15269,15271,6564.1,36583,25127,1.395586,0.645406,2097,992,1.13607144e-03,2.382342,1.126983
1,1783,15271,15277,6568.2,17837,17977,0.167572,0.176736,262,278,1.13542213e-03,0.297481,0.315647
1,1784,15277,15287,6572.4,32117,24169,1.100935,0.581017,1662,906,1.13477359e-03,1.885994,1.028105
1,1785,15287,15289,6576.6,21191,20347,0.386029,0.330826,598,513,1.13412579e-03,0.678207,0.581807
1,1786,15289,15299,6580.8,34183,17827,1.234329,0.16524,1867,258,1.13347880e-03,2.116205,0.292438
1,1787,15299,15307,6585.0,17623,20533,0.151303,0.341412,239,530,1.13283253e-03,0.270747,0.600401
1,1788,15307,15313,6589.2,26959,16493,0.76053,0.077059,1170,124,1.13218702e-03,1.324659,0.140391
1,1789,15313,15319,6593.3,78059,47497,4.095568,2.100529,5879,3106,1.13154227e-03,6.652337,3.51457
1,1790,15319,15329,6597.5,20627,18257,0.345619,0.191011,535,303,1.13089828e-03,0.605031,0.342662
1,1791,15329,15331,6601.7,17891,19699,0.166982,0.284913,259,439,1.13025502e-03,0.292736,0.496182
1,1792,15331,15349,6605.9,20789,45007,0.35442,1.932243,550,2884,1.12961256e-03,0.621287,3.257803
1,1793,15349,15359,6610.1,24517,27017,0.596263,0.759034,927,1170,1.12897075e-03,1.046556,1.320896
1,1794,15359,15361,6614.3,32771,16361,1.13339,0.0651,1719,103,1.12832965e-03,1.939599,0.116218
1,1795,15361,15373,6618.5,17377,22549,0.130358,0.466792,202,726,1.12768936e-03,0.227793,0.818702
1,1796,15373,15377,6622.7,34703,27803,1.256812,0.80809,1911,1240,1.12704976e-03,2.153792,1.397542
1,1797,15377,15383,6626.8,21391,30703,0.390561,0.995905,604,1515,1.12641093e-03,0.680352,1.706513
1,1798,15383,15391,6631.0,23143,17387,0.503671,0.129686,785,201,1.12577287e-03,0.883732,0.22628
1,1799,15391,15401,6635.2,15427,15461,0.001688,0.003896,3,7,1.12513553e-03,0.003375,0.007876
1,1800,15401,15413,6639.4,16229,34871,0.052942,1.262441,86,1922,1.12449891e-03,0.096707,2.161287
1,1801,15413,15427,6643.6,27743,22619,0.798341,0.466196,1225,725,1.12386298e-03,1.376732,0.814801
1,1802,15427,15439,6647.8,16787,30427,0.087311,0.970788,137,1484,1.12322772e-03,0.153882,1.66687
1,1803,15439,15443,6652.0,17729,29641,0.148028,0.919381,232,1414,1.12259316e-03,0.260442,1.587347
1,1804,15443,15451,6656.2,23627,22549,0.529157,0.459388,825,717,1.12195936e-03,0.925616,0.804445
1,1805,15451,15461,6660.3,16693,16127,0.079684,0.043076,126,72,1.12132629e-03,0.141287,0.080735
1,1806,15461,15467,6664.5,17681,25163,0.143143,0.626883,225,971,1.12069392e-03,0.252156,1.088194
1,1807,15467,15473,6668.7,17117,33301,0.10625,1.152201,166,1758,1.12006230e-03,0.18593,1.96907
1,1808,15473,15493,6672.9,17903,15923,0.155554,0.027754,243,49,1.11943142e-03,0.272022,0.054852
1,1809,15493,15497,6677.1,34439,24709,1.222301,0.594438,1870,927,1.11880114e-03,2.092158,1.037129
1,1810,15497,15511,6681.3,15823,38461,0.020115,1.479595,37,2248,1.11817163e-03,0.041372,2.51365
1,1811,15511,15527,6685.5,18169,24683,0.170155,0.589682,271,922,1.11754278e-03,0.302854,1.030374
1,1812,15527,15541,6689.7,20359,17189,0.310019,0.106042,489,167,1.11691457e-03,0.546171,0.186525
1,1813,15541,15551,6693.9,16993,26083,0.092727,0.677255,147,1054,1.11628702e-03,0.164094,1.176567
1,1814,15551,15559,6698.1,22259,23531,0.430619,0.512372,678,801,1.11566017e-03,0.756418,0.893644
1,1815,15559,15569,6702.2,25247,17791,0.62162,0.14272,971,227,1.11503404e-03,1.082698,0.253113
1,1816,15569,15581,6706.4,42437,18461,1.723638,0.184841,2621,300,1.11440860e-03,2.920865,0.334323
1,1817,15581,15583,6710.6,26927,32687,0.727973,1.097606,1137,1689,1.11378383e-03,1.266372,1.881181
1,1818,15583,15601,6714.8,21569,30949,0.38254,0.983783,603,1519,1.11315984e-03,0.671235,1.69089
1,1819,15601,15607,6719.0,20129,16547,0.289742,0.060229,458,96,1.11253646e-03,0.509542,0.106803
1,1820,15607,15619,6723.2,22079,17683,0.413599,0.132147,655,212,1.11191380e-03,0.728304,0.235726
1,1821,15619,15629,6727.4,21977,16493,0.406168,0.055282,641,91,1.11129182e-03,0.712338,0.101128
1,1822,15629,15641,6731.6,34061,27749,1.177674,0.774119,1822,1205,1.11067053e-03,2.023642,1.338358
1,1823,15641,15643,6735.8,35107,22859,1.244263,0.461293,1920,729,1.11004990e-03,2.131296,0.809226
1,1824,15643,15647,6740.0,17581,26237,0.123602,0.676807,198,1059,1.10943003e-03,0.219667,1.174886
1,1825,15647,15649,6744.2,21997,32999,0.405649,1.108697,639,1713,1.10881091e-03,0.70853,1.899393
1,1826,15649,15661,6748.4,17351,29399,0.107911,0.877211,169,1368,1.10819254e-03,0.187285,1.516007
1,1827,15661,15667,6752.6,19793,24419,0.263356,0.558626,413,884,1.10757483e-03,0.457428,0.979096
1,1828,15667,15671,6756.8,24799,23251,0.582477,0.483696,915,765,1.10695784e-03,1.012866,0.846823
1,1829,15671,15679,6761.0,21139,32887,0.348236,1.097519,546,1696,1.10634158e-03,0.604063,1.876355
1,1830,15679,15683,6765.2,22721,20681,0.448766,0.318689,709,499,1.10572602e-03,0.78396,0.551757
1,1831,15683,15727,6769.4,16889,17257,0.073886,0.097285,117,155,1.10511119e-03,0.129298,0.171292
1,1832,15727,15731,6773.5,15971,17387,0.015256,0.10527,28,167,1.10449674e-03,0.030926,0.184451
1,1833,15731,15733,6777.7,18097,15737,0.150257,0.000254,241,2,1.10388301e-03,0.266036,0.002208
1,1834,15733,15737,6781.9,34897,19073,1.217513,0.211984,1891,332,1.10327003e-03,2.086284,0.366286
1,1835,15737,15739,6786.1,17929,16903,0.139145,0.073956,221,115,1.10265777e-03,0.243687,0.126806
1,1836,15739,15749,6790.3,27983,16529,0.776811,0.049527,1218,78,1.10204626e-03,1.342292,0.08596
1,1837,15749,15761,6794.5,19571,23909,0.241736,0.516972,383,823,1.10143542e-03,0.42185,0.906481
1,1838,15761,15767,6798.7,26687,51151,0.692586,2.244181,1088,3396,1.10082523e-03,1.197698,3.738402
1,1839,15767,15773,6802.9,24469,21599,0.551322,0.369365,876,586,1.10021574e-03,0.963789,0.644726
1,1840,15773,15787,6807.1,42797,23131,1.710901,0.465193,2636,742,1.09960696e-03,2.898564,0.815908
1,1841,15787,15791,6811.3,21757,25589,0.37781,0.62048,600,977,1.09899881e-03,0.659399,1.073722
1,1842,15791,15797,6815.5,19441,17749,0.230677,0.123568,362,196,1.09839138e-03,0.397618,0.215285
1,1843,15797,15803,6819.7,28087,18289,0.777321,0.157312,1221,253,1.09778464e-03,1.340395,0.27774
1,1844,15803,15809,6823.9,23327,29453,0.475552,0.863053,757,1357,1.09717861e-03,0.830564,1.488871
1,1845,15809,15817,6828.1,57731,26423,2.649934,0.670544,4004,1058,1.09657327e-03,4.390679,1.160175
1,1846,15817,15823,6832.3,19457,19141,0.229666,0.209695,360,326,1.09596861e-03,0.394549,0.357286
1,1847,15823,15859,6836.5,37369,28057,1.356328,0.769153,2111,1214,1.09536464e-03,2.312315,1.329773
1,1848,15859,15877,6840.7,17029,18443,0.072558,0.161617,116,265,1.09476111e-03,0.126992,0.290112
1,1849,15877,15881,6844.9,30467,19427,0.918456,0.223286,1440,352,1.09415816e-03,1.575588,0.385144
1,1850,15881,15887,6849.1,26407,17033,0.662177,0.072134,1051,115,1.09355592e-03,1.149327,0.125759
1,1851,15887,15889,6853.3,16057,33893,0.010573,1.133111,15,1779,1.09295438e-03,0.016394,1.944366
1,1852,15889,15901,6857.5,43607,41221,1.742406,1.592353,2691,2463,1.09235355e-03,2.939523,2.690467
1,1853,15901,15907,6861.7,38281,18251,1.406551,0.147357,2187,238,1.09175337e-03,2.387665,0.259837
1,1854,15907,15913,6865.9,46093,25633,1.896563,0.610821,2915,969,1.09115387e-03,3.180714,1.057328
1,1855,15913,15919,6870.1,19681,22229,0.236321,0.396382,372,635,1.09055505e-03,0.405686,0.692502
1,1856,15919,15923,6874.3,36749,20063,1.307919,0.260001,2040,413,1.08995692e-03,2.223512,0.450152
1,1857,15923,15937,6878.5,27479,28087,0.724227,0.762377,1145,1207,1.08935949e-03,1.247317,1.314857
1,1858,15937,15959,6882.7,28879,19717,0.809575,0.235478,1287,374,1.08876268e-03,1.401238,0.407197
1,1859,15959,15971,6886.9,21587,59441,0.351637,2.721808,564,4150,1.08816640e-03,0.613726,4.515891
1,1860,15971,15973,6891.1,28403,53959,0.778188,2.378138,1230,3638,1.08757076e-03,1.337712,3.956582
1,1861,15973,15991,6895.3,18199,16427,0.138078,0.027265,224,43,1.08697583e-03,0.243483,0.04674
1,1862,15991,16001,6899.5,18049,46091,0.127992,1.880507,207,2906,1.08638148e-03,0.224881,3.157025
1,1863,16001,16007,6903.8,26863,25523,0.678203,0.59449,1084,948,1.08578776e-03,1.176994,1.029327
1,1864,16007,16033,6908.0,18119,44963,0.130107,1.804403,211,2808,1.08519473e-03,0.228976,3.047227
1,1865,16033,16057,6912.2,22783,23017,0.418883,0.433456,681,702,1.08460220e-03,0.738614,0.761391
1,1866,16057,16061,6916.4,50957,17747,2.172717,0.104975,3352,171,1.08401019e-03,3.633602,0.185366
1,1867,16061,16063,6920.6,23201,16843,0.444375,0.048559,722,77,1.08341887e-03,0.782228,0.083423
1,1868,16063,16067,6924.8,18587,17471,0.156843,0.087384,259,141,1.08282826e-03,0.280453,0.152679
1,1869,16067,16069,6929.0,26161,16223,0.628042,0.009584,1006,16,1.08223833e-03,1.088732,0.017316
1,1870,16069,16073,6933.2,26723,24371,0.662602,0.51627,1063,835,1.08164911e-03,1.149793,0.903177
1,1871,16073,16087,6937.4,17333,48871,0.077454,2.037919,122,3156,1.08106057e-03,0.131889,3.411827
1,1872,16087,16091,6941.6,19843,26959,0.233174,0.675409,373,1086,1.08047263e-03,0.403016,1.173393
1,1873,16091,16097,6945.8,29741,29191,0.847611,0.813443,1351,1300,1.07988538e-03,1.458925,1.403851
1,1874,16097,16103,6950.0,18077,18433,0.122586,0.144694,198,237,1.07929879e-03,0.213701,0.255794
1,1875,16103,16111,6954.2,32957,16369,1.045621,0.016014,1657,24,1.07871286e-03,1.787427,0.025889
1,1876,16111,16127,6958.4,17623,29063,0.092764,0.802133,150,1285,1.07812759e-03,0.161719,1.385394
1,1877,16127,16139,6962.6,28513,24623,0.766714,0.525683,1224,851,1.07754288e-03,1.318912,0.916989
1,1878,16139,16141,6966.8,28051,19319,0.737872,0.19689,1182,312,1.07695879e-03,1.272965,0.336011
1,1879,16141,16183,6971.1,28319,37171,0.749923,1.296917,1206,2059,1.07637540e-03,1.298109,2.216257
1,1880,16183,16187,6975.3,30593,18041,0.889973,0.114536,1422,186,1.07579236e-03,1.529777,0.200097
1,1881,16187,16189,6979.5,21569,17099,0.332324,0.056211,540,90,1.07521000e-03,0.580613,0.096769
1,1882,16189,16193,6983.7,21559,25409,0.331378,0.569135,537,919,1.07462832e-03,0.577075,0.987583
1,1883,16193,16217,6987.9,61231,24533,2.775729,0.512795,4280,839,1.07404732e-03,4.596923,0.901126
1,1884,16217,16223,6992.1,23599,20443,0.454663,0.260125,741,426,1.07346683e-03,0.795439,0.457297
1,1885,16223,16229,6996.3,25951,16333,0.599051,0.006408,971,9,1.07288699e-03,1.041773,0.009656
1,1886,16229,16231,7000.5,39079,18749,1.407677,0.155135,2227,254,1.07230780e-03,2.388029,0.272366
1,1887,16231,16249,7004.7,33347,25309,1.052249,0.557573,1684,905,1.07172929e-03,1.804792,0.969915
1,1888,16249,16253,7008.9,36137,19571,1.223405,0.204147,1950,332,1.07115134e-03,2.088745,0.355622
1,1889,16253,16267,7013.2,19051,19379,0.171144,0.191308,275,304,1.07057406e-03,0.294408,0.325455
1,1890,16267,16273,7017.4,18371,33569,0.128925,1.062865,215,1703,1.06999735e-03,0.230049,1.822205
1,1891,16273,16301,7021.6,37619,28871,1.307773,0.771118,2094,1253,1.06942130e-03,2.239368,1.339985
1,1892,16301,16319,7025.8,26449,41669,0.620749,1.553404,1014,2468,1.06884571e-03,1.08381,2.637911
1,1893,16319,16333,7030.0,28813,23227,0.764097,0.42209,1245,699,1.06827067e-03,1.329997,0.746721
1,1894,16333,16339,7034.2,36697,17449,1.245976,0.067936,1997,113,1.06769621e-03,2.132189,0.12065
1,1895,16339,16349,7038.4,35081,20101,1.145758,0.229494,1844,377,1.06712240e-03,1.967774,0.402305
1,1896,16349,16361,7042.6,22027,17327,0.346311,0.059043,571,96,1.06654919e-03,0.609,0.102389
1,1897,16361,16363,7046.9,28603,17377,0.748029,0.061969,1216,100,1.06597658e-03,1.296228,0.106598
1,1898,16363,16369,7051.1,18329,17551,0.119739,0.07221,203,120,1.06540464e-03,0.216277,0.127849
1,1899,16369,16381,7055.3,17477,54151,0.066907,2.30572,111,3614,1.06483334e-03,0.118197,3.848308
1,1900,16381,16411,7059.5,63499,21487,2.869295,0.309305,4465,509,1.06426263e-03,4.751933,0.54171
1,1901,16411,16417,7063.7,21713,19309,0.322592,0.176159,535,288,1.06369237e-03,0.569075,0.306343
1,1902,16417,16421,7067.9,23327,22571,0.420559,0.37452,699,621,1.06312274e-03,0.743123,0.660199
1,1903,16421,16427,7072.1,24889,16921,0.515128,0.030072,848,48,1.06255377e-03,0.901046,0.051003
1,1904,16427,16433,7076.4,19309,24251,0.175014,0.47575,285,795,1.06198543e-03,0.302666,0.844278
1,1905,16433,16447,7080.6,53359,17471,2.2443,0.062261,3537,104,1.06141772e-03,3.754234,0.110387
1,1906,16447,16451,7084.8,17681,32411,0.074767,0.970154,125,1572,1.06085058e-03,0.132606,1.667657
1,1907,16451,16453,7089.0,18049,25423,0.097004,0.545189,162,896,1.06028409e-03,0.171766,0.950015
1,1908,16453,16477,7093.2,30697,25121,0.863021,0.52461,1403,865,1.05971826e-03,1.486785,0.916656
1,1909,16477,16481,7097.4,23623,27253,0.433347,0.653601,719,1074,1.05915292e-03,0.761531,1.13753
1,1910,16481,16487,7101.7,23549,21617,0.428337,0.311154,708,519,1.05858822e-03,0.74948,0.549407
1,1911,16487,16493,7105.9,25127,31727,0.523495,0.923665,863,1501,1.05802415e-03,0.913075,1.588094
1,1912,16493,16519,7110.1,24061,23447,0.456565,0.419396,764,698,1.05746071e-03,0.8079,0.738108
1,1913,16519,16529,7114.3,49537,21107,1.996975,0.276968,3177,460,1.05689774e-03,3.357764,0.486173
1,1914,16529,16547,7118.5,19961,17519,0.206321,0.058742,342,102,1.05633536e-03,0.361267,0.107746
1,1915,16547,16553,7122.7,16843,22921,0.017519,0.384704,29,643,1.05577350e-03,0.030617,0.678862
1,1916,16553,16561,7127.0,43783,21481,1.643741,0.297084,2644,492,1.05521228e-03,2.789981,0.519164
1,1917,16561,16567,7131.2,19489,37087,0.176375,1.238607,295,2015,1.05465165e-03,0.311122,2.125123
1,1918,16567,16573,7135.4,29389,33151,0.773306,1.000302,1275,1635,1.05409165e-03,1.343967,1.72344
1,1919,16573,16603,7139.6,20011,23599,0.205264,0.42137,344,706,1.05353227e-03,0.362415,0.743794
1,1920,16603,16607,7143.8,17467,19403,0.051785,0.168363,88,277,1.05297332e-03,0.092662,0.291674
1,1921,16607,16619,7148.1,40559,19037,1.44052,0.145496,2331,242,1.05241501e-03,2.453179,0.254684
1,1922,16619,16631,7152.3,22111,31063,0.329505,0.867777,557,1424,1.05185726e-03,0.585884,1.497845
1,1923,16631,16633,7156.5,22367,44279,0.344736,1.662117,580,2687,1.05130009e-03,0.609754,2.824843
1,1924,16633,16649,7160.7,21023,19813,0.262718,0.190041,442,318,1.05074356e-03,0.464429,0.334136
1,1925,16649,16651,7164.9,30689,22171,0.843072,0.331512,1385,562,1.05018757e-03,1.45451,0.590205
1,1926,16651,16657,7169.2,29027,18679,0.742631,0.12139,1232,207,1.04963222e-03,1.293147,0.217274
1,1927,16657,16661,7173.4,45691,42989,1.742392,1.580217,2808,2567,1.04907749e-03,2.94581,2.692982
1,1928,16661,16673,7177.6,33289,27749,0.996581,0.664308,1636,1099,1.04852338e-03,1.715384,1.152327
1,1929,16673,16691,7181.8,18439,17189,0.104727,0.029836,183,50,1.04796983e-03,0.191778,0.052398
1,1930,16691,16693,7186.1,17333,35537,0.038339,1.128856,63,1855,1.04741680e-03,0.065987,1.942958
1,1931,16693,16699,7190.3,21163,33863,0.267321,1.027846,448,1696,1.04686441e-03,0.468995,1.775482
1,1932,16699,16703,7194.5,18583,34283,0.112555,1.052506,194,1731,1.04631263e-03,0.202985,1.811167
1,1933,16703,16729,7198.7,27179,21139,0.624664,0.263614,1044,442,1.04576147e-03,1.091775,0.462227
1,1934,16729,16741,7202.9,31183,19753,0.862672,0.179918,1426,302,1.04521076e-03,1.490471,0.315654
1,1935,16741,16747,7207.2,26293,32401,0.570013,0.934735,954,1542,1.04466062e-03,0.996606,1.610867
1,1936,16747,16759,7211.4,21521,17971,0.284146,0.072319,479,124,1.04411107e-03,0.500129,0.12947
1,1937,16759,16763,7215.6,21017,19751,0.253773,0.17825,427,298,1.04356209e-03,0.445601,0.310982
1,1938,16763,16787,7219.8,22193,37691,0.322035,1.245249,551,2053,1.04301372e-03,0.574701,2.141307
1,1939,16787,16811,7224.1,47837,23327,1.845577,0.387603,2992,662,1.04246581e-03,3.119058,0.690112
1,1940,16811,16823,7228.3,18169,41479,0.08001,1.465613,142,2398,1.04191837e-03,0.147952,2.49852
1,1941,16823,16829,7232.5,21617,25601,0.284509,0.521243,488,878,1.04137149e-03,0.508189,0.914324
1,1942,16829,16831,7236.7,21107,26777,0.254055,0.590933,431,996,1.04082521e-03,0.448596,1.036662
1,1943,16831,16843,7241.0,28669,22727,0.702131,0.349344,1181,597,1.04027955e-03,1.22857,0.621047
1,1944,16843,16871,7245.2,18757,22159,0.111789,0.313437,197,542,1.03973444e-03,0.204828,0.563536
1,1945,16871,16879,7249.4,17123,25849,0.014456,0.53143,29,900,1.03918977e-03,0.030137,0.935271
1,1946,16879,16883,7253.7,17077,49429,0.011491,1.927738,23,3133,1.03864568e-03,0.023889,3.254077
1,1947,16883,16889,7257.9,29363,17509,0.738587,0.03671,1243,68,1.03810219e-03,1.290361,0.070591
1,1948,16889,16901,7262.1,26711,27281,0.580439,0.614165,982,1039,1.03755930e-03,1.018883,1.078024
1,1949,16901,16903,7266.3,23327,22369,0.380051,0.323375,652,555,1.03701695e-03,0.676135,0.575544
1,1950,16903,16921,7270.6,20983,35449,0.240057,1.094971,410,1826,1.03647523e-03,0.424955,1.892604
1,1951,16921,16927,7274.8,34327,21191,1.027944,0.251905,1718,432,1.03593400e-03,1.779735,0.447523
1,1952,16927,16931,7279.0,26417,19219,0.560274,0.135137,950,228,1.03539337e-03,0.983624,0.23607
1,1953,16931,16937,7283.2,54541,19031,2.220228,0.123635,3597,209,1.03485334e-03,3.722367,0.216284
1,1954,16937,16943,7287.5,18713,17293,0.104468,0.020657,182,34,1.03431389e-03,0.188245,0.035167
1,1955,16943,16963,7291.7,39097,17401,1.30484,0.025821,2160,47,1.03377503e-03,2.232954,0.048587
1,1956,16963,16979,7295.9,20147,31013,0.186583,0.82655,323,1385,1.03323666e-03,0.333735,1.431033
1,1957,16979,16981,7300.2,19207,36161,0.131088,1.129498,220,1883,1.03269880e-03,0.227194,1.944572
1,1958,16981,16987,7304.4,20681,19001,0.21746,0.118561,371,201,1.03216155e-03,0.382932,0.207464
1,1959,16987,16993,7308.6,31319,22679,0.843053,0.334608,1416,574,1.03162488e-03,1.460781,0.592153
1,1960,16993,17011,7312.9,30763,25303,0.808418,0.487449,1357,830,1.03108879e-03,1.399187,0.855804
1,1961,17011,17021,7317.1,21491,21799,0.262617,0.280712,449,484,1.03055320e-03,0.462718,0.498788
1,1962,17021,17027,7321.3,25943,23159,0.523639,0.360134,893,622,1.03001816e-03,0.919806,0.640671
1,1963,17027,17029,7325.5,30577,28403,0.795584,0.667919,1338,1127,1.02948369e-03,1.377449,1.160228
1,1964,17029,17033,7329.8,20639,34549,0.211707,1.028357,362,1728,1.02894984e-03,0.37248,1.778025
1,1965,17033,17041,7334.0,17341,39839,0.017605,1.337832,29,2222,1.02841657e-03,0.029824,2.285142
1,1966,17041,17047,7338.2,37423,22901,1.195284,0.343404,1996,590,1.02788387e-03,2.051656,0.606451
1,1967,17047,17053,7342.5,24083,20479,0.412244,0.200903,712,345,1.02735174e-03,0.731474,0.354436
1,1968,17053,17077,7346.7,29311,31159,0.716402,0.824618,1217,1389,1.02682018e-03,1.24964,1.426253
1,1969,17077,17093,7350.9,23911,66701,0.398877,2.902241,692,4679,1.02628907e-03,0.710192,4.802007
1,1970,17093,17099,7355.2,33637,41953,0.967191,1.453535,1635,2416,1.02575847e-03,1.677115,2.478232
1,1971,17099,17107,7359.4,17107,34361,0.0,1.008593,1,1701,1.02522843e-03,0.001025,1.743914
1,1972,17107,17117,7363.6,62423,62653,2.646842,2.660279,4297,4318,1.02469895e-03,4.403131,4.42465
1,1973,17117,17123,7367.9,35983,45361,1.101443,1.649127,1849,2734,1.02417001e-03,1.89369,2.800081
1,1974,17123,17137,7372.1,27823,23251,0.623563,0.356772,1065,619,1.02364165e-03,1.090178,0.633634
1,1975,17137,17159,7376.3,20357,18457,0.186374,0.075645,325,140,1.02311379e-03,0.332512,0.143236
1,1976,17159,17167,7380.6,40361,18089,1.351081,0.053708,2259,97,1.02258639e-03,2.310023,0.099191
1,1977,17167,17183,7384.8,22003,27067,0.28051,0.57522,488,991,1.02205954e-03,0.498765,1.012861
1,1978,17183,17189,7389.0,21997,37117,0.279714,1.159346,486,1956,1.02153319e-03,0.496465,1.998119
1,1979,17189,17191,7393.3,18199,19433,0.058635,0.130417,106,224,1.02100740e-03,0.108227,0.228706
1,1980,17191,17203,7397.5,18013,36073,0.047085,1.096902,85,1852,1.02048220e-03,0.086741,1.889933
1,1981,17203,17207,7401.7,24851,22307,0.444238,0.296391,767,519,1.01995753e-03,0.782307,0.529358
1,1982,17207,17209,7406.0,37253,17489,1.164739,0.016271,1964,30,1.01943343e-03,2.002167,0.030583
1,1983,17209,17231,7410.2,20509,26317,0.190239,0.527305,332,909,1.01890992e-03,0.338278,0.926189
1,1984,17231,17239,7414.5,36451,19777,1.11445,0.147224,1879,255,1.01838686e-03,1.913549,0.259689
1,1985,17239,17257,7418.7,20939,29443,0.213363,0.706148,370,1215,1.01786434e-03,0.37661,1.236705
1,1986,17257,17291,7422.9,33487,39839,0.936672,1.304031,1599,2201,1.01734230e-03,1.62673,2.23917
1,1987,17291,17293,7427.2,20681,26053,0.195917,0.506563,342,879,1.01682063e-03,0.347753,0.893785
1,1988,17293,17299,7431.4,23603,27509,0.364414,0.590208,638,1017,1.01629954e-03,0.648399,1.033577
1,1989,17299,17317,7435.6,29059,21499,0.678062,0.241497,1171,423,1.01577901e-03,1.189477,0.429675
1,1990,17317,17321,7439.9,20807,27551,0.201259,0.590613,353,1020,1.01525895e-03,0.358386,1.035564
1,1991,17321,17327,7444.1,25999,47407,0.500491,1.736019,869,2897,1.01473947e-03,0.881809,2.9397
1,1992,17327,17333,7448.4,25447,28597,0.468124,0.649859,813,1120,1.01422053e-03,0.824561,1.135927
1,1993,17333,17341,7452.6,19213,23311,0.107952,0.344271,186,606,1.01370215e-03,0.188549,0.614304
1,1994,17341,17351,7456.8,26029,53719,0.500144,2.096018,870,3481,1.01318430e-03,0.88147,3.526895
1,1995,17351,17359,7461.1,51383,22961,1.960021,0.322714,3261,566,1.01266698e-03,3.302307,0.57317
1,1996,17359,17377,7465.3,19751,45523,0.136617,1.619727,239,2723,1.01215020e-03,0.241904,2.756085
1,1997,17377,17383,7469.6,18979,18661,0.091814,0.07352,161,134,1.01163389e-03,0.162873,0.135559
1,1998,17383,17387,7473.8,20287,24847,0.166791,0.429056,294,749,1.01111812e-03,0.297269,0.757327
1,1999,17387,17389,7478.0,18701,21101,0.07545,0.213468,136,373,1.01060292e-03,0.137442,0.376955
1,2000,17389,17393,7482.3,51137,17707,1.940091,0.018053,3233,33,1.01008829e-03,3.265615,0.033333
2,1481,12409,12413,5318.3,13687,25849,0.102634,1.082414,136,1364,1.37187279e-03,0.186575,1.871234
2,1485,12437,12451,5334.7,14621,13337,0.174283,0.071159,226,99,1.36810151e-03,0.309191,0.135442
2,1489,12479,12487,5351.0,12893,14347,0.032514,0.148955,45,194,1.36435069e-03,0.061396,0.264684
2,1493,12503,12511,5367.4,15107,12911,0.207497,0.031972,272,44,1.36062084e-03,0.370089,0.059867
2,1497,12539,12541,5383.8,57557,19961,3.589506,0.591659,4334,759,1.35691181e-03,5.880856,1.029896
2,1501,12569,12577,5400.2,13147,25229,0.045321,1.005963,62,1282,1.35322343e-03,0.0839,1.734832
2,1505,12601,12611,5416.6,15683,23311,0.243597,0.848466,326,1094,1.34955511e-03,0.439955,1.476413
2,1509,12637,12641,5433.0,13451,15017,0.064077,0.18796,85,247,1.34590686e-03,0.114402,0.332439
2,1513,12659,12671,5449.4,20663,16141,0.630732,0.273854,815,366,1.34227869e-03,1.093957,0.491274
2,1517,12703,12713,5465.8,19963,18869,0.570282,0.484229,740,632,1.33866976e-03,0.990616,0.846039
2,1521,12743,12757,5482.3,24239,13759,0.900055,0.078545,1176,107,1.33507998e-03,1.570054,0.142854
2,1525,12791,12799,5498.7,17573,19423,0.372998,0.51754,495,675,1.33150888e-03,0.659097,0.898768
2,1529,12823,12829,5515.1,53987,26309,3.2082,1.050744,3970,1362,1.32795657e-03,5.271988,1.808677
2,1533,12889,12893,5531.6,13381,21493,0.03785,0.667029,54,878,1.32442291e-03,0.071519,1.162843
2,1537,12911,12917,5548.0,15149,18181,0.172796,0.407525,233,546,1.32090716e-03,0.307771,0.721215
2,1541,12941,12953,5564.4,13591,20507,0.049255,0.583185,66,773,1.31741087e-03,0.086949,1.018359
2,1545,12973,12979,5580.9,27277,19087,1.101626,0.470606,1441,624,1.31393293e-03,1.893377,0.819894
2,1549,13003,13007,5597.3,16427,13457,0.262935,0.034597,355,46,1.31047377e-03,0.465218,0.060282
2,1553,13037,13043,5613.8,24019,13147,0.841524,0.007974,1118,10,1.30703316e-03,1.461263,0.01307
2,1557,13093,13099,5630.3,22073,25367,0.68509,0.93656,917,1241,1.30361029e-03,1.195411,1.61778
2,1561,13121,13127,5646.7,16889,14851,0.286585,0.131332,387,179,1.30020471e-03,0.503179,0.232737
2,1565,13159,13163,5663.2,15383,21871,0.168655,0.661551,233,889,1.29681675e-03,0.302158,1.15287
2,1569,13183,13187,5679.7,13217,13697,0.002275,0.038674,2,51,1.29344692e-03,0.002587,0.065966
2,1573,13229,13241,5696.2,19727,14303,0.489842,0.080205,660,105,1.29009437e-03,0.851462,0.13546
2,1577,13267,13291,5712.7,15913,15331,0.197276,0.153487,278,215,1.28675885e-03,0.357719,0.276653
2,1581,13313,13327,5729.2,29837,27997,1.238838,1.100773,1651,1474,1.28343982e-03,2.118959,1.89179
2,1585,13339,13367,5745.7,14737,15919,0.102491,0.190918,140,271,1.28013817e-03,0.179219,0.346917
2,1589,13399,13411,5762.2,18731,14621,0.396689,0.090224,549,122,1.27685253e-03,0.700992,0.155776
2,1593,13441,13451,5778.7,19471,22993,0.44755,0.70939,616,971,1.27358369e-03,0.784528,1.23665
2,1597,13469,13477,5795.2,20071,49109,0.489278,2.643912,673,3450,1.27033148e-03,0.854933,4.382644
2,1601,13513,13523,5811.7,17729,17707,0.311026,0.309399,434,432,1.26709596e-03,0.54992,0.547385
2,1605,13567,13577,5828.2,25913,17159,0.908595,0.263829,1245,371,1.26387606e-03,1.573526,0.468898
2,1609,13613,13619,5844.8,22093,25693,0.622219,0.886556,868,1221,1.26067176e-03,1.094263,1.53928
2,1613,13649,13669,5861.3,16193,15511,0.184651,0.134757,270,198,1.25748360e-03,0.339521,0.248982
2,1617,13687,13691,5877.9,27743,24043,1.026368,0.756117,1409,1057,1.25431094e-03,1.767324,1.325807
2,1621,13709,13711,5894.4,14929,14699,0.088834,0.072059,127,99,1.25115522e-03,0.158897,0.123864
2,1625,13729,13751,5911.0,20707,21499,0.505854,0.56345,706,787,1.24801601e-03,0.881099,0.982189
2,1629,13763,13781,5927.5,25537,17713,0.853059,0.28532,1183,405,1.24489250e-03,1.472708,0.504181
2,1633,13807,13829,5944.1,14591,31277,0.055102,1.261696,76,1740,1.24178458e-03,0.094376,2.160705
2,1637,13859,13873,5960.6,22637,14923,0.631731,0.075687,891,110,1.23869164e-03,1.103674,0.136256
2,1641,13883,13901,5977.2,23629,14713,0.699806,0.058413,989,80,1.23561398e-03,1.222022,0.098849
2,1645,13913,13921,5993.8,44279,17431,2.180734,0.252137,2965,360,1.23255201e-03,3.654517,0.443719
2,1649,13963,13967,6010.4,17117,17027,0.225532,0.219088,324,314,1.22950544e-03,0.39836,0.386065
2,1653,14009,14011,6026.9,22093,15401,0.576832,0.099208,824,147,1.22647291e-03,1.010614,0.180292
2,1657,14051,14057,6043.5,17383,20897,0.236608,0.48659,341,693,1.22345522e-03,0.417198,0.847854
2,1661,14083,14087,6060.1,15377,14533,0.091574,0.03166,136,40,1.22045206e-03,0.165981,0.048818
2,1665,14149,14153,6076.7,15733,16931,0.111637,0.196283,169,288,1.21746302e-03,0.205751,0.350629
2,1669,14177,14197,6093.3,25343,18661,0.785095,0.314433,1126,462,1.21448821e-03,1.367514,0.561094
2,1673,14243,14249,6109.9,21397,18043,0.501649,0.266264,729,394,1.21152719e-03,0.883203,0.477342
2,1677,14293,14303,6126.6,22807,19273,0.594561,0.34748,871,509,1.20857984e-03,1.052673,0.615167
2,1681,14327,14341,6143.2,15629,24733,0.089812,0.724636,141,1056,1.20564617e-03,0.169996,1.273162
2,1685,14387,14389,6159.8,18583,24979,0.291473,0.735979,441,1076,1.20272642e-03,0.530402,1.294134
2,1689,14411,14419,6176.4,14843,31391,0.029406,1.177058,50,1694,1.19982058e-03,0.059991,2.032496
2,1693,14437,14447,6193.1,27091,21499,0.875199,0.488129,1278,719,1.19692925e-03,1.529676,0.860592
2,1697,14479,14489,6209.7,25439,37321,0.755746,1.575816,1107,2255,1.19405206e-03,1.321816,2.692587
2,1701,14533,14537,6226.4,46861,26953,2.223567,0.854096,3141,1256,1.19118796e-03,3.741521,1.496132
2,1705,14551,14557,6243.0,30133,16937,1.070001,0.163495,1554,249,1.18833769e-03,1.846677,0.295896
2,1709,14591,14593,6259.7,18049,15671,0.236826,0.073871,360,120,1.18550164e-03,0.426781,0.14226
2,1713,14629,14633,6276.3,17183,20849,0.174264,0.424793,265,632,1.18267852e-03,0.31341,0.747453
2,1717,14657,14669,6293.0,21647,25321,0.475697,0.726157,713,1076,1.17986919e-03,0.841247,1.269539
2,1721,14713,14717,6309.7,24527,17891,0.666576,0.215669,1000,329,1.17707279e-03,1.177073,0.387257
2,1725,14737,14741,6326.3,19181,19699,0.301201,0.336341,450,505,1.17428964e-03,0.52843,0.593016
2,1729,14759,14767,6343.0,15289,15823,0.035349,0.071511,57,118,1.17152021e-03,0.066777,0.138239
2,1730,14767,14771,6347.2,22447,25583,0.519667,0.731975,781,1087,1.17082996e-03,0.914418,1.272692
2,1731,14771,14779,6351.3,16651,21247,0.126666,0.437648,195,657,1.17014057e-03,0.228177,0.768782
2,1732,14779,14783,6355.5,22291,20393,0.507881,0.37949,766,572,1.16945201e-03,0.8958,0.668927
3,600,4409,4421,1880.2,4973,7907,0.124859,0.788509,66,399,3.45848014e-03,0.22826,1.379934
3,604,4447,4451,1894.8,5683,4933,0.276792,0.10829,144,55,3.43495353e-03,0.494633,0.188922
3,608,4481,4483,1909.4,8161,8171,0.820433,0.822663,416,418,3.41174754e-03,1.419287,1.42611
3,612,4513,4517,1924.0,5791,8087,0.282046,0.790348,148,404,3.38884754e-03,0.501549,1.369094
3,616,4547,4549,1938.6,7211,6427,0.585184,0.412838,305,220,3.36625886e-03,1.026709,0.740577
3,620,4583,4591,1953.2,7621,7649,0.659987,0.666086,348,351,3.34396089e-03,1.163698,1.17373
3,624,4621,4637,1967.9,19681,6113,3.244339,0.318309,1603,173,3.32194885e-03,5.325084,0.574697
3,628,4649,4651,1982.6,9059,5261,0.947753,0.131155,498,70,3.30021614e-03,1.643508,0.231015
3,632,4673,4679,1997.2,5987,9343,0.279547,0.996794,151,525,3.27878189e-03,0.495096,1.72136
3,636,4721,4723,2011.9,5791,4801,0.226127,0.016515,124,11,3.25761789e-03,0.403945,0.035834
3,640,4751,4759,2026.6,12433,5407,1.612524,0.136163,844,73,3.23672142e-03,2.731793,0.236281
3,644,4789,4793,2041.3,11579,5393,1.415815,0.125183,749,67,3.21607618e-03,2.408841,0.215477
3,648,4813,4817,2056.1,12157,6899,1.52377,0.432219,807,239,3.19570406e-03,2.578933,0.763773
3,652,4871,4877,2070.8,5021,12613,0.029526,1.586221,21,855,3.17557617e-03,0.066687,2.715118
3,656,4909,4919,2085.6,5527,5953,0.123602,0.210205,75,125,3.15568185e-03,0.236676,0.39446
3,660,4937,4943,2100.3,8623,5051,0.744487,0.021849,413,16,3.13603198e-03,1.295181,0.050177
3,664,4967,4969,2115.1,6043,5077,0.21614,0.021735,124,14,3.11663343e-03,0.386463,0.043633
3,668,4993,4999,2129.9,6079,11047,0.216043,1.209842,125,670,3.09747985e-03,0.387185,2.075312
3,672,5011,5021,2144.7,5557,5563,0.106752,0.107947,61,62,3.07856756e-03,0.187793,0.190871
3,676,5051,5059,2159.5,8039,7451,0.589049,0.472821,335,267,3.05988910e-03,1.025063,0.81699
3,680,5087,5099,2174.3,9923,11437,0.946068,1.242989,543,699,3.04142628e-03,1.651494,2.125957
3,684,5113,5119,2189.2,7547,10771,0.474311,1.104122,273,628,3.02318814e-03,0.82533,1.898562
3,688,5167,5171,2204.0,13463,6299,1.603558,0.21814,908,131,3.00515918e-03,2.728685,0.393676
3,692,5197,5209,2218.9,11731,6553,1.252064,0.258015,716,155,2.98733948e-03,2.138935,0.463038
3,696,5233,5237,2233.7,10639,10069,1.031507,0.922666,602,540,2.96972244e-03,1.787773,1.60365
3,700,5279,5281,2248.6,6857,7349,0.298428,0.391593,182,236,2.95230776e-03,0.53732,0.696745
3,704,5309,5323,2263.5,6269,6257,0.177719,0.175465,111,109,2.93509413e-03,0.325795,0.319925
3,708,5351,5381,2278.4,5431,8527,0.009292,0.58465,9,355,2.91807316e-03,0.026263,1.035916
3,712,5399,5407,2293.4,6863,7477,0.269281,0.382837,171,234,2.90123326e-03,0.496111,0.678889
3,716,5419,5431,2308.3,7243,7487,0.33364,0.378567,210,232,2.88459359e-03,0.605765,0.669226
3,720,5443,5449,2323.2,6449,5647,0.18352,0.036337,117,22,2.86815058e-03,0.335574,0.063099
3,724,5479,5483,2338.2,5711,5501,0.041583,0.003283,28,2,2.85189533e-03,0.079853,0.005704
3,728,5507,5519,2353.1,8369,6829,0.516398,0.237362,320,151,2.83582578e-03,0.907464,0.42821
3,732,5531,5557,2368.1,7873,5689,0.416772,0.023754,262,17,2.81994133e-03,0.738825,0.047939
3,736,5573,5581,2383.1,5813,9227,0.04157,0.653288,27,408,2.80422784e-03,0.075714,1.144125
3,740,5639,5641,2398.1,6317,13729,0.119837,1.433788,82,885,2.78868126e-03,0.228672,2.467983
3,744,5653,5657,2413.1,7027,9419,0.242178,0.665017,160,421,2.77330141e-03,0.443728,1.16756
3,748,5683,5689,2428.1,8377,7717,0.472491,0.356477,301,231,2.75809990e-03,0.830188,0.637121
3,752,5711,5717,2443.1,6389,9491,0.117544,0.660136,81,424,2.74306506e-03,0.222188,1.16306
3,756,5743,5749,2458.2,16831,6653,1.92764,0.157245,1187,101,2.72819117e-03,3.238363,0.275547
3,760,5791,5801,2473.2,10889,19069,0.87709,2.287192,564,1405,2.71347243e-03,1.530398,3.812429
3,764,5821,5827,2488.3,10859,14177,0.863566,1.432984,556,905,2.69891032e-03,1.500594,2.442514
3,768,5849,5851,2503.3,15881,6343,1.714237,0.084088,1082,58,2.68450621e-03,2.904636,0.155701
3,772,5867,5869,2518.4,8369,9887,0.425967,0.684614,276,448,2.67026346e-03,0.736993,1.196278
3,776,5897,5903,2533.5,15149,9091,1.566322,0.540064,994,352,2.65617748e-03,2.64024,0.934974
3,780,5939,5953,2548.6,10289,8563,0.728372,0.438434,482,287,2.64223415e-03,1.273557,0.758321
3,784,6007,6011,2563.7,6733,6709,0.120113,0.11612,84,82,2.62842101e-03,0.220787,0.215531
3,788,6043,6047,2578.8,6661,10267,0.101538,0.697867,71,471,2.61474287e-03,0.185647,1.231544
3,792,6073,6079,2593.9,9851,12611,0.620497,1.074519,423,714,2.60120815e-03,1.100311,1.857263
3,796,6101,6113,2609.1,6277,6637,0.026828,0.085719,21,60,2.58781461e-03,0.054344,0.155269
3,800,6133,6143,2624.2,13417,6619,1.184112,0.077487,791,55,2.57455755e-03,2.036475,0.141601
3,804,6173,6197,2639.4,10667,7151,0.721317,0.153945,498,111,2.56143574e-03,1.275595,0.284319
3,808,6211,6217,2654.5,12953,7829,1.083481,0.259289,734,182,2.54844069e-03,1.870555,0.463816
3,812,6247,6257,2669.7,8221,7993,0.313888,0.277449,219,195,2.53558066e-03,0.555292,0.494438
3,816,6271,6277,2684.9,9227,27367,0.46997,3.359885,328,2177,2.52284807e-03,0.827494,5.49224
3,820,6301,6311,2700.1,15731,7109,1.492632,0.126446,1013,91,2.51024644e-03,2.54288,0.228432
3,824,6329,6337,2715.3,7489,14923,0.181789,1.3549,125,923,2.49777221e-03,0.312222,2.305444
3,828,6359,6361,2730.5,18329,7213,1.881465,0.133941,1273,94,2.48542396e-03,3.163945,0.23363
3,832,6379,6389,2745.7,7331,11057,0.147441,0.730631,102,507,2.47320270e-03,0.252267,1.253914
3,836,6427,6449,2761.0,12451,9221,0.930687,0.429834,650,307,2.46109852e-03,1.599714,0.755557
3,840,6473,6481,2776.2,17419,10009,1.687703,0.54436,1164,391,2.44910337e-03,2.850756,0.957599
3,844,6529,6547,2791.5,7621,7789,0.164045,0.189705,124,142,2.43721919e-03,0.302215,0.346085
3,848,6563,6569,2806.7,13049,9721,0.986452,0.47983,707,351,2.42544311e-03,1.714788,0.851331
3,852,6581,6599,2822.0,8893,8179,0.347628,0.23943,256,175,2.41378588e-03,0.617929,0.422413
3,856,6637,6653,2837.3,6823,9319,0.025552,0.400721,21,297,2.40223683e-03,0.050447,0.713464
3,860,6673,6679,2852.6,7537,10639,0.128462,0.592903,95,438,2.39079232e-03,0.227125,1.047167
3,864,6701,6703,2867.9,7523,10937,0.122333,0.631657,89,464,2.37945850e-03,0.211772,1.104069
3,868,6733,6737,2883.2,9157,7229,0.35921,0.07303,267,56,2.36823481e-03,0.632319,0.132621
3,872,6779,6781,2898.5,8923,11117,0.315883,0.639434,237,475,2.35711215e-03,0.558636,1.119628
3,876,6803,6823,2913.8,8147,8209,0.19405,0.203136,147,153,2.34609412e-03,0.344876,0.358952
3,880,6833,6841,2929.2,12401,12487,0.812747,0.825318,600,610,2.33517763e-03,1.401107,1.424458
3,884,6869,6871,2944.5,11251,14437,0.637462,1.10115,476,809,2.32436390e-03,1.106397,1.88041
3,888,6907,6911,2959.9,7187,8311,0.039936,0.202576,30,155,2.31365029e-03,0.06941,0.358616
3,892,6949,6959,2975.2,14321,8087,1.057911,0.162092,787,124,2.30303215e-03,1.812486,0.285576
3,896,6971,6977,2990.6,7237,7873,0.037265,0.128422,29,98,2.29251106e-03,0.066483,0.224666
3,900,6997,7001,3006.0,9817,9901,0.402228,0.414227,311,321,2.28208986e-03,0.70973,0.732551
3,904,7027,7039,3021.4,8861,7583,0.258844,0.077284,200,59,2.27176506e-03,0.454353,0.134034
3,908,7069,7079,3036.8,15083,7589,1.130668,0.072044,854,56,2.26153204e-03,1.931348,0.126646
3,912,7121,7127,3052.2,15787,8849,1.215098,0.241616,929,191,2.25138455e-03,2.091536,0.430014
3,916,7159,7177,3067.6,8933,7621,0.24467,0.061864,195,52,2.24132604e-03,0.437059,0.116549
3,920,7207,7211,3083.0,7537,9257,0.045209,0.283733,35,227,2.23135152e-03,0.078097,0.506517
3,924,7229,7237,3098.4,8087,16649,0.117452,1.300539,92,1001,2.22146772e-03,0.204375,2.223689
3,928,7253,7283,3113.9,8543,7541,0.173006,0.035425,138,28,2.21167340e-03,0.305211,0.061927
3,932,7309,7321,3129.3,10369,8431,0.416337,0.151619,340,123,2.20195833e-03,0.748666,0.270841
3,936,7349,7351,3144.8,10067,11003,0.369474,0.496803,299,400,2.19232804e-03,0.655506,0.876931
3,940,7411,7417,3160.3,14741,10639,0.987461,0.434407,786,358,2.18277722e-03,1.715663,0.781434
3,944,7457,7459,3175.7,11003,11447,0.475131,0.534656,392,437,2.17330146e-03,0.851934,0.949733
3,948,7487,7489,3191.2,9679,8783,0.292429,0.172787,247,147,2.16390683e-03,0.534485,0.318094
3,952,7517,7523,3206.7,15121,11213,1.009969,0.490496,814,405,2.15459525e-03,1.753841,0.872611
3,956,7541,7547,3222.3,23669,10169,2.136213,0.347423,1677,293,2.14536485e-03,3.597777,0.628592
3,960,7561,7573,3237.8,11311,14741,0.493596,0.946521,407,766,2.13621698e-03,0.86944,1.636342
3,964,7589,7591,3253.3,12983,9283,0.710315,0.222896,583,186,2.12714903e-03,1.240128,0.39565
3,968,7621,7639,3268.8,8699,8069,0.138762,0.05629,116,46,2.11816039e-03,0.245707,0.097435
3,972,7669,7673,3284.3,8011,12421,0.044051,0.618793,37,511,2.10924434e-03,0.078042,1.077824
3,976,7691,7699,3299.9,8779,12143,0.140278,0.577218,118,477,2.10040334e-03,0.247848,1.001892
3,980,7723,7727,3315.4,8209,13523,0.062379,0.750097,49,622,2.09163800e-03,0.10249,1.300999
3,984,7757,7759,3331.0,20849,13933,1.687073,0.795721,1361,664,2.08294552e-03,2.834889,1.383076
3,988,7817,7823,3346.6,16703,14519,1.135114,0.855938,945,712,2.07432198e-03,1.960234,1.476917
3,992,7853,7867,3362.1,14419,13759,0.832846,0.748951,698,636,2.06576605e-03,1.441905,1.313827
3,996,7879,7883,3377.7,13367,12511,0.695674,0.587086,590,498,2.05727951e-03,1.213795,1.024525
3,1000,7919,7927,3393.3,30869,13999,2.894159,0.76599,2329,652,2.04886392e-03,4.771804,1.335859
3,1004,7949,7951,3408.9,12973,23899,0.631619,2.005785,541,1655,2.04051693e-03,1.10392,3.377056
3,1008,8009,8011,3424.5,9029,8501,0.127075,0.061166,114,52,2.03223555e-03,0.231675,0.105676
3,1012,8053,8059,3440.1,11117,8311,0.379452,0.031269,335,31,2.02401686e-03,0.678046,0.062745
3,1016,8087,8089,3455.8,18959,11807,1.3438,0.459637,1140,399,2.01586195e-03,2.298083,0.804329
3,1020,8111,8117,3471.4,13877,11867,0.709622,0.461993,619,403,2.00777490e-03,1.242813,0.809133
3,1024,8161,8167,3487.0,10987,16979,0.345292,1.078976,310,933,1.99975146e-03,0.619923,1.865768
3,1028,8191,8209,3502.7,27191,11299,2.31234,0.376416,1950,338,1.99179053e-03,3.883992,0.673225
3,1032,8231,8233,3518.3,10163,9497,0.234422,0.153528,216,145,1.98389067e-03,0.42852,0.287664
3,1036,8263,8269,3534.0,12641,23741,0.528722,1.871085,474,1603,1.97605567e-03,0.93665,3.167617
3,1040,8291,8293,3549.7,10357,13177,0.248885,0.58893,231,528,1.96828192e-03,0.454673,1.039253
3,1044,8317,8329,3565.4,9067,10211,0.088606,0.225957,83,209,1.96057136e-03,0.162727,0.409759
3,1048,8369,8377,3581.0,11923,12697,0.423302,0.515698,380,468,1.95291768e-03,0.742109,0.913965
3,1052,8419,8423,3596.7,12541,10061,0.488899,0.194468,446,182,1.94532239e-03,0.867614,0.354049
3,1056,8443,8447,3612.4,22013,13577,1.606014,0.607316,1410,550,1.93778505e-03,2.732277,1.065782
3,1060,8501,8513,3628.2,12553,9817,0.474568,0.153177,440,151,1.93030524e-03,0.849334,0.291476
3,1064,8537,8539,3643.9,15107,11617,0.769177,0.360464,701,333,1.92287846e-03,1.347938,0.640319
3,1068,8573,8581,3659.6,11981,16301,0.396224,0.899662,369,824,1.91550957e-03,0.706823,1.57838
3,1072,8609,8623,3675.3,10781,8663,0.250261,0.004639,241,6,1.90819539e-03,0.459875,0.011449
3,1076,8641,8647,3691.1,10369,10391,0.199144,0.201688,196,197,1.90093707e-03,0.372584,0.374485
3,1080,8677,8681,3706.8,9173,12541,0.056675,0.444649,57,418,1.89373389e-03,0.107943,0.791581
3,1084,8699,8707,3722.6,19501,9851,1.239692,0.131389,1129,131,1.88658671e-03,2.129956,0.247143
3,1088,8731,8737,3738.4,42719,8761,3.889436,0.002747,3379,5,1.87949479e-03,6.350813,0.009397
3,1092,8753,8761,3754.1,18077,17851,1.063349,1.037553,980,955,1.87245749e-03,1.835008,1.788197
3,1096,8803,8807,3769.9,9781,16421,0.110594,0.86454,110,807,1.86547221e-03,0.205202,1.505436
3,1100,8831,8837,3785.7,9587,9127,0.08487,0.032817,84,31,1.85853821e-03,0.156117,0.057615
3,1104,8861,8863,3801.5,14437,10151,0.628907,0.145323,589,142,1.85165700e-03,1.090626,0.262935
3,1108,8893,8923,3817.3,35099,9419,2.933543,0.055587,2634,57,1.84482724e-03,4.859275,0.105155
3,1112,8941,8951,3833.1,12821,14831,0.432354,0.65691,416,626,1.83804408e-03,0.764626,1.150616
3,1116,8971,8999,3848.9,21661,14947,1.407045,0.660962,1316,634,1.83131110e-03,2.410005,1.161051
3,1120,9011,9013,3864.7,12541,12401,0.391435,0.375901,378,360,1.82462612e-03,0.689709,0.656865
3,1124,9043,9049,3880.5,10333,15923,0.141894,0.759642,144,733,1.81799114e-03,0.261791,1.332588
3,1128,9091,9103,3896.3,17623,14221,0.935955,0.562232,898,544,1.81140420e-03,1.626641,0.985404
3,1132,9133,9137,3912.2,13903,24413,0.521615,1.671884,511,1578,1.80486187e-03,0.922284,2.848072
3,1136,9161,9173,3928.0,15629,16451,0.703805,0.793415,686,771,1.79836684e-03,1.23368,1.386541
3,1140,9199,9203,3943.9,15259,16433,0.658046,0.785613,640,765,1.79191861e-03,1.146828,1.370818
3,1144,9227,9239,3959.7,28663,9967,2.102392,0.078796,1979,84,1.78551726e-03,3.533539,0.149983
3,1148,9277,9281,3975.6,10987,10243,0.183816,0.103653,186,107,1.77916085e-03,0.330924,0.19037
3,1152,9311,9319,3991.5,14939,10831,0.603069,0.162249,597,164,1.77284893e-03,1.058391,0.290747
3,1156,9341,9343,4007.4,9811,14011,0.050091,0.499625,54,498,1.76658112e-03,0.095395,0.879757
3,1160,9377,9391,4023.2,9689,16883,0.031733,0.797785,36,787,1.76035825e-03,0.063373,1.385402
3,1164,9413,9419,4039.1,12547,9883,0.332095,0.049262,335,55,1.75417807e-03,0.58765,0.09648
3,1168,9433,9437,4055.0,30161,14741,2.196037,0.562043,2094,558,1.74804270e-03,3.660401,0.975408
3,1172,9463,9467,4070.9,10091,13421,0.065913,0.417661,66,420,1.74195178e-03,0.114969,0.73162
3,1176,9491,9497,4086.8,17027,13553,0.792882,0.427082,787,428,1.73590430e-03,1.366157,0.742967
3,1180,9533,9539,4102.8,24169,32999,1.533704,2.459377,1510,2358,1.72989818e-03,2.612146,4.0791
3,1184,9587,9601,4118.7,15443,10957,0.608478,0.141235,620,147,1.72393262e-03,1.068838,0.253418
3,1188,9623,9629,4134.6,15187,12721,0.577215,0.321113,585,331,1.71800459e-03,1.005033,0.56866
3,1192,9649,9661,4150.5,21407,24593,1.215816,1.545596,1212,1534,1.71211880e-03,2.075088,2.62639
3,1196,9689,9697,4166.5,23687,17749,1.442714,0.83036,1440,842,1.70627268e-03,2.457033,1.436682
3,1200,9733,9739,4182.4,10589,9941,0.087278,0.020741,91,26,1.70046547e-03,0.154742,0.044212
3,1201,9739,9743,4186.4,10289,15773,0.05604,0.618906,61,639,1.69901985e-03,0.10364,1.085674
3,1202,9743,9749,4190.4,10301,18131,0.056621,0.85978,61,876,1.69757685e-03,0.103552,1.487077
3,1203,9749,9767,4194.4,15413,13513,0.578069,0.383536,598,398,1.69613641e-03,1.01429,0.675062
3,1204,9767,9769,4198.4,14083,10181,0.441601,0.042174,457,47,1.69469807e-03,0.774477,0.079651
3,1205,9769,9781,4202.4,12301,11927,0.257642,0.219405,266,224,1.69326241e-03,0.450408,0.379291
3,1206,9781,9787,4206.4,13633,11909,0.39297,0.216818,406,221,1.69182907e-03,0.686883,0.373894
3,1207,9787,9791,4210.4,17729,10883,0.810745,0.111531,828,116,1.69039825e-03,1.39965,0.196086
3,1208,9791,9803,4214.4,11527,10651,0.175865,0.086504,182,91,1.68897001e-03,0.307393,0.153696
3,1209,9803,9811,4218.3,12941,12953,0.31903,0.320253,332,333,1.68754407e-03,0.560265,0.561952
3,1210,9811,9817,4222.3,23671,12163,1.411225,0.238973,1424,247,1.68612056e-03,2.401036,0.416472
3,1211,9817,9829,4226.3,12539,12799,0.275715,0.302167,286,315,1.68469955e-03,0.481824,0.53068
3,1212,9829,9833,4230.3,10903,12281,0.108817,0.248958,114,257,1.68328081e-03,0.191894,0.432603
3,1213,9833,9839,4234.3,10601,10253,0.077447,0.042077,80,44,1.68186463e-03,0.134549,0.074002
3,1214,9839,9851,4238.3,11159,12437,0.132778,0.262511,137,271,1.68045093e-03,0.230222,0.455402
3,1215,9851,9857,4242.3,17863,11393,0.812215,0.155828,833,160,1.67903948e-03,1.39864,0.268646
3,1216,9857,9859,4246.3,13613,11731,0.380769,0.189877,393,192,1.67763050e-03,0.659309,0.322105
3,1217,9859,9871,4250.3,11261,20693,0.140817,1.096343,145,1113,1.67622412e-03,0.243052,1.865637
3,1218,9871,9883,4254.3,19961,13327,1.019731,0.348477,1038,364,1.67481998e-03,1.738463,0.609634
3,1219,9883,9887,4258.3,13477,18461,0.363103,0.867199,379,897,1.67341808e-03,0.634225,1.501056
3,1220,9887,9901,4262.3,14447,18131,0.459146,0.831229,474,858,1.67201868e-03,0.792537,1.434592
3,1221,9901,9907,4266.3,13337,16369,0.34622,0.652266,363,678,1.67062145e-03,0.606436,1.132681
3,1222,9907,9923,4270.3,13267,15473,0.336995,0.559307,355,586,1.66922664e-03,0.592575,0.978167
3,1223,9923,9929,4274.3,11027,14699,0.110585,0.480411,114,497,1.66783391e-03,0.190133,0.828913
3,1224,9929,9931,4278.3,18523,22003,0.86517,1.215588,898,1241,1.66644359e-03,1.496466,2.068056
3,1225,9931,9941,4282.3,10589,16091,0.065185,0.61865,66,648,1.66505582e-03,0.109894,1.078956
3,1226,9941,9949,4286.3,11351,12409,0.140919,0.247261,145,255,1.66367032e-03,0.241232,0.424236
3,1227,9949,9967,4290.3,28547,12713,1.864152,0.275509,1878,291,1.66228715e-03,3.121775,0.483726
3,1228,9967,9973,4294.3,11399,16811,0.142986,0.685651,148,712,1.66090596e-03,0.245814,1.182565
3,1229,9973,10007,4298.3,11273,14419,0.126511,0.440891,134,461,1.65952716e-03,0.222377,0.765042
3,1230,10007,10009,4302.3,11551,20929,0.154061,1.091018,162,1124,1.65814980e-03,0.26862,1.86376
3,1231,10009,10037,4306.3,22171,10301,1.208927,0.026303,1256,32,1.65677495e-03,2.080909,0.053017
3,1232,10037,10039,4310.3,12893,17987,0.284291,0.791712,302,831,1.65540175e-03,0.499931,1.375639
3,1233,10039,10061,4314.3,12473,11131,0.239738,0.106351,255,116,1.65403104e-03,0.421778,0.191868
3,1234,10061,10067,4318.3,29191,10273,1.899672,0.020463,1939,27,1.65266216e-03,3.204512,0.044622
3,1235,10067,10069,4322.3,11117,10831,0.104082,0.075678,112,81,1.65129564e-03,0.184945,0.133755
3,1236,10069,10079,4326.3,16487,11471,0.635777,0.138109,675,147,1.64993160e-03,1.113704,0.24254
3,1237,10079,10091,4330.3,10133,21727,0.004162,1.153107,6,1200,1.64856977e-03,0.009891,1.978284
3,1238,10091,10093,4334.3,21569,11399,1.137026,0.129397,1183,138,1.64721009e-03,1.94865,0.227315
3,1239,10093,10099,4338.3,11867,23869,0.175067,1.363501,184,1415,1.64585286e-03,0.302837,2.328882
3,1240,10099,10103,4342.3,10847,17971,0.073641,0.778779,78,820,1.64449796e-03,0.128271,1.348488
3,1241,10103,10111,4346.3,10487,12821,0.037187,0.268025,42,287,1.64314544e-03,0.069012,0.471583
3,1242,10111,10133,4350.3,10271,12959,0.013619,0.278891,18,301,1.64179517e-03,0.029552,0.49418
3,1243,10133,10139,4354.3,20357,10159,1.007792,0.001973,1057,4,1.64044669e-03,1.733952,0.006562
3,1244,10139,10141,4358.3,14159,22013,0.396213,1.170693,423,1222,1.63910051e-03,0.69334,2.002981
3,1245,10141,10151,4362.3,15427,16141,0.519752,0.59009,557,634,1.63775675e-03,0.912231,1.038338
3,1246,10151,10159,4366.3,27901,29437,1.746432,1.897628,1799,1953,1.63641516e-03,2.943911,3.195919
3,1247,10159,10163,4370.3,11317,18397,0.113549,0.810194,121,860,1.63507579e-03,0.197844,1.406165
3,1248,10163,10169,4374.3,13681,21587,0.345363,1.122824,368,1175,1.63373877e-03,0.601216,1.919643
3,1249,10169,10177,4378.3,16111,15461,0.583079,0.51921,627,557,1.63240401e-03,1.023517,0.909249
3,1250,10177,10181,4382.3,15797,18691,0.551616,0.835871,593,884,1.63107146e-03,0.967225,1.441867
3,1251,10181,10193,4386.3,11131,15413,0.092024,0.512116,98,550,1.62974123e-03,0.159715,0.896358
3,1252,10193,10211,4390.4,11213,16823,0.098129,0.647537,105,689,1.62841307e-03,0.170983,1.121977
3,1253,10211,10223,4394.4,23011,22639,1.250905,1.214516,1313,1276,1.62708679e-03,2.136365,2.076163
3,1254,10223,10243,4398.4,12101,12547,0.181392,0.224934,194,245,1.62576256e-03,0.315398,0.398312
3,1255,10243,10247,4402.4,14369,11903,0.402264,0.161608,429,171,1.62444013e-03,0.696885,0.277779
3,1256,10247,10253,4406.4,12197,10369,0.189603,0.011314,202,16,1.62312001e-03,0.32787,0.02597
3,1257,10253,10259,4410.4,19009,20161,0.85291,0.965201,903,1024,1.62180211e-03,1.464487,1.660725
3,1258,10259,10267,4414.4,18443,11119,0.796338,0.082984,855,90,1.62048644e-03,1.385516,0.145844
3,1259,10267,10271,4418.4,13381,12589,0.302794,0.225684,328,245,1.61917292e-03,0.531089,0.396697
3,1260,10271,10273,4422.4,10477,15083,0.019858,0.468218,22,502,1.61786168e-03,0.035593,0.812167
3,1261,10273,10289,4426.5,11353,20249,0.103411,0.968024,111,1028,1.61655277e-03,0.179437,1.661816
3,1262,10289,10301,4430.5,15277,11047,0.48306,0.07242,522,76,1.61524576e-03,0.843158,0.122759
3,1263,10301,10303,4434.5,10369,11551,0.006406,0.12113,9,129,1.61394076e-03,0.014525,0.208198
3,1264,10303,10313,4438.5,12637,12547,0.225347,0.21662,245,235,1.61263807e-03,0.395096,0.37897
3,1265,10313,10321,4442.5,11149,12379,0.080225,0.199399,85,213,1.61133745e-03,0.136964,0.343215
3,1266,10321,10331,4446.5,13591,27967,0.315555,1.707095,341,1787,1.61003895e-03,0.549023,2.87714
3,1267,10331,10333,4450.5,16097,16943,0.557824,0.639698,607,688,1.60874250e-03,0.976507,1.106815
3,1268,10333,10337,4454.5,18919,31039,0.830222,2.002709,886,2076,1.60744834e-03,1.424199,3.337063
3,1269,10337,10343,4458.6,12953,11551,0.252345,0.116794,273,123,1.60615641e-03,0.438481,0.197557
3,1270,10343,10357,4462.6,18059,17911,0.743652,0.729362,800,783,1.60486663e-03,1.283893,1.256611
3,1271,10357,10369,4466.6,14561,16927,0.404282,0.632462,436,681,1.60357877e-03,0.69916,1.092037
3,1272,10369,10391,4470.6,20287,16619,0.952363,0.599365,1020,650,1.60229288e-03,1.634339,1.04149
3,1273,10391,10399,4474.6,10463,12301,0.006154,0.182902,8,198,1.60100865e-03,0.012808,0.317
3,1274,10399,10427,4478.6,14797,27803,0.419104,1.666443,460,1762,1.59972651e-03,0.735874,2.818718
3,1275,10427,10429,4482.7,18289,34729,0.753668,2.330041,821,2434,1.59844585e-03,1.312324,3.890617
3,1276,10429,10433,4486.7,16979,18311,0.627432,0.755104,681,823,1.59716744e-03,1.087671,1.314469
3,1277,10433,10453,4490.7,16787,23357,0.60595,1.234478,662,1327,1.59589121e-03,1.05648,2.117748
3,1278,10453,10457,4494.7,17657,15817,0.688534,0.512575,750,568,1.59461669e-03,1.195963,0.905742
3,1279,10457,10459,4498.7,19583,16987,0.872359,0.624151,943,680,1.59334435e-03,1.502524,1.083474
3,1280,10459,10463,4502.8,22369,14461,1.137915,0.382108,1224,416,1.59207423e-03,1.948699,0.662303
3,1281,10463,10477,4506.8,21943,12911,1.094397,0.232318,1179,256,1.59080628e-03,1.875561,0.407246
3,1282,10477,10487,4510.8,13219,12553,0.260513,0.197006,290,218,1.58954019e-03,0.460967,0.34652
3,1283,10487,10499,4514.8,10529,15971,0.002857,0.521192,4,577,1.58827609e-03,0.006353,0.916435
3,1284,10499,10501,4518.8,11971,14779,0.139987,0.40739,152,448,1.58701390e-03,0.241226,0.710982
3,1285,10501,10513,4522.9,16421,14653,0.561971,0.393798,618,431,1.58575391e-03,0.979996,0.68346
3,1286,10513,10529,4526.9,16529,29663,0.569855,1.817267,628,1932,1.58449582e-03,0.995063,3.061246
3,1287,10529,10531,4530.9,26893,11411,1.553699,0.083563,1664,90,1.58323953e-03,2.634511,0.142492
3,1288,10531,10559,4534.9,11069,18121,0.0483,0.716166,53,788,1.58198542e-03,0.083845,1.246605
3,1289,10559,10567,4538.9,14951,10909,0.414877,0.032365,462,38,1.58073275e-03,0.730299,0.060068
3,1290,10567,10589,4543.0,11617,16249,0.097082,0.534517,107,598,1.57948208e-03,0.169005,0.94453
3,1291,10589,10597,4547.0,10987,11437,0.036803,0.079268,43,88,1.57823302e-03,0.067864,0.138885
3,1292,10597,10601,4551.0,13469,20369,0.270541,0.921423,305,1010,1.57698596e-03,0.480981,1.592756
3,1293,10601,10607,4555.0,10903,10903,0.027906,0.027906,33,33,1.57574100e-03,0.051999,0.051999
3,1294,10607,10613,4559.1,12409,11257,0.169226,0.06068,187,67,1.57449808e-03,0.294431,0.105491
3,1295,10613,10627,4563.1,10993,11579,0.034441,0.089583,40,98,1.57325720e-03,0.06293,0.154179
3,1296,10627,10631,4567.1,36871,16301,2.468253,0.533346,2613,596,1.57201813e-03,4.107683,0.936923
3,1297,10631,10639,4571.2,13649,16703,0.282921,0.569978,316,636,1.57078115e-03,0.496367,0.999017
3,1298,10639,10651,4575.2,48647,17987,3.567365,0.688762,3705,765,1.56954614e-03,5.815168,1.200703
3,1299,10651,10657,4579.2,13007,32603,0.220512,2.059304,251,2200,1.56831297e-03,0.393647,3.450289
3,1300,10657,10663,4583.2,22447,22409,1.10513,1.101566,1211,1208,1.56708183e-03,1.897736,1.893035
3,1301,10663,10667,4587.3,16127,17209,0.511859,0.613293,576,682,1.56585269e-03,0.901931,1.067912
3,1302,10667,10687,4591.3,16301,10859,0.525311,0.016094,590,18,1.56462561e-03,0.923129,0.028163
3,1303,10687,10691,4595.3,12619,11587,0.180339,0.083809,205,91,1.56340014e-03,0.320497,0.142269
3,1304,10691,10709,4599.3,12289,23081,0.147539,1.15529,166,1274,1.56217673e-03,0.259321,1.990213
3,1305,10709,10711,4603.4,12713,21493,0.186911,1.006629,213,1106,1.56095498e-03,0.332483,1.726416
3,1306,10711,10723,4607.4,14083,14431,0.313345,0.345799,355,386,1.55973532e-03,0.553706,0.602058
3,1307,10723,10729,4611.4,14551,15971,0.356231,0.488582,398,553,1.55851748e-03,0.62029,0.86186
3,1308,10729,10733,4615.5,20743,11801,0.932638,0.099506,1027,106,1.55730162e-03,1.599349,0.165074
3,1309,10733,10739,4619.5,15817,11959,0.472856,0.113605,537,125,1.55608779e-03,0.835619,0.194511
3,1310,10739,10753,4623.5,21317,15287,0.982424,0.42165,1083,475,1.55487592e-03,1.683931,0.738566
3,1311,10753,10771,4627.6,17167,19031,0.593817,0.766874,666,851,1.55366580e-03,1.034741,1.32217
3,1312,10771,10781,4631.6,15641,14029,0.450793,0.301271,511,343,1.55245731e-03,0.793306,0.532493
3,1313,10781,10789,4635.6,16661,19559,0.544258,0.812865,615,906,1.55125067e-03,0.954019,1.405433
3,1314,10789,10799,4639.7,13721,19727,0.270581,0.826743,309,919,1.55004593e-03,0.478964,1.424492
3,1315,10799,10831,4643.7,41113,11701,2.795864,0.080325,2986,90,1.54884303e-03,4.624845,0.139396
3,1316,10831,10837,4647.7,12107,11519,0.117191,0.062933,133,73,1.54764138e-03,0.205836,0.112978
3,1317,10837,10847,4651.8,30203,11177,1.784457,0.030423,1950,38,1.54644166e-03,3.015561,0.058765
3,1318,10847,10853,4655.8,13151,14431,0.211739,0.329678,246,374,1.54524378e-03,0.38013,0.577921
3,1319,10853,10859,4659.8,26701,15193,1.458882,0.399116,1610,455,1.54404782e-03,2.485917,0.702542
3,1320,10859,10861,4663.9,12757,12113,0.17457,0.115275,202,131,1.54285379e-03,0.311656,0.202114
3,1321,10861,10867,4667.9,30059,17477,1.766081,0.608264,1929,689,1.54166178e-03,2.973866,1.062205
3,1322,10867,10883,4671.9,12889,13249,0.184324,0.217403,211,253,1.54047169e-03,0.32504,0.389739
3,1323,10883,10889,4676.0,12553,20431,0.152815,0.876297,177,985,1.53928325e-03,0.272453,1.516194
3,1324,10889,10891,4680.0,16229,27281,0.490129,1.504912,562,1663,1.53809671e-03,0.86441,2.557855
3,1325,10891,10903,4684.1,15307,12911,0.403926,0.184169,463,212,1.53691218e-03,0.71159,0.325825
3,1326,10903,10909,4688.1,34499,16651,2.162435,0.526354,2359,600,1.53572939e-03,3.622786,0.921438
3,1327,10909,10937,4692.1,39631,12301,2.623571,0.124714,2841,144,1.53454850e-03,4.359652,0.220975
3,1328,10937,10939,4696.2,12917,11833,0.180821,0.081726,210,92,1.53336892e-03,0.322007,0.14107
3,1329,10939,10949,4700.2,19073,17491,0.741986,0.597497,837,684,1.53219134e-03,1.282444,1.048019
3,1330,10949,10957,4704.2,13681,13883,0.248608,0.267044,286,311,1.53101553e-03,0.43787,0.476146
3,1331,10957,10973,4708.3,19891,20549,0.812722,0.872688,919,988,1.52984154e-03,1.405924,1.511483
3,1332,10973,10979,4712.3,15761,13687,0.435559,0.246653,506,285,1.52866918e-03,0.773507,0.435671
3,1333,10979,10987,4716.4,15227,12281,0.385911,0.117776,444,136,1.52749868e-03,0.678209,0.20774
3,1334,10987,10993,4720.4,12809,15061,0.165196,0.370054,193,425,1.52632999e-03,0.294582,0.64869
3,1335,10993,11003,4724.4,12071,20563,0.097064,0.868854,110,986,1.52516316e-03,0.167768,1.503811
3,1336,11003,11027,4728.5,12739,12487,0.155255,0.132402,184,154,1.52399809e-03,0.280416,0.234696
3,1337,11027,11047,4732.5,13877,12539,0.256178,0.135059,302,160,1.52283442e-03,0.459896,0.243654
3,1338,11047,11057,4736.6,11161,22901,0.009406,1.071177,14,1218,1.52167224e-03,0.021303,1.853397
3,1339,11057,11059,4740.6,29167,22543,1.637399,1.03843,1831,1181,1.52051180e-03,2.784057,1.795724
3,1340,11059,11069,4744.7,14431,13649,0.303731,0.233083,352,273,1.51935331e-03,0.534812,0.414783
3,1341,11069,11071,4748.7,13921,13171,0.257429,0.189685,305,226,1.51819655e-03,0.46305,0.343112
3,1342,11071,11083,4752.7,19259,21023,0.737706,0.896869,842,1024,1.51704172e-03,1.277349,1.553451
3,1343,11083,11087,4756.8,17737,15319,0.599802,0.381708,693,447,1.51588857e-03,1.050511,0.677602
3,1344,11087,11093,4760.8,16217,15971,0.461913,0.439737,540,516,1.51473729e-03,0.817958,0.781604
3,1345,11093,11113,4764.9,13381,14251,0.204085,0.282372,242,330,1.51358783e-03,0.366288,0.499484
3,1346,11113,11117,4768.9,13931,12049,0.253126,0.083836,301,98,1.51243984e-03,0.455244,0.148219
3,1347,11117,11119,4773.0,17761,11717,0.597356,0.053782,692,59,1.51129371e-03,1.045815,0.089166
3,1348,11119,11131,4777.0,18077,17569,0.624023,0.578385,724,671,1.51014948e-03,1.093348,1.01331
3,1349,11131,11149,4781.1,11149,11923,0.0,0.069423,1,79,1.50900691e-03,0.001509,0.119212
3,1350,11149,11159,4785.1,26681,19997,1.390985,0.792006,1574,912,1.50786584e-03,2.373381,1.375174
3,1351,11159,11161,4789.2,17483,17041,0.566437,0.526835,660,615,1.50672648e-03,0.994439,0.926637
3,1352,11161,11171,4793.2,29363,16381,1.628502,0.466386,1838,548,1.50558899e-03,2.767273,0.825063
3,1353,11171,11173,4797.3,12211,12203,0.092903,0.092187,107,106,1.50445320e-03,0.160976,0.159472
3,1354,11173,11177,4801.3,12007,15361,0.07426,0.37434,85,441,1.50331929e-03,0.127782,0.662964
3,1355,11177,11197,4805.4,21383,11467,0.909708,0.024114,1045,27,1.50218720e-03,1.569786,0.040559
3,1356,11197,11213,4809.4,18289,40841,0.631053,2.64229,740,2920,1.50105655e-03,1.110782,4.383085
3,1357,11213,11239,4813.5,11383,17783,0.012813,0.582258,17,683,1.49992742e-03,0.025499,1.02445
3,1358,11239,11243,4817.5,12451,11827,0.107445,0.051943,128,60,1.49879959e-03,0.191846,0.089928
3,1359,11243,11251,4821.6,23669,13999,1.103724,0.244245,1274,293,1.49767357e-03,1.908036,0.438818
3,1360,11251,11257,4825.6,29569,12889,1.626721,0.144976,1849,173,1.49654925e-03,2.76712,0.258903
3,1361,11257,11261,4829.7,62753,12539,4.572596,0.113489,4937,136,1.49542670e-03,7.382922,0.203378
3,1362,11261,11273,4833.7,12473,18353,0.106449,0.628049,126,741,1.49430594e-03,0.188283,1.107281
3,1363,11273,11279,4837.8,16421,14779,0.455891,0.310311,540,369,1.49318679e-03,0.806321,0.550986
3,1364,11279,11287,4841.8,13147,17483,0.164791,0.54895,199,647,1.49206938e-03,0.296922,0.965369
3,1365,11287,11299,4845.9,17903,19381,0.584477,0.715285,686,829,1.49095366e-03,1.022794,1.236001
3,1366,11299,11311,4849.9,16063,19861,0.420122,0.755901,502,881,1.48983954e-03,0.747899,1.312549
3,1367,11311,11317,4854.0,12569,14771,0.11063,0.305205,134,364,1.48872701e-03,0.199489,0.541897
3,1368,11317,11321,4858.0,26801,13907,1.36737,0.228425,1572,276,1.48761621e-03,2.338533,0.410582
3,1369,11321,11329,4862.1,19141,39631,0.689558,2.49819,803,2799,1.48650717e-03,1.193665,4.160734
3,1370,11329,11351,4866.1,11867,18269,0.045459,0.609462,53,724,1.48539981e-03,0.078726,1.075429
3,1371,11351,11353,4870.2,23041,11383,1.029508,0.002642,1201,3,1.48429380e-03,1.782637,0.004453
3,1372,11353,11369,4874.2,11813,17107,0.039054,0.504706,44,600,1.48318959e-03,0.06526,0.889914
3,1373,11369,11383,4878.3,26083,11587,1.291399,0.017921,1494,21,1.48208686e-03,2.214238,0.031124
3,1374,11383,11393,4882.4,22811,29297,1.002194,1.571491,1175,1809,1.48098565e-03,1.740158,2.679103
3,1375,11393,11399,4886.4,15773,25423,0.383718,1.230283,465,1428,1.47988604e-03,0.688147,2.113277
3,1376,11399,11411,4890.5,12539,14549,0.098852,0.274998,121,328,1.47878814e-03,0.178933,0.485043
3,1377,11411,11423,4894.5,26099,20117,1.284776,0.761096,1491,898,1.47769180e-03,2.203238,1.326967
3,1378,11423,11437,4898.6,25339,18691,1.215529,0.634257,1416,756,1.47659700e-03,2.090861,1.116307
3,1379,11437,11443,4902.6,18797,12917,0.642664,0.128812,766,159,1.47550372e-03,1.130236,0.234605
3,1380,11443,11447,4906.7,11681,19727,0.020442,0.723334,22,853,1.47441212e-03,0.032437,1.257674
3,1381,11447,11467,4910.8,28477,21841,1.483387,0.904683,1717,1069,1.47332224e-03,2.529694,1.574981
3,1382,11467,11471,4914.8,16871,17029,0.470752,0.484526,563,582,1.47223372e-03,0.828868,0.85684
3,1383,11471,11483,4918.9,14653,15259,0.27606,0.328834,333,397,1.47114692e-03,0.489892,0.584045
3,1384,11483,11489,4922.9,19777,22247,0.721386,0.936374,855,1107,1.47006165e-03,1.256903,1.627358
3,1385,11489,11491,4927.0,14779,12703,0.286137,0.105474,347,132,1.46897805e-03,0.509735,0.193905
3,1386,11491,11497,4931.1,21803,11503,0.896408,0.000522,1060,2,1.46789620e-03,1.55597,0.002936
3,1387,11497,11503,4935.1,11839,12479,0.02921,0.084847,34,102,1.46681601e-03,0.049872,0.149615
3,1388,11503,11519,4939.2,34403,23537,1.986631,1.04332,2288,1228,1.46573747e-03,3.353607,1.799926
3,1389,11519,11527,4943.2,19163,15667,0.662445,0.359157,785,439,1.46466036e-03,1.149758,0.642986
3,1390,11527,11549,4947.3,12983,12211,0.124167,0.057321,157,70,1.46358485e-03,0.229783,0.102451
3,1391,11549,11551,4951.4,11863,13463,0.027011,0.165527,31,205,1.46251063e-03,0.045338,0.299815
3,1392,11551,11579,4955.4,20857,18859,0.801278,0.628724,954,756,1.46143814e-03,1.394212,1.104847
3,1393,11579,11587,4959.5,45131,14503,2.894968,0.251661,3292,306,1.46036680e-03,4.807528,0.446872
3,1394,11587,11593,4963.6,25301,17123,1.182438,0.477012,1395,580,1.45929705e-03,2.035719,0.846392
3,1395,11593,11597,4967.6,25117,13913,1.165819,0.199707,1377,250,1.45822893e-03,2.007981,0.364557
3,1396,11597,11617,4971.7,19079,13799,0.642335,0.187828,771,236,1.45716248e-03,1.123472,0.34389
3,1397,11617,11621,4975.8,12899,16747,0.109973,0.441098,138,539,1.45609735e-03,0.200941,0.784836
3,1398,11621,11633,4979.8,12377,20773,0.063956,0.785696,79,943,1.45503388e-03,0.114948,1.372097
3,1399,11633,11657,4983.9,13553,17909,0.162649,0.53633,205,653,1.45397190e-03,0.298064,0.949444
3,1400,11657,11677,4987.9,35291,16741,2.022266,0.433673,2360,535,1.45291114e-03,3.42887,0.777307
3,1401,11677,11681,4992.0,14951,23251,0.279942,0.990497,350,1192,1.45185169e-03,0.508148,1.730607
3,1402,11681,11689,4996.1,12919,17389,0.105227,0.487638,137,598,1.45079389e-03,0.198759,0.867575
3,1403,11689,11699,5000.2,21247,14549,0.816138,0.243611,985,301,1.44973765e-03,1.427992,0.436371
3,1404,11699,11701,5004.2,12919,12853,0.104094,0.098453,135,128,1.44868292e-03,0.195572,0.185431
3,1405,11701,11717,5008.3,13267,12959,0.132286,0.106,172,138,1.44762988e-03,0.248992,0.199773
3,1406,11717,11719,5012.4,32297,19793,1.755952,0.688967,2056,834,1.44657822e-03,2.974165,1.206446
3,1407,11719,11731,5016.4,27179,21767,1.316853,0.855511,1570,1035,1.44552823e-03,2.269479,1.496122
3,1408,11731,11743,5020.5,11863,22699,0.010219,0.932981,14,1128,1.44447970e-03,0.020223,1.629373
3,1409,11743,11777,5024.6,15919,25733,0.351702,1.185022,447,1424,1.44343262e-03,0.645214,2.055448
3,1410,11777,11779,5028.6,16831,12781,0.428899,0.085067,533,114,1.44238653e-03,0.768792,0.164432
3,1411,11779,11783,5032.7,13229,12829,0.122719,0.088772,162,119,1.44134211e-03,0.233497,0.17152
3,1412,11783,11789,5036.8,21377,12071,0.813301,0.023921,986,33,1.44029930e-03,1.420135,0.04753
3,1413,11789,11801,5040.9,21647,21773,0.834336,0.845013,1017,1030,1.43925806e-03,1.463725,1.482436
3,1414,11801,11807,5044.9,25771,14249,1.182688,0.206826,1424,260,1.43821826e-03,2.048023,0.373937
3,1415,11807,11813,5049.0,11839,19717,0.002201,0.669093,6,817,1.43718003e-03,0.008623,1.174176
3,1416,11813,11821,5053.1,22769,26099,0.926148,1.20785,1128,1452,1.43614335e-03,1.61997,2.08528
3,1417,11821,11827,5057.1,12757,15773,0.078634,0.333643,105,423,1.43510819e-03,0.150686,0.607051
3,1418,11827,11831,5061.2,15227,13147,0.287043,0.111233,359,145,1.43407458e-03,0.514833,0.207941
3,1419,11831,11833,5065.3,21313,14341,0.801149,0.21195,973,263,1.43304256e-03,1.39435,0.37689
3,1420,11833,11839,5069.4,22541,15551,0.903961,0.31354,1099,394,1.43201216e-03,1.573781,0.564213
3,1421,11839,11863,5073.4,20807,27397,0.753941,1.30945,922,1573,1.43098331e-03,1.319367,2.250937
3,1422,11863,11867,5077.5,17377,35201,0.464313,1.966293,575,2330,1.42995563e-03,0.822224,3.331797
3,1423,11867,11887,5081.6,15121,12197,0.272062,0.026079,343,35,1.42892952e-03,0.490123,0.050013
3,1424,11887,11897,5085.7,23993,15749,1.016727,0.323779,1244,413,1.42790466e-03,1.776313,0.589725
3,1425,11897,11903,5089.7,14653,17881,0.231034,0.502226,291,624,1.42688125e-03,0.415222,0.890374
3,1426,11903,11909,5093.8,14543,41299,0.221177,2.467881,277,2898,1.42585936e-03,0.394963,4.13214
3,1427,11909,11923,5097.9,12613,12503,0.057871,0.048645,80,66,1.42483900e-03,0.113987,0.094039
3,1428,11923,11927,5102.0,13159,45263,0.103295,2.795003,137,3268,1.42381999e-03,0.195063,4.653044
3,1429,11927,11933,5106.0,28703,15107,1.405347,0.265985,1698,336,1.42280254e-03,2.415919,0.478062
3,1430,11933,11939,5110.1,16193,15017,0.356311,0.257811,453,326,1.42178661e-03,0.644069,0.463502
3,1431,11939,11941,5114.2,12703,16553,0.063814,0.386232,86,485,1.42077218e-03,0.122186,0.689075
3,1432,11941,11953,5118.3,15401,54949,0.288463,3.597089,368,4154,1.41975934e-03,0.522471,5.89768
3,1433,11953,11959,5122.3,25127,17107,1.101095,0.430471,1341,539,1.41874788e-03,1.902541,0.764705
3,1434,11959,11969,5126.4,12157,24763,0.015707,1.068928,21,1305,1.41773792e-03,0.029772,1.850148
3,1435,11969,11971,5130.5,46829,15881,2.91187,0.326623,3404,415,1.41672937e-03,4.822547,0.587943
3,1436,11971,11981,5134.6,22817,51383,0.904432,3.288707,1114,3820,1.41572240e-03,1.577115,5.40806
3,1437,11981,11987,5138.7,12967,51001,0.081755,3.254693,107,3786,1.41471684e-03,0.151375,5.356118
3,1438,11987,12007,5142.7,14489,48781,0.206713,3.062713,260,3578,1.41371276e-03,0.367565,5.058264
3,1439,12007,12011,5146.8,13841,20147,0.15236,0.677379,197,840,1.41270989e-03,0.278304,1.186676
3,1440,12011,12037,5150.9,26021,17377,1.161751,0.443632,1423,557,1.41170854e-03,2.008861,0.786322
3,1441,12037,12041,5155.0,15889,12149,0.319575,0.008969,411,13,1.41070827e-03,0.579801,0.018339
3,1442,12041,12043,5159.1,16553,26209,0.374491,1.176285,474,1439,1.40970952e-03,0.668202,2.028572
3,1443,12043,12049,5163.1,16369,20533,0.358536,0.704125,456,874,1.40871231e-03,0.642373,1.231215
3,1444,12049,12071,5167.2,14207,18443,0.176953,0.527877,227,669,1.40771658e-03,0.319552,0.941762
3,1445,12071,12073,5171.3,33311,15527,1.759132,0.286093,2121,367,1.40672199e-03,2.983657,0.516267
3,1446,12073,12097,5175.4,16033,12907,0.32537,0.066959,419,90,1.40572895e-03,0.589,0.126516
3,1447,12097,12101,5179.5,24317,22079,1.009503,0.82456,1254,1028,1.40473701e-03,1.76154,1.44407
3,1448,12101,12107,5183.5,15451,13309,0.276204,0.099281,357,132,1.40374657e-03,0.501138,0.185295
3,1449,12107,12109,5187.6,21803,13577,0.800562,0.121232,997,157,1.40275759e-03,1.398549,0.220233
3,1450,12109,12113,5191.7,33391,15737,1.756625,0.299183,2126,385,1.40177013e-03,2.980163,0.539681
3,1451,12113,12119,5195.8,23971,28447,0.977968,1.347306,1214,1645,1.40078415e-03,1.700552,2.30429
3,1452,12119,12143,5199.9,23201,23719,0.910648,0.953306,1137,1186,1.39979962e-03,1.591572,1.660162
3,1453,12143,12149,5204.0,21157,19717,0.74146,0.622932,925,779,1.39881619e-03,1.293905,1.089678
3,1454,12149,12157,5208.0,18121,17443,0.490582,0.434811,622,552,1.39783419e-03,0.869453,0.771604
3,1455,12157,12161,5212.1,17183,13291,0.412959,0.09292,523,123,1.39685359e-03,0.730554,0.171813
3,1456,12161,12163,5216.2,15131,17789,0.244019,0.46255,311,585,1.39587445e-03,0.434117,0.816587
3,1457,12163,12197,5220.3,13339,31039,0.09363,1.544806,128,1887,1.39489682e-03,0.178547,2.63217
3,1458,12197,12203,5224.4,12763,16417,0.04589,0.345325,65,444,1.39392009e-03,0.090605,0.618901
3,1459,12203,12211,5228.5,17911,18859,0.466792,0.544427,594,689,1.39294478e-03,0.827409,0.959739
3,1460,12211,12227,5232.6,16267,19463,0.330416,0.591805,430,747,1.39197085e-03,0.598547,1.039802
3,1461,12227,12239,5236.6,31237,22961,1.552251,0.876052,1905,1100,1.39099815e-03,2.649851,1.530098
3,1462,12239,12241,5240.7,12263,14561,0.001797,0.189527,4,245,1.39002675e-03,0.00556,0.340557
3,1463,12241,12251,5244.8,13217,19087,0.078851,0.557995,108,706,1.38905684e-03,0.150018,0.980674
3,1464,12251,12253,5248.9,14081,30911,0.149188,1.522729,196,1869,1.38808826e-03,0.272065,2.594337
3,1465,12253,12263,5253.0,13513,12653,0.101933,0.031803,136,47,1.38712117e-03,0.188648,0.065195
3,1466,12263,12269,5257.1,21179,15551,0.726221,0.267503,915,348,1.38615539e-03,1.268332,0.482382
3,1467,12269,12277,5261.2,15461,14489,0.259347,0.180174,339,231,1.38519102e-03,0.46958,0.319979
3,1468,12277,12281,5265.3,15643,22159,0.273756,0.804332,356,1018,1.38422801e-03,0.492785,1.409144
3,1469,12281,12289,5269.4,14537,15923,0.182928,0.295712,233,388,1.38326643e-03,0.322301,0.536707
3,1470,12289,12301,5273.4,16633,18661,0.352166,0.517031,454,661,1.38230620e-03,0.627567,0.913704
3,1471,12301,12323,5277.5,18251,19309,0.481052,0.566907,620,718,1.38134725e-03,0.856435,0.991807
3,1472,12323,12329,5281.6,12577,16561,0.020115,0.343256,30,445,1.38038939e-03,0.041412,0.614273
3,1473,12329,12343,5285.7,16001,12511,0.296362,0.013611,390,21,1.37943291e-03,0.537979,0.028968
3,1474,12343,12347,5289.8,13003,16249,0.05313,0.316028,75,414,1.37847766e-03,0.103386,0.57069
3,1475,12347,12373,5293.9,15289,39499,0.235674,2.192354,311,2680,1.37752383e-03,0.42841,3.691764
3,1476,12373,12377,5298.0,13933,20521,0.125717,0.657995,172,840,1.37657100e-03,0.23677,1.15632
3,1477,12377,12379,5302.1,29411,14323,1.375879,0.15704,1719,203,1.37561959e-03,2.36469,0.279251
3,1478,12379,12391,5306.2,17203,27739,0.388346,1.238641,503,1547,1.37466962e-03,0.691459,2.126614
3,1479,12391,12401,5310.3,14887,38167,0.200468,2.077736,265,2549,1.37372090e-03,0.364036,3.501615
3,1480,12401,12409,5314.4,15451,14197,0.245145,0.144089,325,190,1.37277347e-03,0.446151,0.260827
3,1481,12409,12413,5318.5,16481,12791,0.327721,0.030452,429,44,1.37182737e-03,0.588514,0.06036
3,1482,12413,12421,5322.6,15313,16487,0.232831,0.327349,307,429,1.37088266e-03,0.420861,0.588109
3,1483,12421,12433,5326.6,30841,12619,1.480576,0.01496,1842,25,1.36993926e-03,2.523428,0.034248
3,1484,12433,12437,5330.7,13963,17497,0.122698,0.406851,165,530,1.36899711e-03,0.225885,0.725568
3,1485,12437,12451,5334.8,29347,24683,1.356999,0.982411,1704,1248,1.36805635e-03,2.331168,1.707334
3,1486,12451,12457,5338.9,18397,16927,0.47684,0.358834,621,466,1.36711679e-03,0.84898,0.637076
3,1487,12457,12473,5343.0,23293,16619,0.867474,0.332398,1110,435,1.36617857e-03,1.516458,0.594288
3,1488,12473,12479,5347.1,12539,34897,0.004808,1.796458,9,2237,1.36524151e-03,0.012287,3.054045
3,1489,12479,12487,5351.2,33311,38177,1.667654,2.05734,2077,2540,1.36430579e-03,2.833663,3.465337
3,1490,12487,12491,5355.3,20029,26041,0.603475,1.084781,776,1375,1.36337137e-03,1.057976,1.874636
3,1491,12491,12497,5359.4,14143,19429,0.131712,0.554693,173,711,1.36243832e-03,0.235702,0.968694
3,1492,12497,12503,5363.5,21139,12821,0.690714,0.025434,883,36,1.36150660e-03,1.20221,0.049014
3,1493,12503,12511,5367.6,15053,13711,0.203181,0.095916,265,129,1.36057620e-03,0.360553,0.175514
3,1494,12511,12517,5371.7,21391,15329,0.708956,0.224654,907,297,1.35964709e-03,1.2332,0.403815
3,1495,12517,12527,5375.8,14983,13873,0.196057,0.107448,259,143,1.35871930e-03,0.351908,0.194297
3,1496,12527,12539,5379.9,31481,14723,1.510647,0.174177,1892,227,1.35779276e-03,2.568944,0.308219
3,1497,12539,12541,5384.0,15649,17099,0.247827,0.363448,329,474,1.35686743e-03,0.446409,0.643155
3,1498,12541,12547,5388.1,21317,18493,0.698972,0.473898,895,620,1.35594348e-03,1.213569,0.840685
3,1499,12547,12553,5392.2,13267,22189,0.056879,0.767625,78,989,1.35502084e-03,0.105692,1.340116
3,1500,12553,12569,5396.3,13001,24593,0.03437,0.956639,48,1226,1.35409950e-03,0.064997,1.660126
3,1501,12569,12577,5400.4,15859,16063,0.260953,0.277173,347,367,1.35317930e-03,0.469553,0.496617
3,1502,12577,12583,5404.5,13997,26849,0.112374,1.133752,149,1443,1.35226037e-03,0.201487,1.951312
3,1503,12583,12589,5408.6,17939,31721,0.424974,1.519739,554,1907,1.35134273e-03,0.748644,2.577011
3,1504,12589,12601,5412.7,16993,16433,0.348544,0.304103,456,401,1.35042639e-03,0.615794,0.541521
3,1505,12601,12611,5416.8,15031,16651,0.191896,0.320355,252,421,1.34951124e-03,0.340077,0.568144
3,1506,12611,12613,5420.9,14543,14083,0.153017,0.116546,197,155,1.34859731e-03,0.265674,0.209033
3,1507,12613,12619,5425.0,14071,13451,0.115065,0.065932,152,87,1.34768474e-03,0.204848,0.117249
3,1508,12619,12637,5429.1,22063,12713,0.745905,0.006014,964,10,1.34677345e-03,1.29829,0.013468
3,1509,12637,12641,5433.2,12853,18311,0.016771,0.44854,23,590,1.34586324e-03,0.030955,0.794059
3,1510,12641,12647,5437.3,31249,16759,1.470863,0.325136,1858,427,1.34495435e-03,2.498925,0.574296
3,1511,12647,12653,5441.4,14879,22861,0.175927,0.806765,232,1042,1.34404673e-03,0.311819,1.400497
3,1512,12653,12659,5445.5,24623,20507,0.945098,0.619954,1216,802,1.34314039e-03,1.633259,1.077199
3,1513,12659,12671,5449.6,16339,18413,0.28948,0.453161,382,596,1.34223532e-03,0.512734,0.799972
3,1514,12671,12689,5453.7,17053,20219,0.34392,0.593427,454,772,1.34133141e-03,0.608964,1.035508
3,1515,12689,12697,5457.8,14537,14549,0.144916,0.145861,187,189,1.34042858e-03,0.25066,0.253341
3,1516,12697,12703,5461.9,18749,15263,0.475951,0.201527,624,265,1.33952697e-03,0.835865,0.354975
3,1517,12703,12713,5466.0,18859,33767,0.483442,1.6561,631,2099,1.33862663e-03,0.844673,2.809777
3,1518,12713,12721,5470.1,13163,21649,0.034746,0.701832,48,913,1.33772748e-03,0.064211,1.221345
3,1519,12721,12739,5474.2,20333,13577,0.596122,0.065782,777,87,1.33682955e-03,1.038717,0.116304
3,1520,12739,12743,5478.3,26029,13009,1.042612,0.020874,1344,31,1.33593268e-03,1.795494,0.041414
3,1521,12743,12757,5482.4,13711,14479,0.074782,0.134985,101,176,1.33503710e-03,0.134839,0.234967
3,1522,12757,12763,5486.5,14419,12809,0.12975,0.003604,168,5,1.33414263e-03,0.224136,0.006671
3,1523,12763,12781,5490.6,21493,16433,0.681637,0.285737,888,382,1.33324941e-03,1.183925,0.509301
3,1524,12781,12791,5494.8,23609,16097,0.845751,0.258463,1103,350,1.33235723e-03,1.46959,0.466325
3,1525,12791,12799,5498.9,13903,21839,0.086257,0.706305,118,924,1.33146624e-03,0.157113,1.230275
3,1526,12799,12809,5503.0,19507,15761,0.522914,0.230463,688,312,1.33057645e-03,0.915437,0.41514
3,1527,12809,12821,5507.1,16127,15391,0.257858,0.200452,350,272,1.32968783e-03,0.465391,0.361675
3,1528,12821,12823,5511.2,29947,18443,1.335413,0.438275,1714,585,1.32880035e-03,2.277564,0.777348
3,1529,12823,12829,5515.3,19249,22877,0.500429,0.783226,654,1026,1.32791417e-03,0.868456,1.36244
3,1530,12829,12841,5519.4,39119,13103,2.046414,0.020403,2589,29,1.32702922e-03,3.435679,0.038484
3,1531,12841,12853,5523.5,17569,20857,0.366918,0.622734,488,815,1.32614540e-03,0.647159,1.080809
3,1532,12853,12889,5527.6,20903,24481,0.621771,0.899372,820,1185,1.32526271e-03,1.086715,1.570436
3,1533,12889,12893,5531.7,13411,31357,0.040177,1.432095,57,1847,1.32438075e-03,0.07549,2.446131
3,1534,12893,12899,5535.8,27179,21577,1.107063,0.672765,1443,888,1.32350006e-03,1.909811,1.175268
3,1535,12899,12907,5539.9,12973,20107,0.005114,0.557837,10,738,1.32262058e-03,0.013226,0.976094
3,1536,12907,12911,5544.1,13297,19979,0.029897,0.54744,43,723,1.32174228e-03,0.056835,0.95562
3,1537,12911,12917,5548.2,16339,22961,0.264922,0.77758,358,1024,1.32086523e-03,0.47287,1.352566
3,1538,12917,12919,5552.3,26189,14771,1.027169,0.143355,1341,193,1.31998939e-03,1.770106,0.254758
3,1539,12919,12923,5556.4,29021,32183,1.245686,1.490366,1617,1913,1.31911483e-03,2.133009,2.523467
3,1540,12923,12941,5560.5,19457,15581,0.503516,0.204003,666,277,1.31824150e-03,0.877949,0.365153
3,1541,12941,12953,5564.6,16747,16829,0.292905,0.299236,395,401,1.31736918e-03,0.520361,0.528265
3,1542,12953,12959,5568.7,24151,31189,0.863647,1.406744,1147,1819,1.31649798e-03,1.510023,2.39471
3,1543,12959,12967,5572.8,17077,16763,0.316958,0.292743,426,395,1.31562797e-03,0.560458,0.519673
3,1544,12967,12973,5577.0,14327,23993,0.104371,0.849457,137,1124,1.31475912e-03,0.180122,1.477789
3,1545,12973,12979,5581.1,13217,14929,0.018337,0.150243,26,203,1.31389147e-03,0.034161,0.26672
3,1546,12979,12983,5585.2,21101,21563,0.625279,0.660864,826,874,1.31302501e-03,1.084559,1.147584
3,1547,12983,13001,5589.3,20483,16529,0.575494,0.271364,766,367,1.31215978e-03,1.005114,0.481563
3,1548,13001,13003,5593.4,13633,40283,0.04845,2.097977,64,2682,1.31129554e-03,0.083923,3.516895
3,1549,13003,13007,5597.5,14519,18059,0.116245,0.388406,151,521,1.31043255e-03,0.197875,0.682735
3,1550,13007,13009,5601.6,14011,19373,0.077024,0.4892,104,642,1.30957077e-03,0.136195,0.840744
3,1551,13009,13033,5605.8,17581,15959,0.34896,0.224507,471,308,1.30871023e-03,0.616403,0.403083
3,1552,13033,13037,5609.9,17909,27239,0.373706,1.089361,500,1429,1.30785059e-03,0.653925,1.868918
3,1553,13037,13043,5614.0,31543,19681,1.418385,0.508932,1842,674,1.30699216e-03,2.40748,0.880913
3,1554,13043,13049,5618.1,13883,34703,0.063913,1.659438,87,2153,1.30613490e-03,0.113634,2.812108
3,1555,13049,13063,5622.2,14423,20981,0.104111,0.606139,136,804,1.30527881e-03,0.177518,1.049444
3,1556,13063,13093,5626.3,23929,31277,0.827618,1.388834,1107,1817,1.30442377e-03,1.443997,2.370138
3,1557,13093,13099,5630.4,17747,16883,0.354836,0.288877,480,390,1.30356952e-03,0.625713,0.508392
3,1558,13099,13103,5634.6,15877,13627,0.211707,0.039991,291,53,1.30271644e-03,0.37909,0.069044
3,1559,13103,13109,5638.7,15091,15139,0.151194,0.154855,204,210,1.30186455e-03,0.26558,0.273392
3,1560,13109,13121,5642.8,19429,27823,0.480756,1.120494,642,1479,1.30101382e-03,0.835251,1.924199
3,1561,13121,13127,5646.9,21517,14401,0.639141,0.097052,853,126,1.30016416e-03,1.10904,0.163821
3,1562,13127,13147,5651.0,13163,13367,0.001217,0.016734,4,24,1.29931565e-03,0.005197,0.031184
3,1563,13147,13151,5655.2,15919,28219,0.210478,1.145768,293,1513,1.29846809e-03,0.380451,1.964582
3,1564,13151,13159,5659.3,16657,31859,0.265826,1.421081,363,1859,1.29762170e-03,0.471037,2.412279
3,1565,13159,13163,5663.4,17333,13217,0.316797,0.004102,428,6,1.29677643e-03,0.55502,0.007781
3,1566,13163,13171,5667.5,14831,17491,0.126034,0.327993,172,447,1.29593234e-03,0.2229,0.579282
3,1567,13171,13177,5671.6,32143,21701,1.439326,0.646885,1882,868,1.29508936e-03,2.437358,1.124138
3,1568,13177,13183,5675.7,18793,13457,0.425548,0.020784,576,27,1.29424752e-03,0.745487,0.034945
3,1569,13183,13187,5679.9,18517,14731,0.404186,0.117085,551,155,1.29340682e-03,0.712667,0.200478
3,1570,13187,13217,5684.0,18329,24317,0.386775,0.839827,531,1131,1.29256729e-03,0.686353,1.461894
3,1571,13217,13219,5688.1,16979,15287,0.284439,0.156441,386,214,1.29172854e-03,0.498607,0.27643
3,1572,13219,13229,5692.2,28817,13841,1.17832,0.046262,1567,64,1.29089098e-03,2.022826,0.082617
3,1573,13229,13241,5696.4,24473,18127,0.848274,0.369005,1143,504,1.29005448e-03,1.474532,0.650187
3,1574,13241,13249,5700.5,24359,23117,0.838554,0.744811,1130,1007,1.28921903e-03,1.456818,1.298244
3,1575,13249,13259,5704.6,19219,16333,0.449506,0.231843,605,319,1.28838468e-03,0.779473,0.410995
3,1576,13259,13267,5708.7,19381,21179,0.460843,0.596367,618,805,1.28755139e-03,0.795707,1.036479
3,1577,13267,13291,5712.8,21023,16603,0.581747,0.249191,789,343,1.28671919e-03,1.015221,0.441345
3,1578,13291,13297,5717.0,25657,14221,0.929533,0.069489,1248,94,1.28588785e-03,1.604788,0.120873
3,1579,13297,13309,5721.1,28643,16001,1.152153,0.202269,1540,284,1.28505763e-03,1.978989,0.364956
3,1580,13309,13313,5725.2,15971,15259,0.199654,0.146173,280,200,1.28422843e-03,0.359584,0.256846
3,1581,13313,13327,5729.3,20521,15139,0.539806,0.135965,735,188,1.28340038e-03,0.943299,0.241279
3,1582,13327,13331,5733.5,30427,14747,1.282424,0.106219,1704,145,1.28257332e-03,2.185505,0.185973
3,1583,13331,13337,5737.6,16691,13457,0.251481,0.008998,347,12,1.28174740e-03,0.444766,0.015381
3,1584,13337,13339,5741.7,13469,25759,0.009746,0.931104,13,1252,1.28092259e-03,0.016652,1.603715
3,1585,13339,13367,5745.8,26591,21817,0.989302,0.632154,1332,862,1.28009894e-03,1.705092,1.103445
3,1586,13367,13381,5750.0,22637,24419,0.691727,0.824901,942,1125,1.27927608e-03,1.205078,1.439186
3,1587,13381,13397,5754.1,24223,19081,0.808091,0.424274,1108,581,1.27845420e-03,1.416527,0.742782
3,1588,13397,13399,5758.2,32941,14389,1.458467,0.073886,1943,98,1.27763328e-03,2.482441,0.125208
3,1589,13399,13411,5762.3,13807,13633,0.029528,0.016554,44,23,1.27681351e-03,0.05618,0.029367
3,1590,13411,13417,5766.5,18719,16139,0.39517,0.202877,547,288,1.27599475e-03,0.697969,0.367486
3,1591,13417,13421,5770.6,18397,14939,0.370762,0.113106,516,158,1.27517709e-03,0.657991,0.201478
3,1592,13421,13441,5774.7,37987,13963,1.826203,0.038836,2422,57,1.27436054e-03,3.086501,0.072639
3,1593,13441,13451,5778.9,18211,18457,0.353877,0.372166,493,522,1.27354489e-03,0.627858,0.66479
3,1594,13451,13457,5783.0,32191,40771,1.392138,2.029724,1860,2675,1.27273026e-03,2.367278,3.404553
3,1595,13457,13463,5787.1,19081,20051,0.417292,0.489341,573,673,1.27191672e-03,0.728808,0.856
3,1596,13463,13469,5791.2,15233,15859,0.130967,0.177445,182,252,1.27110426e-03,0.231341,0.320318
3,1597,13469,13477,5795.4,13789,19373,0.023151,0.437486,34,595,1.27029288e-03,0.04319,0.755824
3,1598,13477,13487,5799.5,25621,17789,0.899681,0.318974,1224,443,1.26948255e-03,1.553847,0.562381
3,1599,13487,13499,5803.6,21773,16447,0.612934,0.218387,844,307,1.26867324e-03,1.07076,0.389483
3,1600,13499,13513,5807.8,28109,44501,1.080145,2.293199,1467,3025,1.26786493e-03,1.859958,3.835291
3,1601,13513,13523,5811.9,21799,18587,0.611994,0.374473,844,526,1.26705757e-03,1.069397,0.666472
3,1602,13523,13537,5816.0,17011,21701,0.25663,0.603088,359,833,1.26625122e-03,0.454584,1.054787
3,1603,13537,13553,5820.2,15287,19759,0.127942,0.457906,182,634,1.26544584e-03,0.230311,0.802293
3,1604,13553,13567,5824.3,17891,20707,0.318715,0.526277,446,727,1.26464138e-03,0.56403,0.919394
3,1605,13567,13577,5828.4,16619,16553,0.224055,0.219194,317,311,1.26383788e-03,0.400637,0.393054
3,1606,13577,13591,5832.6,14431,16937,0.061806,0.246192,86,348,1.26303538e-03,0.108621,0.439536
3,1607,13591,13597,5836.7,24781,29207,0.822534,1.148047,1134,1568,1.26223383e-03,1.431373,1.979183
3,1608,13597,13613,5840.8,26647,16339,0.957467,0.20025,1314,287,1.26143335e-03,1.657523,0.362031
3,1609,13613,13619,5845.0,16729,27109,0.228357,0.990528,325,1365,1.26063378e-03,0.409706,1.720765
3,1610,13619,13627,5849.1,19373,35899,0.421663,1.634402,582,2204,1.25983527e-03,0.733224,2.776677
3,1611,13627,13633,5853.2,14621,22259,0.072471,0.632729,100,881,1.25903778e-03,0.125904,1.109212
3,1612,13633,13649,5857.4,22193,13967,0.62598,0.023298,877,38,1.25824134e-03,1.103478,0.047813
3,1613,13649,13669,5861.5,34213,24623,1.502963,0.801375,2042,1115,1.25744582e-03,2.567704,1.402052
3,1614,13669,13679,5865.6,21277,21773,0.55545,0.59171,776,829,1.25665115e-03,0.975161,1.041764
3,1615,13679,13681,5869.8,23671,48221,0.73021,2.524669,1019,3349,1.25585748e-03,1.279719,4.205867
3,1616,13681,13687,5873.9,15823,20393,0.15606,0.489954,231,688,1.25506490e-03,0.28992,0.863485
3,1617,13687,13691,5878.0,15877,18047,0.159667,0.318165,232,451,1.25427337e-03,0.290991,0.565677
3,1618,13691,13693,5882.2,17569,20029,0.283064,0.462718,401,648,1.25348290e-03,0.502647,0.812257
3,1619,13693,13697,5886.3,26399,21661,0.927356,0.581441,1281,813,1.25269352e-03,1.6047,1.01844
3,1620,13697,13709,5890.4,15889,15683,0.15902,0.143993,232,211,1.25190520e-03,0.290442,0.264152
3,1621,13709,13711,5894.6,20359,36749,0.484866,1.680257,680,2275,1.25111784e-03,0.85076,2.846293
3,1622,13711,13721,5898.7,23767,22721,0.732162,0.655929,1022,917,1.25033156e-03,1.277839,1.146554
3,1623,13721,13723,5902.9,14851,30169,0.082198,1.198426,117,1640,1.24954625e-03,0.146197,2.049256
3,1624,13723,13729,5907.0,17539,24169,0.277515,0.760434,393,1066,1.24876203e-03,0.490763,1.33118
3,1625,13729,13751,5911.1,21961,43117,0.597047,2.135554,836,2880,1.24797883e-03,1.04331,3.594179
3,1626,13751,13757,5915.3,15569,24197,0.131715,0.758886,190,1067,1.24719644e-03,0.236967,1.330759
3,1627,13757,13759,5919.4,24809,21587,0.803111,0.568937,1117,796,1.24641507e-03,1.392246,0.992146
3,1628,13759,13763,5923.5,16067,36629,0.167405,1.661411,241,2255,1.24563477e-03,0.300198,2.808906
3,1629,13763,13781,5927.7,17033,28837,0.235977,1.092519,336,1511,1.24485552e-03,0.418271,1.880977
3,1630,13781,13789,5931.8,24611,18583,0.784828,0.347668,1097,496,1.24407713e-03,1.364753,0.617062
3,1631,13789,13799,5936.0,14747,14419,0.068701,0.044931,96,59,1.24329972e-03,0.119357,0.073355
3,1632,13799,13807,5940.1,15901,59417,0.151662,3.303397,221,4375,1.24252327e-03,0.274598,5.436039
3,1633,13807,13829,5944.2,14449,20219,0.044833,0.462072,62,653,1.24174780e-03,0.076988,0.810861
3,1634,13829,13831,5948.4,17609,31153,0.273155,1.252404,391,1722,1.24097313e-03,0.48522,2.136956
3,1635,13831,13841,5952.5,15803,25741,0.141753,0.859764,209,1199,1.24019952e-03,0.259202,1.486999
3,1636,13841,13859,5956.7,14557,20023,0.050364,0.444765,70,629,1.23942686e-03,0.08676,0.779599
3,1637,13859,13873,5960.8,33331,14741,1.402581,0.062568,1932,89,1.23865505e-03,2.393082,0.11024
3,1638,13873,13877,5965.0,25321,27749,0.824674,0.99964,1155,1389,1.23788413e-03,1.429756,1.719421
3,1639,13877,13879,5969.1,15331,20731,0.104618,0.493696,153,695,1.23711424e-03,0.189278,0.859794
3,1640,13879,13883,5973.2,15299,39047,0.101995,1.812577,147,2472,1.23634540e-03,0.181743,3.056246
3,1641,13883,13901,5977.4,33647,15797,1.420473,0.136393,1966,202,1.23557758e-03,2.429146,0.249587
3,1642,13901,13903,5981.5,24317,16729,0.749047,0.203265,1059,292,1.23481060e-03,1.307664,0.360565
3,1643,13903,13907,5985.7,37589,15739,1.702883,0.131732,2339,193,1.23404466e-03,2.88643,0.238171
3,1644,13907,13913,5989.8,15749,36109,0.131963,1.595342,193,2192,1.23327973e-03,0.238023,2.703349
3,1645,13913,13921,5994.0,15101,18521,0.084764,0.330436,119,476,1.23251580e-03,0.146669,0.586678
3,1646,13921,13931,5998.1,16901,21841,0.213194,0.567798,303,804,1.23175282e-03,0.373221,0.990329
3,1647,13931,13933,6002.2,17033,16183,0.222493,0.161487,318,233,1.23099077e-03,0.391455,0.286821
3,1648,13933,13963,6006.4,15727,18047,0.126334,0.292487,184,420,1.23022976e-03,0.226362,0.516696
3,1649,13963,13967,6010.5,19979,20089,0.430443,0.438319,610,622,1.22946942e-03,0.749976,0.76473
3,1650,13967,13997,6014.7,23173,42407,0.655569,2.029721,936,2784,1.22871008e-03,1.150073,3.420729
3,1651,13997,13999,6018.8,14731,44221,0.052289,2.158868,73,2952,1.22795142e-03,0.08964,3.624913
3,1652,13999,14009,6023.0,31079,14879,1.218502,0.062103,1696,91,1.22719379e-03,2.081321,0.111675
3,1653,14009,14011,6027.1,25999,18583,0.855613,0.326315,1207,473,1.22643707e-03,1.48031,0.580105
3,1654,14011,14029,6031.3,20029,16187,0.427686,0.153824,612,227,1.22568138e-03,0.750117,0.27823
3,1655,14029,14033,6035.4,26683,40591,0.901447,1.892539,1270,2600,1.22492651e-03,1.555657,3.184809
3,1656,14033,14051,6039.6,15887,24943,0.130667,0.775176,195,1100,1.22417263e-03,0.238714,1.34659
3,1657,14051,14057,6043.7,24917,14411,0.772569,0.025183,1096,32,1.22341957e-03,1.340868,0.039149
3,1658,14057,14071,6047.8,20357,15461,0.446734,0.098785,642,148,1.22266747e-03,0.784953,0.180955
3,1659,14071,14081,6052.0,33403,19889,1.372204,0.412471,1918,590,1.22191624e-03,2.343635,0.720931
3,1660,14081,14083,6056.1,19163,14437,0.360719,0.025137,514,33,1.22116591e-03,0.627679,0.040298
3,1661,14083,14087,6060.3,19051,15461,0.352382,0.097537,503,145,1.22041660e-03,0.61387,0.17696
3,1662,14087,14107,6064.4,15061,21757,0.067626,0.542284,97,779,1.21966826e-03,0.118308,0.950122
3,1663,14107,14143,6068.6,29833,19163,1.109383,0.354946,1568,511,1.21892071e-03,1.911268,0.622868
3,1664,14143,14149,6072.7,14549,23857,0.028271,0.686126,40,989,1.21817375e-03,0.048727,1.204774
3,1665,14149,14153,6076.9,16699,38321,0.179891,1.707624,267,2380,1.21742774e-03,0.325053,2.897478
3,1666,14153,14159,6081.0,14537,29297,0.026697,1.069143,36,1517,1.21668270e-03,0.043801,1.845708
3,1667,14159,14173,6085.2,14389,20809,0.01524,0.468214,19,677,1.21593862e-03,0.023103,0.82319
3,1668,14173,14177,6089.3,19777,21859,0.395006,0.541864,571,784,1.21519538e-03,0.693877,0.952713
3,1669,14177,14197,6093.5,20011,15773,0.409523,0.111009,594,171,1.21445312e-03,0.721385,0.207671
3,1670,14197,14207,6097.7,21647,17747,0.523686,0.249173,760,367,1.21371163e-03,0.922421,0.445432
3,1671,14207,14221,6101.8,16529,15427,0.162295,0.084804,243,131,1.21297103e-03,0.294752,0.158899
3,1672,14221,14243,6106.0,17041,14519,0.196447,0.019378,294,28,1.21223128e-03,0.356396,0.033942
3,1673,14243,14249,6110.1,26539,14591,0.862517,0.024002,1240,36,1.21149227e-03,1.50225,0.043614
3,1674,14249,14251,6114.3,14783,50159,0.037331,2.519683,59,3478,1.21075420e-03,0.071434,4.211003
3,1675,14251,14281,6118.4,37489,21937,1.625096,0.536097,2292,784,1.21001712e-03,2.773359,0.948653
3,1676,14281,14293,6122.6,36833,18041,1.576996,0.262226,2230,390,1.20928068e-03,2.696696,0.471619
3,1677,14293,14303,6126.7,15053,40853,0.052437,1.856254,81,2602,1.20854511e-03,0.097892,3.144634
3,1678,14303,14321,6130.9,26711,33739,0.865163,1.355911,1252,1934,1.20781042e-03,1.512179,2.335905
3,1679,14321,14323,6135.0,15149,25301,0.057669,0.76646,91,1110,1.20707651e-03,0.109844,1.339855
3,1680,14323,14327,6139.2,16693,15803,0.165143,0.103022,251,164,1.20634359e-03,0.302792,0.19784
3,1681,14327,14341,6143.4,34061,25463,1.375078,0.775539,1963,1127,1.20561161e-03,2.366616,1.358724
3,1682,14341,14347,6147.5,22907,14347,0.59664,0.0,875,1,1.20488046e-03,1.05427,0.001205
3,1683,14347,14369,6151.7,14369,21577,0.0,0.501635,1,739,1.20415024e-03,0.001204,0.889867
3,1684,14369,14387,6155.8,15527,24373,0.079238,0.694099,128,1022,1.20342075e-03,0.154038,1.229896
3,1685,14387,14389,6160.0,16699,23563,0.160539,0.63757,247,936,1.20269204e-03,0.297065,1.12572
3,1686,14389,14401,6164.1,35381,20357,1.456843,0.413582,2082,614,1.20196430e-03,2.50249,0.738006
3,1687,14401,14407,6168.3,20359,26029,0.413133,0.806691,614,1177,1.20123740e-03,0.73756,1.413856
3,1688,14407,14411,6172.5,22727,17341,0.577059,0.203317,852,306,1.20051142e-03,1.022836,0.367356
3,1689,14411,14419,6176.6,20177,26783,0.399334,0.85748,594,1250,1.19978637e-03,0.712673,1.499733
3,1690,14419,14423,6180.8,19273,15349,0.336268,0.064203,496,103,1.19906221e-03,0.594735,0.123503
3,1691,14423,14431,6184.9,14983,16729,0.038251,0.159241,63,243,1.19833899e-03,0.075495,0.291196
3,1692,14431,14437,6189.1,47837,15017,2.3135,0.040175,3239,64,1.19761665e-03,3.87908,0.076647
3,1693,14437,14447,6193.3,15131,21647,0.047345,0.498373,74,737,1.19689522e-03,0.08857,0.882112
3,1694,14447,14449,6197.4,20359,21569,0.409025,0.492768,607,727,1.19617464e-03,0.726078,0.869619
3,1695,14449,14461,6201.6,20483,33403,0.41643,1.309868,618,1882,1.19545502e-03,0.738791,2.249846
3,1696,14461,14479,6205.7,15683,19577,0.083155,0.352096,135,525,1.19473623e-03,0.161289,0.627237
3,1697,14479,14489,6209.9,17497,35963,0.207606,1.48209,317,2122,1.19401820e-03,0.378504,2.533707
3,1698,14489,14503,6214.1,20071,22153,0.383921,0.527477,572,786,1.19330102e-03,0.682568,0.937935
3,1699,14503,14519,6218.2,35107,16319,1.418004,0.123975,2044,194,1.19258465e-03,2.437643,0.231361
3,1700,14519,14533,6222.4,27077,27997,0.863139,0.926443,1270,1355,1.19186906e-03,1.513674,1.614983
3,1701,14533,14537,6226.5,64439,29021,3.432758,0.996354,4747,1455,1.19115428e-03,5.654409,1.733129
3,1702,14537,14543,6230.7,25243,18701,0.735749,0.285911,1083,433,1.19044041e-03,1.289247,0.515461
3,1703,14543,14549,6234.9,27653,16369,0.90068,0.125095,1314,196,1.18972743e-03,1.563302,0.233187
3,1704,14549,14551,6239.0,15077,18743,0.036149,0.28809,57,435,1.18901534e-03,0.067774,0.517222
3,1705,14551,14557,6243.2,25969,15607,0.783953,0.07213,1152,115,1.18830418e-03,1.368926,0.136655
3,1706,14557,14561,6247.4,18301,16187,0.25685,0.111668,391,175,1.18759390e-03,0.464349,0.207829
3,1707,14561,14563,6251.5,14741,18461,0.012223,0.267665,19,409,1.18688454e-03,0.022551,0.485436
3,1708,14563,14591,6255.7,27427,19403,0.87972,0.329792,1289,489,1.18617610e-03,1.528981,0.58004
3,1709,14591,14593,6259.8,36097,27143,1.473583,0.860001,2125,1267,1.18546829e-03,2.51912,1.501988
3,1710,14593,14621,6264.0,19531,32587,0.335818,1.228781,505,1788,1.18476141e-03,0.598305,2.118353
3,1711,14621,14627,6268.2,23831,26261,0.629247,0.795378,940,1175,1.18405517e-03,1.113012,1.391265
3,1712,14627,14629,6272.3,24799,17321,0.695194,0.184018,1031,279,1.18334979e-03,1.220034,0.330155
3,1713,14629,14633,6276.5,30631,24841,1.093282,0.697601,1590,1033,1.18264534e-03,1.880406,1.221673
3,1714,14633,14639,6280.7,17597,49117,0.202063,2.355216,309,3334,1.18194178e-03,0.36522,3.940594
3,1715,14639,14653,6284.8,18119,19681,0.236539,0.343138,360,512,1.18123910e-03,0.425246,0.604794
3,1716,14653,14657,6289.0,34631,15473,1.362762,0.055673,1983,92,1.18053719e-03,2.341005,0.108609
3,1717,14657,14669,6293.2,24407,18523,0.663849,0.262731,992,405,1.17983618e-03,1.170397,0.477834
3,1718,14669,14683,6297.3,19913,22807,0.356194,0.553293,533,830,1.17913597e-03,0.628479,0.978683
3,1719,14683,14699,6301.5,36013,17401,1.450031,0.183822,2108,283,1.17843653e-03,2.484144,0.333498
3,1720,14699,14713,6305.7,23869,16223,0.622307,0.10263,934,165,1.17773785e-03,1.100007,0.194327
3,1721,14713,14717,6309.8,19471,36947,0.323028,1.510498,488,2199,1.17703994e-03,0.574395,2.588311
3,1722,14717,14723,6314.0,15497,15287,0.052571,0.038307,88,63,1.17634292e-03,0.103518,0.07411
3,1723,14723,14731,6318.2,23269,15053,0.579594,0.021859,871,35,1.17564676e-03,1.023988,0.041148
3,1724,14731,14737,6322.3,18973,32933,0.28744,1.234715,433,1805,1.17495143e-03,0.508754,2.120787
3,1725,14737,14741,6326.5,14939,25163,0.013432,0.707008,24,1052,1.17425696e-03,0.028182,1.235318
3,1726,14741,14747,6330.7,17189,15331,0.165593,0.039601,253,66,1.17356336e-03,0.296912,0.077455
3,1727,14747,14753,6334.8,20707,29423,0.403579,0.994374,604,1470,1.17287062e-03,0.708414,1.72412
3,1728,14753,14759,6339.0,41761,26993,1.829528,0.828918,2639,1233,1.17217873e-03,3.09338,1.445296
3,1729,14759,14767,6343.2,28789,18311,0.94955,0.239995,1406,370,1.17148769e-03,1.647112,0.43345
3,1730,14767,14771,6347.3,30803,20563,1.08537,0.39212,1590,591,1.17079748e-03,1.861568,0.691941
3,1731,14771,14779,6351.5,15091,17903,0.021111,0.211381,32,320,1.17010813e-03,0.037443,0.374435
3,1732,14779,14783,6355.7,21737,28793,0.470405,0.94771,706,1404,1.16941961e-03,0.82561,1.641865
3,1734,14797,14813,6364.0,23021,26267,0.554108,0.77324,834,1154,1.16804505e-03,0.97415,1.347924
3,1736,14821,14827,6372.4,16699,14939,0.126256,0.007554,196,13,1.16667354e-03,0.228668,0.015167
3,1738,14831,14843,6380.7,23917,49639,0.611332,2.34427,924,3361,1.16530537e-03,1.076742,3.916591
3,1740,14851,14867,6389.1,19469,49459,0.309545,2.326764,468,3342,1.16394042e-03,0.544724,3.889889
3,1742,14869,14879,6397.4,18917,38839,0.271389,1.610323,411,2350,1.16257861e-03,0.47782,2.73206
3,1744,14887,14891,6405.7,17707,34939,0.189108,1.346317,289,1984,1.16122005e-03,0.335593,2.303861
3,1746,14897,14923,6414.1,17923,15991,0.201032,0.071567,309,116,1.15986481e-03,0.358398,0.134544
3,1748,14929,14939,6422.4,15619,19373,0.045518,0.296807,73,444,1.15851245e-03,0.084571,0.51438
3,1750,14947,14951,6430.8,16673,16421,0.115176,0.098321,179,153,1.15716326e-03,0.207132,0.177046
3,1752,14957,14969,6439.1,25013,19559,0.670987,0.306634,1011,467,1.15581736e-03,1.168531,0.539767
3,1754,14983,15013,6447.5,16267,18257,0.083528,0.216079,136,339,1.15447452e-03,0.157009,0.391367
3,1756,15017,15031,6455.8,41179,34757,1.739605,1.312354,2553,1956,1.15313437e-03,2.943952,2.255531
3,1758,15053,15061,6464.2,22943,28657,0.523338,0.902729,802,1363,1.15179715e-03,0.923741,1.5699
3,1760,15073,15077,6472.6,28729,15259,0.905485,0.012071,1370,20,1.15046289e-03,1.576134,0.023009
3,1762,15083,15091,6480.9,33713,24203,1.233981,0.603804,1848,932,1.14913182e-03,2.123596,1.070991
3,1764,15101,15107,6489.3,19211,47317,0.271662,2.132124,414,3116,1.14780388e-03,0.475191,3.576557
3,1766,15121,15131,6497.6,19507,16747,0.289208,0.106801,448,170,1.14647902e-03,0.513623,0.194901
3,1768,15137,15139,6506.0,20063,18089,0.325253,0.194861,501,305,1.14515717e-03,0.573724,0.349273
3,1770,15149,15161,6514.3,15749,28901,0.038784,0.906273,67,1376,1.14383854e-03,0.076637,1.573922
3,1772,15173,15187,6522.7,22259,22259,0.465661,0.465661,720,720,1.14252285e-03,0.822616,0.822616
3,1774,15193,15199,6531.1,18127,19211,0.192644,0.263965,303,404,1.14121008e-03,0.345787,0.461049
3,1776,15217,15227,6539.4,23159,20443,0.520917,0.342549,808,534,1.13990034e-03,0.921039,0.608707
3,1778,15233,15241,6547.8,24683,15767,0.619513,0.034512,955,61,1.13859353e-03,1.087357,0.069454
3,1780,15259,15263,6556.2,35993,63463,1.358186,3.157964,2043,4580,1.13728968e-03,2.323483,5.208787
3,1782,15269,15271,6564.5,15443,22543,0.011263,0.476197,22,738,1.13598887e-03,0.024992,0.83836
3,1784,15277,15287,6572.9,25541,19751,0.670766,0.292013,1029,451,1.13469122e-03,1.167597,0.511746
3,1786,15289,15299,6581.3,20981,15451,0.371397,0.009935,573,19,1.13339662e-03,0.649436,0.021535
3,1788,15307,15313,6589.6,25349,39667,0.655391,1.590413,1008,2382,1.13210504e-03,1.141162,2.696674
3,1790,15319,15329,6598.0,20899,24407,0.363364,0.592211,561,919,1.13081650e-03,0.634388,1.03922
3,1792,15331,15349,6606.4,40867,28109,1.662519,0.831325,2488,1275,1.12953098e-03,2.810273,1.440152
3,1794,15359,15361,6614.8,15731,15649,0.024087,0.018749,39,32,1.12824827e-03,0.044002,0.036104
3,1796,15373,15377,6623.1,17657,30559,0.148273,0.987319,232,1504,1.12696857e-03,0.261457,1.694961
3,1798,15383,15391,6631.5,16651,15413,0.081866,0.001429,128,3,1.12569187e-03,0.144089,0.003377
3,1800,15401,15413,6639.9,18439,26921,0.196328,0.746642,312,1153,1.12441810e-03,0.350818,1.296454
3,1802,15427,15439,6648.3,23039,21767,0.49226,0.409871,769,640,1.12314711e-03,0.8637,0.718814
3,1804,15443,15451,6656.6,41189,17827,1.665782,0.153776,2507,240,1.12187894e-03,2.812551,0.269251
3,1806,15461,15467,6665.0,23743,25121,0.535075,0.624168,834,967,1.12061370e-03,0.934592,1.083633
3,1808,15473,15493,6673.4,18131,35291,0.17027,1.277867,270,1952,1.11935138e-03,0.302225,2.184974
3,1810,15497,15511,6681.8,15923,47269,0.026562,2.04745,47,3063,1.11809179e-03,0.05255,3.424715
3,1812,15527,15541,6690.1,21871,25183,0.40731,0.620423,642,968,1.11683491e-03,0.717008,1.081096
3,1814,15551,15559,6698.5,32507,28057,1.089273,0.803265,1675,1247,1.11558071e-03,1.868598,1.391129
3,1816,15569,15581,6706.9,20113,22717,0.290867,0.457994,458,722,1.11432932e-03,0.510363,0.804546
3,1818,15583,15601,6715.3,20047,48221,0.284982,2.090892,449,3146,1.11308075e-03,0.499773,3.501752
3,1820,15607,15619,6723.7,23549,16993,0.507715,0.08797,798,140,1.11183490e-03,0.887244,0.155657
3,1822,15629,15641,6732.1,20939,30313,0.338725,0.938047,533,1455,1.11059181e-03,0.591945,1.615911
3,1824,15643,15647,6740.5,19979,26041,0.276858,0.664281,435,1041,1.10935150e-03,0.482568,1.154835
3,1826,15649,15661,6748.9,25243,40637,0.611838,1.59479,959,2433,1.10811419e-03,1.062682,2.696042
3,1828,15667,15671,6757.2,21377,15913,0.364112,0.015443,570,27,1.10687968e-03,0.630921,0.029886
3,1830,15679,15683,6765.6,30881,88469,0.969075,4.641076,1501,6744,1.10564804e-03,1.659578,7.45649
3,1832,15727,15731,6774.0,20663,26987,0.313521,0.71553,496,1128,1.10441894e-03,0.547792,1.245785
3,1834,15733,15737,6782.4,20123,23311,0.278706,0.481286,442,765,1.10319241e-03,0.487611,0.843942
3,1836,15739,15749,6790.8,26573,28351,0.687282,0.800178,1080,1251,1.10196883e-03,1.190126,1.378563
3,1838,15761,15767,6799.2,17623,18583,0.117714,0.178601,188,288,1.10074798e-03,0.206941,0.317015
3,1840,15773,15787,6807.6,19993,21569,0.266422,0.366251,421,581,1.09952989e-03,0.462902,0.638827
3,1842,15791,15797,6816.0,25163,19507,0.592897,0.234855,935,372,1.09831449e-03,1.026924,0.408573
3,1844,15803,15809,6824.4,19319,21559,0.222025,0.363717,346,575,1.09710190e-03,0.379597,0.630834
3,1846,15817,15823,6832.8,16361,18959,0.034001,0.198193,51,310,1.09589208e-03,0.05589,0.339727
3,1848,15859,15877,6841.2,44179,17959,1.782579,0.131133,2750,211,1.09468476e-03,3.010383,0.230978
3,1850,15881,15887,6849.6,20731,23857,0.304903,0.501668,484,803,1.09347975e-03,0.529244,0.878064
3,1852,15889,15901,6858.0,31387,17021,0.973901,0.070436,1530,110,1.09227756e-03,1.671185,0.120151
3,1854,15907,15913,6866.4,23627,21059,0.484761,0.323383,775,514,1.09107805e-03,0.845585,0.560814
3,1856,15919,15923,6874.8,21739,18793,0.365258,0.180242,583,288,1.08988128e-03,0.635401,0.313886
3,1858,15937,15959,6883.2,23053,18169,0.444514,0.13848,715,224,1.08868721e-03,0.778411,0.243866
3,1860,15971,15973,6891.6,32749,19937,1.050272,0.248169,1652,394,1.08749546e-03,1.796543,0.428473
3,1862,15991,16001,6900.0,32029,16061,1.001687,0.00375,1574,5,1.08630635e-03,1.709846,0.005432
3,1864,16007,16033,6908.4,24419,39371,0.523046,1.455623,847,2281,1.08511978e-03,0.919096,2.475158
3,1866,16057,16061,6916.8,43331,49537,1.697902,2.084304,2656,3224,1.08393541e-03,2.878932,3.494608
3,1868,16063,16067,6925.3,22541,20177,0.402938,0.255804,651,415,1.08275365e-03,0.704873,0.449343
3,1870,16069,16073,6933.7,30637,23057,0.906116,0.434518,1434,704,1.08157468e-03,1.550978,0.761429
3,1872,16087,16091,6942.1,20717,24197,0.28749,0.50376,460,821,1.08039837e-03,0.496983,0.887007
3,1874,16097,16103,6950.5,19597,32359,0.216978,1.009501,349,1597,1.07922470e-03,0.376649,1.723522
3,1876,16111,16127,6958.9,19441,18049,0.205494,0.119179,328,193,1.07805367e-03,0.353602,0.208064
3,1878,16139,16141,6967.3,23293,18869,0.443095,0.169011,719,271,1.07688504e-03,0.77428,0.291836
3,1880,16183,16187,6975.7,32909,28463,1.033051,0.758386,1646,1217,1.07571878e-03,1.770633,1.30915
3,1882,16189,16193,6984.2,50341,22003,2.108812,0.358797,3285,583,1.07455491e-03,3.529913,0.626466
3,1884,16217,16223,6992.6,23741,22027,0.463416,0.357764,755,583,1.07339358e-03,0.810412,0.625788
3,1886,16229,16231,7001.0,23827,23567,0.467993,0.451975,764,736,1.07223472e-03,0.819187,0.789165
3,1888,16249,16253,7009.4,18913,16889,0.163662,0.039131,264,60,1.07107843e-03,0.282765,0.064265
3,1890,16267,16273,7017.8,25673,19157,0.577644,0.177226,938,283,1.06992461e-03,1.003589,0.302789
3,1892,16301,16319,7026.3,18427,18541,0.129175,0.13616,218,232,1.06877313e-03,0.232993,0.247955
3,1894,16333,16339,7034.7,22397,30427,0.370769,0.862231,613,1392,1.06762380e-03,0.654453,1.486132
3,1896,16349,16361,7043.1,23629,24611,0.444227,0.504248,734,831,1.06647694e-03,0.782794,0.886242
3,1898,16363,16369,7051.5,21757,26053,0.329159,0.591606,543,968,1.06533255e-03,0.578476,1.031242
3,1900,16381,16411,7060.0,55249,18427,2.366583,0.122844,3714,210,1.06419071e-03,3.952404,0.22348
3,1902,16417,16421,7068.4,31649,27997,0.927349,0.704951,1502,1153,1.06305098e-03,1.596703,1.225698
3,1904,16427,16433,7076.8,56671,18899,2.44861,0.150064,3842,246,1.06191383e-03,4.079873,0.261231
3,1906,16447,16451,7085.3,29231,39043,0.776852,1.37329,1272,2205,1.06077915e-03,1.349311,2.339018
3,1908,16453,16477,7093.7,26317,27143,0.597196,0.647327,984,1068,1.05964699e-03,1.042693,1.131703
3,1910,16481,16487,7102.1,25261,46471,0.532177,1.818645,878,2893,1.05851711e-03,0.929378,3.06229
3,1912,16493,16519,7110.6,21851,21523,0.32278,0.302924,539,504,1.05738975e-03,0.569933,0.532924
3,1914,16529,16547,7119.0,38609,18047,1.333293,0.090651,2153,154,1.05626456e-03,2.274138,0.162665
3,1916,16553,16561,7127.4,34781,17027,1.100175,0.028138,1799,47,1.05514164e-03,1.8982,0.049592
3,1918,16567,16573,7135.9,25643,18229,0.547276,0.099922,907,171,1.05402117e-03,0.955997,0.180238
3,1920,16603,16607,7144.3,18367,17749,0.105979,0.068766,184,118,1.05290300e-03,0.193734,0.124243
3,1922,16619,16631,7152.8,17597,20147,0.058084,0.211412,101,357,1.05178710e-03,0.10623,0.375488
3,1924,16633,16649,7161.2,17807,18269,0.069554,0.097303,119,170,1.05067355e-03,0.12503,0.178615
3,1926,16651,16657,7169.6,61657,26731,2.701567,0.604791,4278,1009,1.04956237e-03,4.490028,1.059008
3,1928,16661,16673,7178.1,28499,19919,0.70929,0.194686,1172,324,1.04845368e-03,1.228788,0.339699
3,1930,16691,16693,7186.5,18731,23789,0.122087,0.425088,208,716,1.04734726e-03,0.217848,0.749901
3,1932,16699,16703,7195.0,30869,27583,0.848111,0.65138,1397,1080,1.04624325e-03,1.461602,1.129943
3,1934,16729,16741,7203.4,22531,17377,0.345857,0.037991,584,63,1.04514153e-03,0.610363,0.065844
3,1936,16747,16759,7211.9,18541,21227,0.106331,0.266603,188,451,1.04404200e-03,0.19628,0.470863
3,1938,16763,16787,7220.3,26267,30689,0.564723,0.828141,950,1372,1.04294479e-03,0.990798,1.43092
3,1940,16811,16823,7228.8,25657,34381,0.525114,1.04369,886,1735,1.04184960e-03,0.923079,1.807609
3,1942,16829,16831,7237.2,23431,32413,0.392134,0.925792,667,1537,1.04075659e-03,0.694185,1.599643
3,1944,16843,16871,7245.7,18269,42943,0.082864,1.545374,150,2545,1.03966598e-03,0.15595,2.64595
3,1946,16879,16883,7254.1,27077,19211,0.603803,0.13789,1024,232,1.03857736e-03,1.063503,0.24095
3,1948,16889,16901,7262.6,23753,30089,0.40542,0.780309,694,1304,1.03749113e-03,0.720019,1.352888
3,1950,16903,16921,7271.0,27211,19183,0.60812,0.13368,1030,226,1.03640721e-03,1.067499,0.234228
3,1952,16927,16931,7279.5,27437,18443,0.620519,0.089304,1047,161,1.03532551e-03,1.083986,0.166687
3,1954,16937,16943,7288.0,25801,30539,0.522812,0.802455,887,1343,1.03424618e-03,0.917376,1.388993
3,1956,16963,16979,7296.4,17077,27791,0.005772,0.636787,13,1077,1.03316910e-03,0.013431,1.112723
3,1958,16981,16987,7304.9,26633,17053,0.567846,0.003885,962,10,1.03209413e-03,0.992875,0.010321
3,1960,16993,17011,7313.3,27127,21757,0.594674,0.278996,1015,481,1.03102152e-03,1.046487,0.495921
3,1962,17021,17027,7321.8,27773,17581,0.631115,0.032537,1069,60,1.02995104e-03,1.101018,0.061797
3,1964,17029,17033,7330.3,28687,34259,0.684201,1.011331,1161,1695,1.02888286e-03,1.194533,1.743956
3,1966,17041,17047,7338.7,33391,21577,0.958761,0.265736,1610,456,1.02781704e-03,1.654785,0.468685
3,1968,17053,17077,7347.2,31253,37591,0.830122,1.201265,1401,2015,1.02675350e-03,1.438482,2.068908
3,1970,17093,17099,7355.6,26339,18521,0.540382,0.083163,924,151,1.02569193e-03,0.947739,0.154879
3,1972,17107,17117,7364.1,23017,23893,0.344687,0.395864,595,686,1.02463256e-03,0.609656,0.702898
3,1974,17123,17137,7372.6,21851,43973,0.275077,1.565968,477,2602,1.02357540e-03,0.488245,2.663343
3,1976,17159,17167,7381.0,18979,20483,0.105551,0.193161,182,337,1.02252029e-03,0.186099,0.344589
3,1978,17183,17189,7389.5,23251,20599,0.352667,0.198383,615,345,1.02146723e-03,0.628202,0.352406
3,1980,17191,17203,7398.0,37957,32783,1.206417,0.905656,2031,1535,1.02041639e-03,2.072466,1.566339
3,1982,17207,17209,7406.5,22129,24697,0.285897,0.435121,499,753,1.01936776e-03,0.508665,0.767584
3,1984,17231,17239,7414.9,21013,49177,0.218922,1.85266,379,3071,1.01832133e-03,0.385944,3.127265
3,1986,17257,17291,7423.4,19183,19301,0.109421,0.116245,190,202,1.01727692e-03,0.193283,0.20549
3,1988,17293,17299,7431.9,36013,21019,1.081797,0.215041,1839,377,1.01623430e-03,1.868855,0.38312
3,1990,17317,17321,7440.4,18307,36781,0.056925,1.123492,108,1910,1.01519385e-03,0.109641,1.93902
3,1992,17327,17333,7448.8,20369,31079,0.175157,0.793054,310,1356,1.01415557e-03,0.314388,1.375195
3,1994,17341,17351,7457.3,33529,33343,0.932396,0.921676,1595,1576,1.01311948e-03,1.615926,1.596676
3,1996,17359,17377,7465.8,37337,24023,1.148645,0.38246,1957,676,1.01208552e-03,1.980651,0.68417
3,1998,17383,17387,7474.3,23957,24151,0.377869,0.389026,666,691,1.01105358e-03,0.673362,0.698638
3,2000,17389,17393,7482.8,18257,31489,0.049675,0.810441,93,1389,1.01002388e-03,0.093932,1.402923
5,600,4409,4421,1880.4,5443,4657,0.231169,0.053382,120,30,3.45807211e-03,0.414969,0.103742
5,604,4447,4451,1895.0,8167,4567,0.834869,0.026062,421,15,3.43455140e-03,1.445946,0.051518
5,608,4481,4483,1909.6,6581,10601,0.46799,1.364711,244,685,3.41135117e-03,0.83237,2.336776
5,612,4513,4517,1924.2,6571,5023,0.454727,0.112021,238,62,3.38845682e-03,0.806453,0.210084
5,616,4547,4549,1938.8,7561,16001,0.662124,2.517476,344,1247,3.36587367e-03,1.157861,4.197244
5,620,4583,4591,1953.5,6329,4789,0.378567,0.043128,204,24,3.34358113e-03,0.682091,0.080246
5,624,4621,4637,1968.1,5843,6451,0.260082,0.391201,143,214,3.32157439e-03,0.474985,0.710817
5,628,4649,4651,1982.8,7529,5693,0.618792,0.224038,326,122,3.29984688e-03,1.07575,0.402581
5,632,4673,4679,1997.5,6737,4951,0.439838,0.058132,237,30,3.27841773e-03,0.776985,0.098353
5,636,4721,4723,2012.1,10321,5021,1.185264,0.063095,630,37,3.25725872e-03,2.052073,0.120519
5,640,4751,4759,2026.8,12979,5381,1.727254,0.1307,906,69,3.23636714e-03,2.932149,0.223309
5,644,4789,4793,2041.6,9811,5081,1.046943,0.060088,566,35,3.21572670e-03,1.820101,0.11255
5,648,4813,4817,2056.3,4951,11953,0.027818,1.48142,14,785,3.19535928e-03,0.044735,2.508357
5,652,4871,4877,2071.0,5657,6131,0.159934,0.257125,93,147,3.17523601e-03,0.295297,0.46676
5,656,4909,4919,2085.8,5039,7349,0.024395,0.494003,19,280,3.15534620e-03,0.059952,0.883497
5,660,4937,4943,2100.6,8209,8009,0.660732,0.620271,369,348,3.13570077e-03,1.157074,1.091224
5,664,4967,4969,2115.3,5099,5717,0.026162,0.150533,17,89,3.11630657e-03,0.052977,0.277351
5,668,4993,4999,2130.1,5813,9433,0.162833,0.886977,95,500,3.09715726e-03,0.29423,1.548579
5,672,5011,5021,2144.9,5021,6047,0.0,0.204342,1,117,3.07824915e-03,0.003078,0.360155
5,676,5051,5059,2159.7,6551,5743,0.29492,0.135205,170,80,3.05957479e-03,0.520128,0.244766
5,680,5087,5099,2174.5,6397,5309,0.25456,0.041185,154,24,3.04111600e-03,0.468332,0.072987
5,684,5113,5119,2189.4,6781,6829,0.324673,0.33405,189,195,3.02288181e-03,0.571325,0.589462
5,688,5167,5171,2204.2,6163,5657,0.191839,0.093986,115,57,3.00485672e-03,0.345559,0.171277
5,692,5197,5209,2219.1,11149,6337,1.140334,0.216548,658,133,2.98704083e-03,1.965473,0.397276
5,696,5233,5237,2234.0,11351,6733,1.167462,0.28566,675,172,2.96942752e-03,2.004364,0.510742
5,700,5279,5281,2248.8,6967,12433,0.319258,1.354289,195,784,2.95201652e-03,0.575643,2.314381
5,704,5309,5323,2263.7,16963,10433,2.186737,0.959985,1252,573,2.93480648e-03,3.674378,1.681644
5,708,5351,5381,2278.6,5813,8837,0.080282,0.64226,55,393,2.91778906e-03,0.160478,1.146691
5,712,5399,5407,2293.6,6491,8689,0.200481,0.606991,130,370,2.90095263e-03,0.377124,1.073352
5,716,5419,5431,2308.5,26431,7643,3.866691,0.407291,2188,254,2.88431638e-03,6.310884,0.732616
5,720,5443,5449,2323.5,5857,7069,0.074876,0.297302,50,188,2.86787672e-03,0.143394,0.539161
5,724,5479,5483,2338.4,6857,5669,0.250593,0.033923,158,23,2.85162477e-03,0.450557,0.065587
5,728,5507,5519,2353.4,6247,31907,0.131908,4.781301,84,2699,2.83555845e-03,0.238187,7.653172
5,732,5531,5557,2368.3,12479,23663,1.245636,3.258233,757,1900,2.81967718e-03,2.134496,5.357387
5,736,5573,5581,2383.3,5857,8111,0.049454,0.453324,34,284,2.80396681e-03,0.095335,0.796327
5,740,5639,5641,2398.3,5641,7873,0.0,0.395675,1,254,2.78842330e-03,0.002788,0.70826
5,744,5653,5657,2413.3,7283,9013,0.287432,0.593247,185,377,2.77304647e-03,0.513014,1.045439
5,748,5683,5689,2428.3,6091,8839,0.070663,0.5537,47,354,2.75784792e-03,0.129619,0.976278
5,752,5711,5717,2443.4,6967,6311,0.218646,0.103901,143,69,2.74281600e-03,0.392223,0.189254
5,756,5743,5749,2458.4,6673,17729,0.160724,2.083841,104,1279,2.72794498e-03,0.283706,3.489042
5,760,5791,5801,2473.4,7937,7757,0.368212,0.337183,243,224,2.71322905e-03,0.659315,0.607763
5,764,5821,5827,2488.5,8821,8821,0.513815,0.513815,335,335,2.69866972e-03,0.904054,0.904054
5,768,5849,5851,2503.6,15451,6271,1.640745,0.071783,1037,48,2.68426833e-03,2.783586,0.128845
5,772,5867,5869,2518.6,19457,11351,2.315216,0.93406,1434,599,2.67002825e-03,3.828821,1.599347
5,776,5897,5903,2533.7,7027,9277,0.190412,0.571574,128,372,2.65594491e-03,0.339961,0.988012
5,780,5939,5953,2548.8,9613,8429,0.614816,0.415925,406,274,2.64200417e-03,1.072654,0.723909
5,784,6007,6011,2563.9,9601,6827,0.597238,0.135751,401,94,2.62819358e-03,1.053906,0.24705
5,788,6043,6047,2579.0,8731,6529,0.443856,0.079709,300,56,2.61451795e-03,0.784355,0.146413
5,792,6073,6079,2594.2,21839,6481,2.592532,0.066129,1657,49,2.60098570e-03,4.309833,0.127448
5,796,6101,6113,2609.3,10789,9791,0.764927,0.601669,518,412,2.58759459e-03,1.340374,1.066089
5,800,6133,6143,2624.4,11699,15061,0.904444,1.451734,604,959,2.57433992e-03,1.554901,2.468792
5,804,6173,6197,2639.6,6521,8707,0.052283,0.405035,39,281,2.56122046e-03,0.099888,0.719703
5,808,6211,6217,2654.8,6449,6221,0.037317,0.000643,29,2,2.54822772e-03,0.073899,0.005096
5,812,6247,6257,2669.9,12037,7307,0.923765,0.167812,629,119,2.53536997e-03,1.594748,0.301709
5,816,6271,6277,2685.1,8783,16993,0.399235,1.707185,279,1144,2.52263963e-03,0.703816,2.8859
5,820,6301,6311,2700.3,8221,10391,0.302646,0.64649,211,453,2.51004021e-03,0.529618,1.137048
5,824,6329,6337,2715.5,14149,9479,1.23276,0.495818,841,351,2.49756815e-03,2.100455,0.876646
5,828,6359,6361,2730.7,6991,8689,0.099041,0.36598,71,254,2.48522204e-03,0.176451,0.631246
5,832,6379,6389,2746.0,8423,11519,0.31836,0.802943,221,557,2.47300289e-03,0.546534,1.377463
5,836,6427,6449,2761.2,17291,12071,1.681191,0.871763,1151,609,2.46090078e-03,2.832497,1.498689
5,840,6473,6481,2776.4,11827,13679,0.824873,1.110631,578,775,2.44890767e-03,1.415469,1.897903
5,844,6529,6547,2791.7,7681,8461,0.173209,0.292348,130,214,2.43702550e-03,0.316813,0.521523
5,848,6563,6569,2806.9,7369,9283,0.121784,0.413153,90,302,2.42525141e-03,0.218273,0.732426
5,852,6581,6599,2822.2,6899,16673,0.045461,1.526595,35,1077,2.41359614e-03,0.084476,2.599443
5,856,6637,6653,2837.5,11351,9631,0.706148,0.447618,515,334,2.40204901e-03,1.237055,0.802284
5,860,6673,6679,2852.8,6991,6959,0.046714,0.041922,39,33,2.39060640e-03,0.093234,0.07889
5,864,6701,6703,2868.1,7207,7691,0.07519,0.147397,56,112,2.37927445e-03,0.133239,0.266479
5,868,6733,6737,2883.4,7331,10333,0.08817,0.533769,66,400,2.36805260e-03,0.156291,0.947221
5,872,6779,6781,2898.7,9157,9817,0.350391,0.447722,263,339,2.35693176e-03,0.619873,0.799
5,876,6803,6823,2914.1,9419,7907,0.380478,0.158874,289,123,2.34591551e-03,0.67797,0.288548
5,880,6833,6841,2929.4,9749,7129,0.425084,0.042099,323,34,2.33500079e-03,0.754205,0.07939
5,884,6869,6871,2944.7,11933,11447,0.73672,0.665987,546,497,2.32418879e-03,1.269007,1.155122
5,888,6907,6911,2960.1,8779,17041,0.270294,1.465779,206,1078,2.31347689e-03,0.476576,2.493928
5,892,6949,6959,2975.5,8423,9463,0.210375,0.359822,161,280,2.30286043e-03,0.370761,0.644801
5,896,6971,6977,2990.8,9497,11443,0.361187,0.640103,281,484,2.29234101e-03,0.644148,1.109493
5,900,6997,7001,3006.2,11903,17497,0.700186,1.499214,526,1114,2.28192144e-03,1.200291,2.54206
5,904,7027,7039,3021.6,7237,9839,0.028129,0.397784,21,310,2.27159826e-03,0.047704,0.704195
5,908,7069,7079,3037.0,7753,13669,0.095211,0.930922,75,706,2.26136683e-03,0.169603,1.596525
5,912,7121,7127,3052.4,16369,7649,1.296759,0.073243,987,59,2.25122092e-03,2.221955,0.132822
5,916,7159,7177,3067.8,20789,7759,1.896614,0.081092,1426,69,2.24116396e-03,3.1959,0.15464
5,920,7207,7211,3083.2,33359,17359,3.626127,1.407294,2654,1076,2.23119097e-03,5.921581,2.400761
5,924,7229,7237,3098.7,11953,12503,0.651651,0.72765,509,569,2.22130867e-03,1.130646,1.263925
5,928,7253,7283,3114.1,13187,9649,0.810655,0.324866,642,264,2.21151584e-03,1.419793,0.58384
5,932,7309,7321,3129.6,7669,8191,0.047534,0.118836,40,96,2.20180224e-03,0.088072,0.211373
5,936,7349,7351,3145.0,11119,9349,0.512583,0.2718,412,222,2.19217339e-03,0.903175,0.486662
5,940,7411,7417,3160.5,8089,9803,0.090603,0.321693,77,269,2.18262401e-03,0.168062,0.587126
5,944,7457,7459,3176.0,10369,12007,0.390133,0.609733,328,495,2.17314965e-03,0.712793,1.075709
5,948,7487,7489,3191.5,10211,13411,0.363466,0.79076,305,642,2.16375641e-03,0.659946,1.389132
5,952,7517,7523,3207.0,19997,8311,1.658115,0.104745,1310,91,2.15444621e-03,2.822325,0.196055
5,956,7541,7547,3222.5,7879,9109,0.043991,0.20697,40,174,2.14521716e-03,0.085809,0.373268
5,960,7561,7573,3238.0,16979,22171,1.242044,1.927638,997,1527,2.13607062e-03,2.129662,3.26178
5,964,7589,7591,3253.5,9803,10133,0.291398,0.33487,245,279,2.12700398e-03,0.521116,0.593434
5,968,7621,7639,3269.0,14461,10499,0.893049,0.374395,728,316,2.11801664e-03,1.541916,0.669293
5,972,7669,7673,3284.6,11411,9851,0.487163,0.283852,405,243,2.10910188e-03,0.854186,0.512512
5,976,7691,7699,3300.1,8537,12109,0.108845,0.572802,88,474,2.10026214e-03,0.184823,0.995524
5,980,7723,7727,3315.7,11699,12713,0.514042,0.64527,424,538,2.09149805e-03,0.886795,1.125226
5,984,7757,7759,3331.2,11551,7937,0.488723,0.022941,408,19,2.08280680e-03,0.849785,0.039573
5,988,7817,7823,3346.8,8753,9851,0.11888,0.259236,104,227,2.07418448e-03,0.215715,0.47084
5,992,7853,7867,3362.4,15877,9467,1.018177,0.203381,857,181,2.06562975e-03,1.770245,0.373879
5,996,7879,7883,3377.9,10331,19717,0.310542,1.501205,271,1236,2.05714440e-03,0.557486,2.54263
5,1000,7919,7927,3393.5,21803,8311,1.750473,0.048442,1446,43,2.04872998e-03,2.962464,0.088095
5,1004,7949,7951,3409.1,8821,14057,0.10942,0.767954,95,654,2.04038415e-03,0.193836,1.334411
5,1008,8009,8011,3424.7,9001,10973,0.12358,0.369742,110,324,2.03210391e-03,0.223531,0.658402
5,1012,8053,8059,3440.4,14627,8713,0.814989,0.081152,700,74,2.02388635e-03,1.41672,0.149768
5,1016,8087,8089,3456.0,10159,10151,0.255903,0.254914,231,230,2.01573255e-03,0.465634,0.463618
5,1020,8111,8117,3471.6,11497,9629,0.41641,0.186276,367,169,2.00764660e-03,0.736806,0.339292
5,1024,8161,8167,3487.3,9041,18461,0.107016,1.260438,99,1092,1.99962425e-03,0.197963,2.18359
5,1028,8191,8209,3502.9,14533,23063,0.770374,1.809477,673,1548,1.99166438e-03,1.34039,3.083096
5,1032,8231,8233,3518.6,8291,21341,0.007045,1.592129,8,1364,1.98376559e-03,0.01587,2.705856
5,1036,8263,8269,3534.2,9043,10631,0.093603,0.285645,88,261,1.97593163e-03,0.173882,0.515718
5,1040,8291,8293,3549.9,9743,14207,0.174846,0.713132,162,631,1.96815892e-03,0.318842,1.241908
5,1044,8317,8329,3565.6,12071,18803,0.449274,1.257534,401,1102,1.96044938e-03,0.78614,2.160415
5,1048,8369,8377,3581.3,8623,12391,0.029366,0.479169,25,431,1.95279670e-03,0.04882,0.841655
5,1052,8419,8423,3597.0,11399,12041,0.353318,0.429538,324,390,1.94520240e-03,0.630246,0.758629
5,1056,8443,8447,3612.7,9103,9091,0.077661,0.07624,73,72,1.93766605e-03,0.14145,0.139512
5,1060,8501,8513,3628.4,12799,12841,0.503465,0.508399,466,471,1.93018722e-03,0.899467,0.909118
5,1064,8537,8539,3644.1,12641,15139,0.480384,0.772924,446,705,1.92276140e-03,0.857552,1.355547
5,1068,8573,8581,3659.8,8831,13859,0.029134,0.61508,32,569,1.91539346e-03,0.061293,1.089859
5,1072,8609,8623,3675.6,14699,16421,0.704627,0.904326,648,831,1.90808021e-03,1.236436,1.585615
5,1076,8641,8647,3691.3,9433,13219,0.090899,0.528738,92,496,1.90082283e-03,0.174876,0.942808
5,1080,8677,8681,3707.1,21799,14869,1.511116,0.712821,1365,662,1.89362056e-03,2.584792,1.253577
5,1084,8699,8707,3722.8,10739,9281,0.233375,0.065924,226,65,1.88647429e-03,0.426343,0.122621
5,1088,8731,8737,3738.6,14011,18617,0.60364,1.130823,566,1041,1.87938326e-03,1.063731,1.956438
5,1092,8753,8761,3754.3,19937,15737,1.275653,0.796256,1162,743,1.87234684e-03,2.175667,1.391154
5,1096,8803,8807,3770.1,16673,10687,0.893153,0.213467,833,207,1.86536244e-03,1.553847,0.38613
5,1100,8831,8837,3785.9,11939,9643,0.351024,0.091207,331,91,1.85842930e-03,0.61514,0.169117
5,1104,8861,8863,3801.7,10133,8863,0.143292,0.0,139,1,1.85154895e-03,0.257365,0.001852
5,1108,8893,8923,3817.5,25609,14369,1.869999,0.610333,1713,576,1.84472003e-03,3.160005,1.062559
5,1112,8941,8951,3833.3,20593,18233,1.300637,1.036979,1210,978,1.83793770e-03,2.223905,1.797503
5,1116,8971,8999,3849.1,19739,9437,1.193466,0.048672,1118,53,1.83120555e-03,2.047288,0.097054
5,1120,9011,9013,3864.9,26407,10529,1.929879,0.168201,1781,167,1.82452138e-03,3.249473,0.304695
5,1124,9043,9049,3880.7,9161,9377,0.012377,0.036247,12,36,1.81788722e-03,0.021815,0.065444
5,1128,9091,9103,3896.6,12601,29101,0.384269,2.196858,377,2035,1.81130107e-03,0.682861,3.685998
5,1132,9133,9137,3912.4,11939,23159,0.306665,1.534639,299,1452,1.80475952e-03,0.539623,2.620511
5,1136,9161,9173,3928.3,10111,11213,0.102257,0.222392,106,221,1.79826528e-03,0.190616,0.397417
5,1140,9199,9203,3944.1,10477,17579,0.138433,0.910138,142,881,1.79181782e-03,0.254438,1.578591
5,1144,9227,9239,3960.0,13159,12539,0.424288,0.357182,421,353,1.78541723e-03,0.751661,0.630252
5,1148,9277,9281,3975.8,16883,12647,0.819093,0.362676,799,363,1.77906158e-03,1.42147,0.645799
5,1152,9311,9319,3991.7,18919,13367,1.030153,0.434381,1002,434,1.77275040e-03,1.776296,0.769374
5,1156,9341,9343,4007.6,9437,10061,0.010061,0.076849,13,78,1.76648333e-03,0.022964,0.137786
5,1160,9377,9391,4023.5,16061,10939,0.710254,0.164839,707,169,1.76026118e-03,1.244505,0.297484
5,1164,9413,9419,4039.4,20887,10891,1.217539,0.15628,1185,161,1.75408173e-03,2.078587,0.282407
5,1168,9433,9437,4055.3,15377,10529,0.629437,0.115715,629,119,1.74794707e-03,1.099459,0.208006
5,1172,9463,9467,4071.2,21163,13807,1.235449,0.458435,1207,461,1.74185686e-03,2.102421,0.802996
5,1176,9491,9497,4087.1,21991,29483,1.315573,2.104454,1287,2027,1.73581008e-03,2.233988,3.518487
5,1180,9533,9539,4103.0,13127,27427,0.37614,1.875249,382,1817,1.72980465e-03,0.660785,3.143055
5,1184,9587,9601,4118.9,12713,22901,0.324133,1.385272,334,1372,1.72383976e-03,0.575762,2.365108
5,1188,9623,9629,4134.8,16943,11971,0.75958,0.243224,767,248,1.71791241e-03,1.317639,0.426042
5,1192,9649,9661,4150.8,11383,11351,0.178242,0.17493,182,179,1.71202729e-03,0.311589,0.306453
5,1196,9689,9697,4166.7,20551,17891,1.119315,0.845004,1124,854,1.70618183e-03,1.917748,1.457079
5,1200,9733,9739,4182.7,36251,11159,2.722251,0.145806,2647,151,1.70037528e-03,4.500893,0.256757
5,1202,9743,9749,4190.6,16451,11731,0.687455,0.203303,705,206,1.69748699e-03,1.196728,0.349682
5,1204,9767,9769,4198.6,14419,11399,0.475995,0.166854,486,172,1.69460853e-03,0.82358,0.291473
5,1206,9781,9787,4206.6,12791,21803,0.306938,1.227751,319,1240,1.69173984e-03,0.539665,2.097757
5,1208,9791,9803,4214.6,15737,30223,0.605325,2.083036,627,2061,1.68888110e-03,1.058928,3.480784
5,1210,9811,9817,4222.6,29059,13633,1.960069,0.388713,1950,402,1.68603197e-03,3.287762,0.677785
5,1212,9829,9833,4230.5,11597,16657,0.179396,0.69399,184,715,1.68319254e-03,0.309707,1.203483
5,1214,9839,9851,4238.5,22621,14557,1.296315,0.477718,1313,492,1.68036297e-03,2.206317,0.826739
5,1216,9857,9859,4246.5,26099,11197,1.647226,0.135714,1652,140,1.67754286e-03,2.771301,0.234856
5,1218,9871,9883,4254.5,10501,9923,0.062532,0.004047,67,5,1.67473265e-03,0.112207,0.008374
5,1220,9887,9901,4262.5,15287,11933,0.543985,0.205232,565,210,1.67193166e-03,0.944641,0.351106
5,1222,9907,9923,4270.5,20873,12347,1.103497,0.244281,1125,253,1.66913992e-03,1.877782,0.422292
5,1224,9929,9931,4278.5,12437,10939,0.252341,0.1015,261,105,1.66635718e-03,0.434919,0.174968
5,1226,9941,9949,4286.5,10499,13421,0.055282,0.34898,58,366,1.66358422e-03,0.096488,0.608872
5,1228,9967,9973,4294.5,11939,18439,0.197132,0.848892,203,884,1.66082016e-03,0.337146,1.468165
5,1230,10007,10009,4302.5,20921,10499,1.090219,0.048956,1123,54,1.65806430e-03,1.862006,0.089535
5,1232,10037,10039,4310.5,13757,12379,0.370356,0.233091,395,246,1.65531655e-03,0.65385,0.407208
5,1234,10061,10067,4318.5,14369,13337,0.427337,0.324824,450,350,1.65257726e-03,0.74366,0.578402
5,1236,10069,10079,4326.5,10099,34781,0.001984,2.450838,4,2479,1.64984700e-03,0.006599,4.089971
5,1238,10091,10093,4334.5,23003,10141,1.279104,0.004756,1327,7,1.64712578e-03,2.185736,0.01153
5,1240,10099,10103,4342.5,14983,11551,0.483025,0.143324,514,152,1.64441394e-03,0.845229,0.249951
5,1242,10111,10133,4350.5,11423,35869,0.127307,2.53982,136,2569,1.64171144e-03,0.223273,4.217557
5,1244,10139,10141,4358.5,13003,16453,0.282221,0.622424,305,664,1.63901708e-03,0.4999,1.088307
5,1246,10151,10159,4366.5,11839,12413,0.165371,0.221872,175,236,1.63633202e-03,0.286358,0.386174
5,1248,10163,10169,4374.5,16223,11353,0.595339,0.116432,637,124,1.63365591e-03,1.040639,0.202573
5,1250,10177,10181,4382.6,12157,14177,0.194087,0.392496,205,419,1.63098889e-03,0.334353,0.683384
5,1252,10193,10211,4390.6,13633,13681,0.335129,0.33983,360,364,1.62833079e-03,0.586199,0.592712
5,1254,10223,10243,4398.6,10399,10267,0.01523,0.002343,20,5,1.62568056e-03,0.032514,0.008128
5,1256,10247,10253,4406.6,33181,12437,2.236224,0.213011,2300,229,1.62303829e-03,3.732988,0.371676
5,1258,10259,10267,4414.6,17467,11779,0.701276,0.147268,750,153,1.62040500e-03,1.215304,0.247922
5,1260,10271,10273,4422.7,19387,14407,0.88718,0.402414,935,428,1.61778053e-03,1.512625,0.69241
5,1262,10289,10301,4430.7,26737,25939,1.595573,1.518105,1674,1592,1.61516488e-03,2.703786,2.571342
5,1264,10303,10313,4438.7,16063,30187,0.557549,1.927082,604,2001,1.61255747e-03,0.973985,3.226727
5,1266,10321,10331,4446.7,12037,16657,0.165134,0.612332,175,661,1.60995862e-03,0.281743,1.064183
5,1268,10333,10337,4454.8,17881,17239,0.729806,0.667699,781,717,1.60736829e-03,1.255355,1.152483
5,1270,10343,10357,4462.8,18341,12157,0.77088,0.173796,832,185,1.60478685e-03,1.335183,0.296886
5,1272,10369,10391,4470.8,17989,12277,0.73121,0.181503,792,196,1.60221337e-03,1.268953,0.314034
5,1274,10399,10427,4478.9,19717,15227,0.890956,0.460343,958,503,1.59964727e-03,1.532462,0.804623
5,1276,10429,10433,4486.9,13931,13007,0.335282,0.246717,371,274,1.59708847e-03,0.59252,0.437602
5,1278,10453,10457,4494.9,19891,24593,0.902171,1.351822,972,1448,1.59453799e-03,1.549891,2.308891
5,1280,10459,10463,4503.0,29311,21467,1.801395,1.051706,1905,1127,1.59199579e-03,3.032752,1.794179
5,1282,10477,10487,4511.0,26713,11519,1.547249,0.098408,1649,107,1.58946202e-03,2.621023,0.170072
5,1284,10499,10501,4519.1,36899,39293,2.513856,2.741834,2628,2852,1.58693599e-03,4.170468,4.525941
5,1286,10513,10529,4527.1,15823,10601,0.502802,0.006838,561,7,1.58441818e-03,0.888859,0.011091
5,1288,10531,10559,4535.1,16249,11273,0.538877,0.06762,600,75,1.58190803e-03,0.949145,0.118643
5,1290,10567,10589,4543.2,12143,13681,0.146756,0.292001,163,326,1.57940496e-03,0.257443,0.514886
5,1292,10597,10601,4551.2,11549,38933,0.089426,2.672578,99,2810,1.57690909e-03,0.156114,4.431115
5,1294,10607,10613,4559.3,11287,13217,0.063507,0.245359,71,277,1.57442147e-03,0.111784,0.436115
5,1296,10627,10631,4567.3,11369,20369,0.06942,0.916,77,1006,1.57194178e-03,0.12104,1.581373
5,1298,10639,10651,4575.4,13513,21647,0.268707,1.032391,303,1132,1.56947003e-03,0.475549,1.77664
5,1300,10657,10663,4583.5,20161,16421,0.890744,0.539998,981,603,1.56700598e-03,1.537233,0.944905
5,1302,10667,10687,4591.5,12611,11909,0.180032,0.114345,204,125,1.56455001e-03,0.319168,0.195569
5,1304,10691,10709,4599.6,28019,11689,1.616397,0.091512,1753,99,1.56210138e-03,2.738364,0.154648
5,1306,10711,10723,4607.6,14653,16001,0.366502,0.492213,410,557,1.55966022e-03,0.639461,0.868731
5,1308,10729,10733,4615.7,11383,27983,0.060561,1.607193,66,1746,1.55722677e-03,0.102777,2.718918
5,1310,10739,10753,4623.8,10789,24749,0.003348,1.30159,4,1428,1.55480132e-03,0.006219,2.220256
5,1312,10771,10781,4631.8,19447,12239,0.803822,0.135238,893,150,1.55238296e-03,1.386278,0.232857
5,1314,10789,10799,4639.9,13159,12743,0.218539,0.180017,251,207,1.54997182e-03,0.389043,0.320844
5,1316,10831,10837,4647.9,23561,13537,1.174126,0.249146,1304,287,1.54756751e-03,2.018028,0.444152
5,1318,10847,10853,4656.0,24137,21143,1.223993,0.948125,1370,1058,1.54517015e-03,2.116883,1.63479
5,1320,10859,10861,4664.1,15643,18661,0.440291,0.718166,504,811,1.54278040e-03,0.777561,1.251195
5,1322,10867,10883,4672.2,21227,14489,0.950473,0.331342,1065,376,1.54039855e-03,1.640524,0.57919
5,1324,10889,10891,4680.2,23909,11519,1.195299,0.057662,1336,65,1.53802381e-03,2.0548,0.099972
5,1326,10903,10909,4688.3,12539,29251,0.149418,1.681364,171,1854,1.53565672e-03,0.262597,2.847108
5,1328,10937,10939,4696.4,11443,12917,0.046074,0.180821,52,210,1.53329649e-03,0.079731,0.321992
5,1330,10949,10957,4704.5,12541,12157,0.144565,0.109519,168,125,1.53094333e-03,0.257198,0.191368
5,1332,10973,10979,4712.5,11443,13001,0.042263,0.18417,48,216,1.52859721e-03,0.073373,0.330177
5,1334,10987,10993,4720.6,23297,11351,1.119258,0.032566,1264,37,1.52625826e-03,1.92919,0.056472
5,1336,11003,11027,4728.7,13109,20641,0.188809,0.87186,224,991,1.52392659e-03,0.34136,1.510211
5,1338,11047,11057,4736.8,11213,11867,0.014109,0.073257,19,85,1.52160097e-03,0.02891,0.129336
5,1340,11059,11069,4744.9,20201,14653,0.825007,0.323787,945,376,1.51928227e-03,1.435722,0.57125
5,1342,11071,11083,4753.0,11119,14081,0.003248,0.270504,6,318,1.51697091e-03,0.009102,0.482397
5,1344,11087,11093,4761.1,15583,13219,0.40476,0.191652,474,228,1.51466671e-03,0.717952,0.345344
5,1346,11113,11117,4769.2,24481,14563,1.202123,0.309976,1371,362,1.51236948e-03,2.073459,0.547478
5,1348,11119,11131,4777.2,12037,14437,0.081394,0.297008,93,345,1.51007935e-03,0.140437,0.520977
5,1350,11149,11159,4785.3,14243,11519,0.276369,0.032261,323,39,1.50779594e-03,0.487018,0.058804
5,1352,11161,11171,4793.4,30181,21859,1.701728,0.956763,1912,1100,1.50551931e-03,2.878553,1.656071
5,1354,11173,11177,4801.5,13523,12011,0.209895,0.074618,248,86,1.50324983e-03,0.372806,0.129279
5,1356,11197,11213,4809.6,12253,12269,0.092749,0.094176,109,111,1.50098731e-03,0.163608,0.16661
5,1358,11239,11243,4817.7,14281,11801,0.270213,0.049631,318,56,1.49873057e-03,0.476596,0.083929
5,1360,11251,11257,4825.8,35863,20431,2.18584,0.81496,2450,948,1.49648046e-03,3.666377,1.418663
5,1362,11261,11273,4833.9,15679,18637,0.390845,0.653242,468,768,1.49423736e-03,0.699303,1.147574
5,1364,11279,11287,4842.0,12323,12457,0.091787,0.103659,108,123,1.49200102e-03,0.161136,0.183516
5,1366,11299,11311,4850.1,11821,17807,0.045089,0.574308,51,677,1.48977139e-03,0.075978,1.008575
5,1368,11317,11321,4858.2,28439,11987,1.512057,0.058829,1727,70,1.48754828e-03,2.568996,0.104128
5,1370,11329,11351,4866.4,28499,11677,1.510704,0.02872,1730,31,1.48533210e-03,2.569625,0.046045
5,1372,11353,11369,4874.5,16411,13421,0.443487,0.180491,529,220,1.48312209e-03,0.784572,0.326287
5,1374,11383,11393,4882.6,13781,12763,0.209602,0.120249,256,149,1.48091835e-03,0.379115,0.220657
5,1376,11399,11411,4890.7,23167,21149,1.030234,0.853387,1209,1001,1.47872106e-03,1.787774,1.4802
5,1378,11423,11437,4898.8,15269,11447,0.335053,0.000874,404,3,1.47653014e-03,0.596518,0.00443
5,1380,11443,11447,4906.9,15569,11471,0.360094,0.002097,436,3,1.47434546e-03,0.642815,0.004423
5,1382,11467,11471,4915.0,12301,15803,0.072356,0.377648,89,462,1.47216727e-03,0.131023,0.680141
5,1384,11483,11489,4923.2,21727,21647,0.891113,0.88415,1053,1046,1.46999541e-03,1.547905,1.537615
5,1386,11491,11497,4931.3,15541,16447,0.351744,0.430547,427,520,1.46783017e-03,0.626763,0.763272
5,1388,11503,11519,4939.4,13399,15263,0.163209,0.325028,201,393,1.46567164e-03,0.2946,0.576009
5,1390,11527,11549,4947.5,14449,15271,0.251104,0.322279,305,393,1.46351922e-03,0.446373,0.575163
5,1392,11551,11579,4955.7,15187,18913,0.311599,0.633388,381,760,1.46137272e-03,0.556783,1.110643
5,1394,11587,11593,4963.8,12377,12049,0.067627,0.039334,83,50,1.45923183e-03,0.121116,0.072962
5,1396,11597,11617,4971.9,24133,12161,1.077387,0.046828,1291,60,1.45709746e-03,1.881113,0.087426
5,1398,11621,11633,4980.0,42859,14621,2.68426,0.256855,3084,313,1.45496906e-03,4.487125,0.455405
5,1400,11657,11677,4988.2,13043,13313,0.116982,0.140104,154,181,1.45284652e-03,0.223738,0.262965
5,1402,11681,11689,4996.3,33749,14251,1.887244,0.21918,2211,273,1.45072947e-03,3.207563,0.396049
5,1404,11699,11701,5004.4,12329,25057,0.053671,1.141441,69,1363,1.44861870e-03,0.099955,1.974467
5,1406,11717,11719,5012.6,12401,16007,0.058196,0.365902,74,458,1.44651419e-03,0.107042,0.662504
5,1408,11731,11743,5020.7,12983,21179,0.105595,0.803543,139,973,1.44441587e-03,0.200774,1.405417
5,1410,11777,11779,5028.9,14627,15413,0.241786,0.308515,302,391,1.44232290e-03,0.435582,0.563948
5,1412,11783,11789,5037.0,49741,12739,3.219272,0.080584,3696,108,1.44023586e-03,5.323112,0.155545
5,1414,11801,11807,5045.1,13241,44563,0.121453,2.774286,160,3219,1.43815502e-03,0.230105,4.629421
5,1416,11813,11821,5053.3,31159,19183,1.635902,0.62279,1941,760,1.43608030e-03,2.787432,1.091421
5,1418,11827,11831,5061.4,12049,16747,0.018426,0.415519,26,518,1.43401172e-03,0.037284,0.742818
5,1420,11833,11839,5069.6,13859,20533,0.170623,0.734353,217,897,1.43194950e-03,0.310733,1.284459
5,1422,11863,11867,5077.7,14939,13219,0.258869,0.113929,327,150,1.42989315e-03,0.467575,0.214484
5,1424,11887,11897,5085.9,11933,14891,0.003026,0.25166,6,321,1.42784238e-03,0.008567,0.458337
5,1426,11903,11909,5094.0,16931,17597,0.421698,0.477622,527,597,1.42579727e-03,0.751395,0.851201
5,1428,11923,11927,5102.2,13417,14369,0.124927,0.204746,163,256,1.42375808e-03,0.232073,0.364482
5,1430,11933,11939,5110.3,13537,27539,0.133847,1.306642,173,1578,1.42172488e-03,0.245958,2.243482
5,1432,11941,11953,5118.5,13831,21401,0.157115,0.790429,203,971,1.41969780e-03,0.288199,1.378527
5,1434,11959,11969,5126.6,21587,15073,0.803576,0.259337,989,326,1.41767656e-03,1.402082,0.462163
5,1436,11971,11981,5134.8,13757,25523,0.148235,1.13029,191,1375,1.41566123e-03,0.270391,1.946534
5,1438,11987,12007,5143.0,17191,14591,0.431748,0.215208,542,271,1.41365178e-03,0.766199,0.3831
5,1440,12011,12037,5151.1,16567,28351,0.37634,1.355321,478,1647,1.41164774e-03,0.674768,2.324984
5,1442,12041,12043,5159.3,13627,18181,0.131529,0.509674,169,641,1.40964890e-03,0.238231,0.903585
5,1444,12049,12071,5167.4,19813,28837,0.641372,1.388949,798,1696,1.40765614e-03,1.12331,2.387385
5,1446,12073,12097,5175.6,23327,31069,0.928329,1.568323,1155,1901,1.40566869e-03,1.623547,2.672176
5,1448,12101,12107,5183.8,33353,15971,1.754853,0.319154,2125,412,1.40368650e-03,2.982834,0.578319
5,1450,12109,12113,5191.9,30649,14221,1.530257,0.174028,1856,222,1.40171023e-03,2.601574,0.31118
5,1452,12119,12143,5200.1,13399,19387,0.103434,0.596558,137,743,1.39973990e-03,0.191764,1.040007
5,1454,12149,12157,5208.3,16871,23753,0.38776,0.953854,491,1188,1.39777465e-03,0.686307,1.660556
5,1456,12161,12163,5216.4,17891,23929,0.470936,0.96736,594,1207,1.39581509e-03,0.829114,1.684749
5,1458,12197,12203,5224.6,13759,20359,0.12751,0.66836,170,843,1.39386090e-03,0.236956,1.175025
5,1460,12211,12227,5232.8,22643,13883,0.851885,0.135438,1070,181,1.39191183e-03,1.489346,0.251936
5,1462,12239,12241,5241.0,15373,19727,0.255861,0.611551,334,771,1.38996791e-03,0.464249,1.071665
5,1464,12251,12253,5249.1,13093,30347,0.068555,1.4767,93,1817,1.38802960e-03,0.129087,2.52205
5,1466,12263,12269,5257.3,12911,18457,0.052327,0.504361,71,649,1.38609690e-03,0.098413,0.899577
5,1468,12277,12281,5265.5,13063,14519,0.063676,0.182233,88,232,1.38416969e-03,0.121807,0.321127
5,1470,12289,12301,5273.7,15629,14107,0.270547,0.146817,352,193,1.38224805e-03,0.486551,0.266774
5,1472,12323,12329,5281.8,13217,17851,0.072025,0.447887,99,575,1.38033141e-03,0.136653,0.793691
5,1474,12343,12347,5290.0,23057,14143,0.867417,0.14546,1100,190,1.37841985e-03,1.516262,0.2619
5,1476,12373,12377,5298.2,26407,19949,1.133554,0.61178,1425,779,1.37651336e-03,1.961532,1.072304
5,1478,12379,12391,5306.4,18049,13859,0.456622,0.118473,591,159,1.37461214e-03,0.812396,0.218563
5,1480,12401,12409,5314.6,14159,13267,0.141027,0.069143,187,97,1.37271617e-03,0.256698,0.133153
5,1481,12409,12413,5318.7,20921,15607,0.68541,0.257311,872,339,1.37177015e-03,1.196184,0.46503
5,1482,12413,12421,5322.8,25903,24103,1.08542,0.940504,1367,1200,1.37082552e-03,1.873918,1.644991
5,1483,12421,12433,5326.9,17027,14411,0.369501,0.159093,480,206,1.36988221e-03,0.657543,0.282196
5,1484,12433,12437,5331.0,14771,16573,0.187666,0.332556,247,435,1.36894014e-03,0.338128,0.595489
5,1485,12437,12451,5335.1,13553,19379,0.088507,0.556421,119,708,1.36799946e-03,0.162792,0.968544
5,1486,12451,12457,5339.2,25339,15887,1.034117,0.275347,1308,365,1.36705998e-03,1.788114,0.498977
5,1487,12457,12473,5343.2,14821,17783,0.188247,0.42572,249,553,1.36612184e-03,0.340164,0.755465
5,1488,12473,12479,5347.3,14891,14783,0.193285,0.18463,257,245,1.36518487e-03,0.350853,0.33447
5,1489,12479,12487,5351.4,36691,15671,1.938336,0.254985,2401,340,1.36424923e-03,3.275562,0.463845
5,1490,12487,12491,5355.5,18973,13681,0.518934,0.095269,667,126,1.36331490e-03,0.909331,0.171778
5,1491,12491,12497,5359.6,13291,13799,0.063535,0.104185,87,141,1.36238193e-03,0.118527,0.192096
5,1492,12497,12503,5363.7,20759,19559,0.660322,0.564345,847,727,1.36145028e-03,1.153148,0.989774
5,1493,12503,12511,5367.8,19429,22409,0.552953,0.791144,709,1015,1.36051997e-03,0.964609,1.380928
5,1494,12511,12517,5371.9,40693,17827,2.251019,0.424223,2767,550,1.35959094e-03,3.761988,0.747775
5,1495,12517,12527,5376.0,18719,15149,0.494292,0.209308,642,275,1.35866323e-03,0.872262,0.373632
5,1496,12527,12539,5380.1,13553,16481,0.080868,0.314379,108,414,1.35773677e-03,0.146636,0.562103
5,1497,12539,12541,5384.2,14747,39749,0.175903,2.169524,230,2681,1.35681152e-03,0.312067,3.637612
5,1498,12541,12547,5388.3,16273,21379,0.296963,0.703913,393,901,1.35588765e-03,0.532864,1.221655
5,1499,12547,12553,5392.4,20407,16493,0.625667,0.313869,807,413,1.35496509e-03,1.093457,0.559601
5,1500,12553,12569,5396.5,13003,13093,0.034529,0.04169,49,57,1.35404384e-03,0.066348,0.07718
5,1501,12569,12577,5400.6,43933,18787,2.493122,0.493758,3069,642,1.35312371e-03,4.152737,0.868705
5,1502,12577,12583,5404.7,22031,26251,0.750854,1.086227,966,1383,1.35220486e-03,1.30623,1.870099
5,1503,12583,12589,5408.8,13597,14831,0.08007,0.178092,105,235,1.35128730e-03,0.141885,0.317553
5,1504,12589,12601,5412.9,26177,14563,1.077375,0.155702,1373,204,1.35037104e-03,1.854059,0.275476
5,1505,12601,12611,5417.0,20183,17987,0.600428,0.426295,779,558,1.34945597e-03,1.051226,0.752996
5,1506,12611,12613,5421.1,18269,22079,0.448426,0.750496,588,969,1.34854212e-03,0.792943,1.306737
5,1507,12613,12619,5425.2,17291,15077,0.370235,0.194786,480,254,1.34762963e-03,0.646862,0.342298
5,1508,12619,12637,5429.3,13093,13781,0.036085,0.090528,49,122,1.34671842e-03,0.065989,0.1643
5,1509,12637,12641,5433.4,40237,12757,2.183055,0.009176,2717,13,1.34580829e-03,3.656561,0.017496
5,1510,12641,12647,5437.5,12739,13841,0.007274,0.09441,10,126,1.34489947e-03,0.013449,0.169457
5,1511,12647,12653,5441.6,20563,16787,0.625148,0.326721,810,428,1.34399193e-03,1.088633,0.575229
5,1512,12653,12659,5445.7,25771,15391,1.035785,0.215815,1326,287,1.34308567e-03,1.780932,0.385466
5,1513,12659,12671,5449.8,20123,14797,0.588115,0.167785,763,221,1.34218068e-03,1.024084,0.296622
5,1514,12671,12689,5453.9,15101,21821,0.190086,0.719678,250,934,1.34127685e-03,0.335319,1.252753
5,1515,12689,12697,5458.0,17299,26111,0.362448,1.05647,474,1355,1.34037409e-03,0.635337,1.816207
5,1516,12697,12703,5462.1,18869,13043,0.485397,0.026765,633,38,1.33947257e-03,0.847886,0.0509
5,1517,12703,12713,5466.2,15271,21193,0.201211,0.667034,266,867,1.33857230e-03,0.35606,1.160542
5,1518,12713,12721,5470.3,14431,17431,0.134423,0.370254,174,487,1.33767323e-03,0.232755,0.651447
5,1519,12721,12739,5474.4,37633,37747,1.954157,1.963105,2467,2476,1.33677538e-03,3.297825,3.309856
5,1520,12739,12743,5478.6,25423,15217,0.995056,0.194146,1283,256,1.33587858e-03,1.713932,0.341985
5,1521,12743,12757,5482.7,22769,19739,0.784824,0.547307,1023,713,1.33498308e-03,1.365688,0.951843
5,1522,12757,12763,5486.8,20173,18773,0.580585,0.470892,760,620,1.33408868e-03,1.013907,0.827135
5,1523,12763,12781,5490.9,17971,17989,0.406072,0.40748,537,541,1.33319554e-03,0.715926,0.721259
5,1524,12781,12791,5495.0,13903,22031,0.086936,0.722383,119,944,1.33230344e-03,0.158544,1.257694
5,1525,12791,12799,5499.1,17029,14561,0.330495,0.137667,439,182,1.33141252e-03,0.58449,0.242317
5,1526,12799,12809,5503.2,22123,35107,0.727145,1.740807,954,2217,1.33052281e-03,1.269319,2.949769
5,1527,12809,12821,5507.3,18401,13109,0.435223,0.022463,581,33,1.32963427e-03,0.772518,0.043878
5,1528,12821,12823,5511.4,33091,21683,1.580597,0.690946,2020,906,1.32874687e-03,2.684069,1.203845
5,1529,12823,12829,5515.5,20369,24439,0.587731,0.904981,773,1184,1.32786076e-03,1.026436,1.572187
5,1530,12829,12841,5519.6,15329,19469,0.193754,0.516159,261,678,1.32697588e-03,0.346341,0.89969
5,1531,12841,12853,5523.7,14051,14009,0.093208,0.08994,126,122,1.32609214e-03,0.167088,0.161783
5,1532,12853,12889,5527.8,21011,15607,0.63015,0.210877,830,288,1.32520952e-03,1.099924,0.38166
5,1533,12889,12893,5532.0,22171,17491,0.719615,0.356628,954,480,1.32432764e-03,1.263409,0.635677
5,1534,12893,12899,5536.1,32191,18757,1.49562,0.454144,1920,607,1.32344702e-03,2.541018,0.803332
5,1535,12899,12907,5540.2,21491,12967,0.665065,0.004649,875,9,1.32256761e-03,1.157247,0.011903
5,1536,12907,12911,5544.3,22717,13999,0.759507,0.084269,1002,116,1.32168939e-03,1.324333,0.153316
5,1537,12911,12917,5548.4,13831,16561,0.070759,0.282109,98,380,1.32081242e-03,0.12944,0.501909
5,1538,12917,12919,5552.5,15061,16879,0.165802,0.306525,221,408,1.31993665e-03,0.291706,0.538534
5,1539,12919,12923,5556.6,44293,14713,2.427455,0.138513,3073,182,1.31906216e-03,4.053478,0.240069
5,1540,12923,12941,5560.7,27127,17317,1.096206,0.33815,1435,450,1.31818891e-03,1.891601,0.593185
5,1541,12941,12953,5564.8,14303,13109,0.104223,0.012044,137,19,1.31731667e-03,0.180472,0.025029
5,1542,12953,12959,5569.0,16183,25679,0.248785,0.981557,338,1287,1.31644553e-03,0.444959,1.694265
5,1543,12959,12967,5573.1,23831,23021,0.837819,0.775353,1108,1025,1.31557559e-03,1.457658,1.348465
5,1544,12967,12973,5577.2,13487,26489,0.039621,1.041856,55,1365,1.31470682e-03,0.072309,1.794575
5,1545,12973,12979,5581.3,14813,16661,0.141305,0.283689,190,383,1.31383925e-03,0.249629,0.5032
5,1546,12979,12983,5585.4,22063,18041,0.699376,0.389586,926,520,1.31297286e-03,1.215813,0.682746
5,1547,12983,13001,5589.5,13633,25939,0.048612,0.995154,65,1307,1.31210770e-03,0.085287,1.714925
5,1548,13001,13003,5593.6,15329,17443,0.178882,0.34146,243,458,1.31124353e-03,0.318632,0.60055
5,1549,13003,13007,5597.7,22901,13829,0.760667,0.063197,1007,85,1.31038061e-03,1.319553,0.111382
5,1550,13007,13009,5601.9,15629,15551,0.201399,0.195403,272,264,1.30951891e-03,0.356189,0.345713
5,1551,13009,13033,5606.0,26633,30631,1.043505,1.350265,1369,1752,1.30865844e-03,1.791553,2.29277
5,1552,13033,13037,5610.1,25913,16481,0.987651,0.264171,1298,358,1.30779888e-03,1.697523,0.468192
5,1553,13037,13043,5614.2,15233,13669,0.167906,0.047995,225,61,1.30694052e-03,0.294062,0.079723
5,1554,13043,13049,5618.3,16097,15361,0.233581,0.177178,320,241,1.30608333e-03,0.417947,0.314766
5,1555,13049,13063,5622.4,15199,30509,0.163515,1.335528,220,1739,1.30522731e-03,0.28715,2.26979
5,1556,13063,13093,5626.6,18397,19273,0.405102,0.472008,551,630,1.30437234e-03,0.718709,0.821755
5,1557,13093,13099,5630.7,24509,39419,0.871059,2.009314,1162,2593,1.30351816e-03,1.514688,3.380023
5,1558,13099,13103,5634.8,21397,18169,0.632985,0.386629,844,524,1.30266515e-03,1.099449,0.682597
5,1559,13103,13109,5638.9,20333,25657,0.551072,0.957205,737,1267,1.30181334e-03,0.959436,1.649397
5,1560,13109,13121,5643.0,28309,15073,1.157534,0.148769,1524,200,1.30096268e-03,1.982667,0.260193
5,1561,13121,13127,5647.1,27077,16339,1.062695,0.244687,1409,334,1.30011308e-03,1.831859,0.434238
5,1562,13127,13147,5651.3,13907,14407,0.057808,0.095839,82,126,1.29926465e-03,0.10654,0.163707
5,1563,13147,13151,5655.4,26423,30649,1.009201,1.330545,1340,1743,1.29841715e-03,1.739879,2.263141
5,1564,13151,13159,5659.5,24019,24197,0.825291,0.838818,1107,1129,1.29757083e-03,1.436411,1.464957
5,1565,13159,13163,5663.6,15269,15187,0.159994,0.153764,217,208,1.29672563e-03,0.281389,0.269719
5,1566,13163,13171,5667.7,15241,21839,0.157163,0.658113,213,883,1.29588161e-03,0.276023,1.144263
5,1567,13171,13177,5671.9,15859,13807,0.203536,0.047811,281,66,1.29503870e-03,0.363906,0.085473
5,1568,13177,13183,5676.0,30347,19273,1.30198,0.461959,1713,618,1.29419694e-03,2.216959,0.799814
5,1569,13183,13187,5680.1,15443,21487,0.171078,0.629408,235,840,1.29335631e-03,0.303939,1.086419
5,1570,13187,13217,5684.2,13859,14717,0.048574,0.11349,67,152,1.29251685e-03,0.086599,0.196463
5,1571,13217,13219,5688.3,28607,22273,1.164082,0.684923,1543,923,1.29167816e-03,1.993059,1.192219
5,1572,13219,13229,5692.5,13799,34487,0.043087,1.606924,60,2112,1.29084067e-03,0.07745,2.726255
5,1573,13229,13241,5696.6,21757,15083,0.643154,0.139113,868,189,1.29000424e-03,1.119724,0.243811
5,1574,13241,13249,5700.7,29867,29429,1.254283,1.221224,1661,1624,1.28916886e-03,2.141309,2.09361
5,1575,13249,13259,5704.8,15569,16369,0.174221,0.234558,241,324,1.28833458e-03,0.310489,0.41742
5,1576,13259,13267,5708.9,28097,15017,1.117811,0.131906,1489,180,1.28750135e-03,1.91709,0.23175
5,1577,13267,13291,5713.1,17921,15671,0.348356,0.179069,477,252,1.28666922e-03,0.613741,0.324241
5,1578,13291,13297,5717.2,20873,14107,0.569753,0.060916,769,85,1.28583795e-03,0.988809,0.109296
5,1579,13297,13309,5721.3,13441,19541,0.009918,0.468255,14,637,1.28500780e-03,0.01799,0.81855
5,1580,13309,13313,5725.4,16447,16829,0.235409,0.264103,326,362,1.28417867e-03,0.418642,0.464873
5,1581,13313,13327,5729.6,13799,17033,0.035417,0.278082,51,384,1.28335068e-03,0.065451,0.492807
5,1582,13327,13331,5733.7,14543,18181,0.090916,0.363814,121,501,1.28252370e-03,0.155185,0.642544
5,1583,13331,13337,5737.8,21589,27901,0.61873,1.092,841,1462,1.28169784e-03,1.077908,1.873842
5,1584,13337,13339,5741.9,14669,13469,0.099708,0.009746,134,13,1.28087310e-03,0.171637,0.016651
5,1585,13339,13367,5746.1,28219,25733,1.111094,0.925114,1491,1248,1.28004952e-03,1.908554,1.597502
5,1586,13367,13381,5750.2,18049,27947,0.348853,1.088558,483,1464,1.27922672e-03,0.617867,1.872788
5,1587,13381,13397,5754.3,23833,18127,0.77898,0.353064,1065,490,1.27840491e-03,1.361501,0.626418
5,1588,13397,13399,5758.4,15727,15299,0.173744,0.141802,244,199,1.27758406e-03,0.311731,0.254239
5,1589,13399,13411,5762.6,21323,13723,0.589963,0.023264,806,35,1.27676436e-03,1.029072,0.044687
5,1590,13411,13417,5766.7,17749,16561,0.322874,0.23433,448,327,1.27594566e-03,0.571624,0.417234
5,1591,13417,13421,5770.8,21379,24049,0.592951,0.791893,808,1084,1.27512807e-03,1.030303,1.382239
5,1592,13421,13441,5774.9,15773,18457,0.173499,0.373187,248,523,1.27431159e-03,0.316029,0.666465
5,1593,13441,13451,5779.1,25303,14437,0.881124,0.073303,1197,100,1.27349600e-03,1.524375,0.12735
5,1594,13451,13457,5783.2,32371,22189,1.405514,0.648882,1880,894,1.27268144e-03,2.392641,1.137777
5,1595,13457,13463,5787.3,16883,19919,0.25403,0.479537,352,657,1.27186796e-03,0.447698,0.835617
5,1596,13463,13469,5791.5,16657,56167,0.236692,3.170094,331,4102,1.27105557e-03,0.420719,5.21387
5,1597,13469,13477,5795.6,20051,15329,0.487794,0.137419,671,194,1.27024426e-03,0.852334,0.246427
5,1598,13477,13487,5799.7,32789,15809,1.431156,0.172166,1918,247,1.26943399e-03,2.434774,0.31355
5,1599,13487,13499,5803.9,16691,35149,0.236462,1.603823,331,2149,1.26862475e-03,0.419915,2.726275
5,1600,13499,13513,5808.0,22153,19333,0.639384,0.430696,884,591,1.26781650e-03,1.12075,0.74928
5,1601,13513,13523,5812.1,21661,14083,0.60179,0.041411,831,60,1.26700920e-03,1.052885,0.076021
5,1602,13523,13537,5816.2,14593,15739,0.078008,0.162665,108,234,1.26620293e-03,0.13675,0.296291
5,1603,13537,13553,5820.4,18797,37951,0.386925,1.800192,542,2407,1.26539761e-03,0.685846,3.045812
5,1604,13553,13567,5824.5,15131,23677,0.11528,0.745191,163,1031,1.26459321e-03,0.206129,1.303796
5,1605,13567,13577,5828.6,14753,17203,0.086617,0.267069,123,376,1.26378977e-03,0.155446,0.475185
5,1606,13577,13591,5832.8,29789,21031,1.191818,0.547421,1622,761,1.26298734e-03,2.048565,0.961133
5,1607,13591,13597,5836.9,16097,19417,0.183864,0.428036,267,591,1.26218586e-03,0.337004,0.745952
5,1608,13597,13613,5841.0,32957,14029,1.420995,0.030559,1924,47,1.26138543e-03,2.426906,0.059285
5,1609,13613,13619,5845.2,16747,21001,0.229679,0.542037,327,752,1.26058593e-03,0.412212,0.947961
5,1610,13619,13627,5849.3,18553,14149,0.361488,0.038306,515,55,1.25978748e-03,0.648791,0.069288
5,1611,13627,13633,5853.4,17623,16477,0.292672,0.208611,415,298,1.25899006e-03,0.522481,0.375179
5,1612,13633,13649,5857.6,19991,26717,0.464649,0.957433,648,1320,1.25819369e-03,0.81531,1.660816
5,1613,13649,13669,5861.7,19157,21247,0.401492,0.554393,560,775,1.25739823e-03,0.704143,0.974484
5,1614,13669,13679,5865.8,24551,29153,0.794795,1.131223,1110,1555,1.25660363e-03,1.39483,1.954019
5,1615,13679,13681,5870.0,16607,26099,0.213873,0.907682,306,1253,1.25581002e-03,0.384278,1.57353
5,1616,13681,13687,5874.1,19087,18367,0.394535,0.34193,553,488,1.25501750e-03,0.694025,0.612449
5,1617,13687,13691,5878.3,28477,15461,1.07998,0.129282,1481,189,1.25422603e-03,1.857509,0.237049
5,1618,13691,13693,5882.4,14717,16937,0.074783,0.236909,104,336,1.25343563e-03,0.130357,0.421154
5,1619,13693,13697,5886.5,27017,16421,0.972476,0.198876,1344,284,1.25264631e-03,1.683557,0.355752
5,1620,13697,13709,5890.7,20477,17657,0.49369,0.287986,691,408,1.25185806e-03,0.865034,0.510758
5,1621,13709,13711,5894.8,15193,19571,0.108088,0.427394,153,599,1.25107075e-03,0.191414,0.749391
5,1622,13711,13721,5898.9,24967,15359,0.81962,0.119379,1136,172,1.25028454e-03,1.420323,0.215049
5,1623,13721,13723,5903.1,58763,18397,3.282081,0.340596,4322,484,1.24949929e-03,5.400336,0.604758
5,1624,13723,13729,5907.2,15671,20399,0.141452,0.485833,205,681,1.24871513e-03,0.255987,0.850375
5,1625,13729,13751,5911.4,17839,15289,0.297287,0.111846,421,161,1.24793199e-03,0.525379,0.200917
5,1626,13751,13757,5915.5,19841,39863,0.442248,1.897652,618,2565,1.24714967e-03,0.770738,3.198939
5,1627,13757,13759,5919.6,29741,27919,1.161567,1.029145,1597,1420,1.24636836e-03,1.99045,1.769843
5,1628,13759,13763,5923.8,17351,20903,0.260699,0.518782,367,724,1.24558813e-03,0.457131,0.901806
5,1629,13763,13781,5927.9,14327,20627,0.03962,0.496771,52,696,1.24480893e-03,0.06473,0.866387
5,1630,13781,13789,5932.0,24671,34159,0.78918,1.477264,1101,2021,1.24403060e-03,1.369678,2.514186
5,1631,13789,13799,5936.2,14533,15823,0.053192,0.146677,70,216,1.24325325e-03,0.087028,0.268543
5,1632,13799,13807,5940.3,14669,19207,0.062432,0.391106,86,545,1.24247686e-03,0.106853,0.67715
5,1633,13807,13829,5944.5,27481,22067,0.987201,0.595705,1370,840,1.24170146e-03,1.701131,1.043029
5,1634,13829,13831,5948.6,18061,21023,0.305835,0.519991,437,732,1.24092685e-03,0.542285,0.908358
5,1635,13831,13841,5952.7,17419,16901,0.258507,0.221082,369,314,1.24015330e-03,0.457617,0.389408
5,1636,13841,13859,5956.9,21023,13997,0.51692,0.009957,730,15,1.23938070e-03,0.904748,0.018591
5,1637,13859,13873,5961.0,18367,16381,0.323939,0.180783,467,263,1.23860895e-03,0.57843,0.325754
5,1638,13873,13877,5965.2,15331,16487,0.104778,0.188081,154,273,1.23783810e-03,0.190627,0.33793
5,1639,13877,13879,5969.3,20231,16091,0.45767,0.159377,648,234,1.23706827e-03,0.80162,0.289474
5,1640,13879,13883,5973.5,17333,24517,0.248505,0.765973,353,1080,1.23629949e-03,0.436414,1.335203
5,1641,13883,13901,5977.6,19429,15451,0.397669,0.111503,561,164,1.23553173e-03,0.693133,0.202627
5,1642,13901,13903,5981.7,21023,20959,0.51212,0.507516,724,715,1.23476480e-03,0.89397,0.882857
5,1643,13903,13907,5985.9,15359,16481,0.104408,0.185087,151,267,1.23399892e-03,0.186334,0.329478
5,1644,13907,13913,5990.0,19979,22271,0.435995,0.600733,615,849,1.23323406e-03,0.758439,1.047016
5,1645,13913,13921,5994.2,14929,25639,0.072409,0.84175,103,1179,1.23247018e-03,0.126944,1.453082
5,1646,13921,13931,5998.3,17903,23801,0.28512,0.708492,405,1001,1.23170726e-03,0.498841,1.232939
5,1647,13931,13933,6002.5,38281,14717,1.747506,0.056269,2393,75,1.23094527e-03,2.945652,0.092321
5,1648,13933,13963,6006.6,14159,26003,0.014037,0.862279,19,1213,1.23018432e-03,0.023374,1.492214
5,1649,13963,13967,6010.8,17497,20117,0.252739,0.440324,365,626,1.22942404e-03,0.44874,0.769619
5,1650,13967,13997,6014.9,19889,28807,0.420947,1.058084,599,1487,1.22866476e-03,0.73597,1.827025
5,1651,13997,13999,6019.0,18517,26687,0.322737,0.90635,469,1275,1.22790616e-03,0.575888,1.56558
5,1652,13999,14009,6023.2,19079,41081,0.36191,1.932472,515,2648,1.22714859e-03,0.631982,3.249489
5,1653,14009,14011,6027.3,16649,30323,0.188281,1.164228,272,1626,1.22639193e-03,0.333579,1.994113
5,1654,14011,14029,6031.5,15319,24071,0.091952,0.715803,136,1023,1.22563630e-03,0.166687,1.253826
5,1655,14029,14033,6035.6,14519,21247,0.034633,0.514074,45,733,1.22488149e-03,0.05512,0.897838
5,1656,14033,14051,6039.8,17921,18541,0.275425,0.31955,398,468,1.22412767e-03,0.487203,0.572892
5,1657,14051,14057,6043.9,22109,24043,0.572811,0.710393,821,1017,1.22337466e-03,1.004391,1.244172
5,1658,14057,14071,6048.1,30467,16607,1.165233,0.180229,1631,263,1.22262262e-03,1.994097,0.32155
5,1659,14071,14081,6052.2,16931,16831,0.2024,0.195299,294,284,1.22187145e-03,0.35923,0.347011
5,1660,14081,14083,6056.4,14831,17117,0.053114,0.215437,78,313,1.22112118e-03,0.095247,0.382211
5,1661,14083,14087,6060.5,20549,25583,0.458721,0.816072,658,1156,1.22037192e-03,0.803005,1.41075
5,1662,14087,14107,6064.7,23279,21977,0.650174,0.557879,933,800,1.21962365e-03,1.137909,0.975699
5,1663,14107,14143,6068.8,17099,22063,0.209008,0.559994,308,809,1.21887616e-03,0.375414,0.986071
5,1664,14143,14149,6073.0,15349,17729,0.084812,0.253021,129,371,1.21812925e-03,0.157139,0.451926
5,1665,14149,14153,6077.1,14153,16519,0.0,0.167173,1,248,1.21738330e-03,0.001217,0.301911
5,1666,14153,14159,6081.3,20773,31531,0.467123,1.226923,675,1727,1.21663832e-03,0.821231,2.101134
5,1667,14159,14173,6085.4,25561,16033,0.8035,0.131235,1147,198,1.21589429e-03,1.394631,0.240747
5,1668,14173,14177,6089.6,24439,14639,0.723848,0.032588,1045,47,1.21515111e-03,1.269833,0.057112
5,1669,14177,14197,6093.7,19391,17987,0.365852,0.266958,527,394,1.21440890e-03,0.639993,0.478477
5,1670,14197,14207,6097.9,18367,24439,0.292813,0.720208,434,1043,1.21366747e-03,0.526732,1.265855
5,1671,14207,14221,6102.0,52127,14447,2.665495,0.015892,3659,23,1.21292693e-03,4.4381,0.027897
5,1672,14221,14243,6106.2,28351,40277,0.990522,1.827845,1415,2557,1.21218723e-03,1.715245,3.099563
5,1673,14243,14249,6110.3,15497,29209,0.087585,1.049898,137,1503,1.21144828e-03,0.165968,1.820807
5,1674,14249,14251,6114.5,19237,19819,0.34987,0.390709,508,569,1.21071027e-03,0.615041,0.688894
5,1675,14251,14281,6118.6,17837,14629,0.249002,0.024368,370,38,1.20997325e-03,0.44769,0.045979
5,1676,14281,14293,6122.8,16993,16361,0.188904,0.144686,284,221,1.20923687e-03,0.343423,0.267241
5,1677,14293,14303,6126.9,24203,22973,0.692162,0.606167,1017,886,1.20850135e-03,1.229046,1.070732
5,1678,14303,14321,6131.1,22193,26813,0.549682,0.872285,811,1263,1.20776671e-03,0.979499,1.525409
5,1679,14321,14323,6135.3,14869,16333,0.038121,0.140334,63,215,1.20703287e-03,0.076043,0.259512
5,1680,14323,14327,6139.4,23017,27487,0.606547,0.918545,887,1324,1.20630000e-03,1.069988,1.597141
5,1681,14327,14341,6143.6,19889,14723,0.386863,0.026637,568,42,1.20556807e-03,0.684763,0.050634
5,1682,14341,14347,6147.7,15467,20693,0.078065,0.442322,125,648,1.20483698e-03,0.150605,0.780734
5,1683,14347,14369,6151.9,21929,15227,0.526133,0.059712,775,94,1.20410682e-03,0.933183,0.113186
5,1684,14369,14387,6156.0,18959,51859,0.317787,2.604574,472,3622,1.20337738e-03,0.567994,4.358633
5,1685,14387,14389,6160.2,24391,17393,0.695114,0.208771,1023,316,1.20264873e-03,1.23031,0.380037
5,1686,14389,14401,6164.4,19687,22409,0.367058,0.556072,542,822,1.20192104e-03,0.651441,0.987979
5,1687,14401,14407,6168.5,20047,21563,0.391476,0.496703,580,733,1.20119420e-03,0.696693,0.880475
5,1688,14407,14411,6172.7,19997,17183,0.387621,0.192353,574,290,1.20046827e-03,0.689069,0.348136
5,1689,14411,14419,6176.8,30491,17491,1.11464,0.213052,1602,324,1.19974328e-03,1.921989,0.388717
5,1690,14419,14423,6181.0,14543,17443,0.00832,0.209388,13,316,1.19901918e-03,0.015587,0.37889
5,1691,14423,14431,6185.2,34313,22229,1.377729,0.540364,1976,799,1.19829601e-03,2.367833,0.957439
5,1692,14431,14437,6189.3,19927,24547,0.380273,0.700284,561,1031,1.19757372e-03,0.671839,1.234699
5,1693,14437,14447,6193.5,17327,30161,0.199349,1.0877,299,1569,1.19685235e-03,0.357859,1.877861
5,1694,14447,14449,6197.6,21713,23291,0.502734,0.611945,742,902,1.19613183e-03,0.88753,1.078911
5,1695,14449,14461,6201.8,30643,18583,1.11901,0.285043,1610,431,1.19541226e-03,1.924614,0.515223
5,1696,14461,14479,6206.0,16937,19301,0.169763,0.333034,258,492,1.19469352e-03,0.308231,0.587789
5,1697,14479,14489,6210.1,23623,17497,0.630409,0.207606,931,317,1.19397555e-03,1.111591,0.37849
5,1698,14489,14503,6214.3,15187,18223,0.047163,0.256499,75,390,1.19325842e-03,0.089494,0.465371
5,1699,14503,14519,6218.4,18911,34729,0.3025,1.391969,452,2010,1.19254211e-03,0.539029,2.39701
5,1700,14519,14533,6222.6,22643,20593,0.55804,0.416982,830,622,1.19182657e-03,0.989216,0.741316
5,1701,14533,14537,6226.8,14633,25997,0.006604,0.788333,13,1158,1.19111184e-03,0.015484,1.379308
5,1702,14537,14543,6230.9,21001,15737,0.444062,0.082101,659,133,1.19039802e-03,0.784472,0.158323
5,1703,14543,14549,6235.1,28711,42569,0.9734,1.925906,1425,2748,1.18968509e-03,1.695301,3.269255
5,1704,14549,14551,6239.2,41647,28051,1.86214,0.927771,2653,1356,1.18897306e-03,3.154346,1.612247
5,1705,14551,14557,6243.4,15289,17419,0.050285,0.196606,81,299,1.18826195e-03,0.096249,0.35529
5,1706,14557,14561,6247.6,18049,25601,0.239544,0.75819,363,1113,1.18755173e-03,0.431081,1.321745
5,1707,14561,14563,6251.7,36527,15607,1.508206,0.071689,2165,113,1.18684242e-03,2.569514,0.134113
5,1708,14563,14591,6255.9,17107,14629,0.172435,0.002604,264,5,1.18613404e-03,0.313139,0.005931
5,1709,14591,14593,6260.1,54833,18121,2.757486,0.24176,3868,367,1.18542628e-03,4.585229,0.435051
5,1710,14593,14621,6264.2,18439,15233,0.261131,0.041858,402,68,1.18471946e-03,0.476257,0.080561
5,1711,14621,14627,6268.4,15383,15739,0.051685,0.076024,87,125,1.18401326e-03,0.103009,0.148002
5,1712,14627,14629,6272.6,15377,29287,0.051131,1.001982,85,1470,1.18330794e-03,0.100581,1.739463
5,1713,14629,14633,6276.7,19727,26879,0.348117,0.836876,520,1235,1.18260354e-03,0.614954,1.460515
5,1714,14633,14639,6280.9,23039,16141,0.57381,0.102603,857,165,1.18190004e-03,1.012888,0.195014
5,1715,14639,14653,6285.1,43609,18223,1.976114,0.243636,2829,373,1.18119740e-03,3.341607,0.440587
5,1716,14653,14657,6289.2,21649,22153,0.477042,0.511428,715,768,1.18049555e-03,0.844054,0.906621
5,1717,14657,14669,6293.4,21673,16903,0.477469,0.152294,716,233,1.17979459e-03,0.844733,0.274892
5,1718,14669,14683,6297.6,26017,18089,0.771913,0.231969,1144,355,1.17909443e-03,1.348884,0.418579
5,1719,14683,14699,6301.7,51787,15643,2.523165,0.064222,3579,105,1.17839504e-03,4.217476,0.123731
5,1720,14699,14713,6305.9,32917,24247,1.237273,0.647998,1808,978,1.17769642e-03,2.129275,1.151787
5,1721,14713,14717,6310.1,16493,15131,0.120677,0.028131,191,46,1.17699856e-03,0.224807,0.054142
5,1722,14717,14723,6314.2,17881,15391,0.214494,0.045371,327,77,1.17630159e-03,0.384651,0.090575
5,1723,14723,14731,6318.4,31013,14767,1.105288,0.002444,1618,7,1.17560548e-03,1.90213,0.008229
5,1724,14731,14737,6322.6,21391,20479,0.451517,0.389632,677,588,1.17491020e-03,0.795414,0.690847
5,1725,14737,14741,6326.7,37397,17291,1.536938,0.172987,2235,262,1.17421578e-03,2.624372,0.307645
5,1726,14741,14747,6330.9,40427,22697,1.741371,0.539093,2512,809,1.17352224e-03,2.947888,0.949379
5,1727,14747,14753,6335.1,32911,17327,1.230801,0.174473,1800,265,1.17282955e-03,2.111093,0.3108
5,1728,14753,14759,6339.2,14951,34267,0.013009,1.32177,23,1933,1.17213771e-03,0.026959,2.265742
5,1729,14759,14767,6343.4,16883,15797,0.143292,0.06975,218,114,1.17144672e-03,0.255375,0.133545
5,1730,14767,14771,6347.6,18661,18307,0.263354,0.239388,401,368,1.17075656e-03,0.469473,0.430838
5,1731,14771,14779,6351.7,22073,17551,0.493538,0.187563,743,287,1.17006726e-03,0.86936,0.335809
5,1732,14779,14783,6355.9,16937,14957,0.145708,0.01177,222,20,1.16937879e-03,0.259602,0.023388
5,1740,14851,14867,6389.3,17923,40499,0.205556,1.724087,315,2506,1.16390001e-03,0.366629,2.916733
5,1750,14947,14951,6431.0,17959,51427,0.201191,2.439703,309,3511,1.15712334e-03,0.357551,4.06266
7,600,4409,4421,1880.5,5737,10723,0.29767,1.425469,154,707,3.45780340e-03,0.532502,2.444667
7,604,4447,4451,1895.1,5167,18947,0.160863,3.256796,84,1551,3.43428657e-03,0.28848,5.326578
7,608,4481,4483,1909.7,6011,8693,0.340843,0.939103,177,475,3.41109015e-03,0.603763,1.620268
7,612,4513,4517,1924.3,5573,4801,0.233783,0.062874,124,35,3.38819952e-03,0.420137,0.118587
7,616,4547,4549,1939.0,6337,8293,0.393053,0.823038,209,425,3.36562001e-03,0.703415,1.430389
7,620,4583,4591,1953.6,7529,8179,0.639948,0.781529,334,407,3.34333103e-03,1.116673,1.360736
7,624,4621,4637,1968.3,4723,5449,0.018546,0.175113,13,97,3.32132779e-03,0.043177,0.322169
7,628,4649,4651,1982.9,12323,9461,1.649538,1.034186,844,543,3.29960371e-03,2.784866,1.791685
7,632,4673,4679,1997.6,5867,4751,0.2539,0.015388,140,8,3.27817791e-03,0.458945,0.026225
7,636,4721,4723,2012.3,5011,5683,0.060978,0.203261,36,112,3.25702218e-03,0.117253,0.364786
7,640,4751,4759,2027.0,6737,5711,0.415634,0.200042,229,112,3.23613383e-03,0.741075,0.362447
7,644,4789,4793,2041.7,8807,9907,0.837471,1.066973,453,578,3.21549654e-03,1.45662,1.858557
7,648,4813,4817,2056.4,6449,5413,0.3388,0.123728,189,66,3.19513222e-03,0.60388,0.210879
7,652,4871,4877,2071.2,10223,8609,1.096166,0.765225,602,420,3.17501198e-03,1.911357,1.333505
7,656,4909,4919,2085.9,5261,8861,0.069526,0.801382,42,448,3.15512515e-03,0.132515,1.413496
7,660,4937,4943,2100.7,8089,10009,0.636456,1.024884,357,571,3.13548265e-03,1.119367,1.790361
7,664,4967,4969,2115.5,14551,5879,1.928356,0.183135,1041,110,3.11609131e-03,3.243851,0.34277
7,668,4993,4999,2130.3,7307,7057,0.461692,0.411682,263,239,3.09694480e-03,0.814496,0.74017
7,672,5011,5021,2145.1,6691,5531,0.332603,0.101573,191,60,3.07803945e-03,0.587906,0.184682
7,676,5051,5059,2159.9,6011,7219,0.188179,0.426962,109,247,3.05936779e-03,0.333471,0.755664
7,680,5087,5099,2174.7,8863,8123,0.738184,0.593057,425,342,3.04091165e-03,1.292387,1.039992
7,684,5113,5119,2189.5,18097,7873,2.535261,0.537996,1390,310,3.02268006e-03,4.201525,0.937031
7,688,5167,5171,2204.4,5393,5441,0.042932,0.052214,23,31,3.00465753e-03,0.069107,0.093144
7,692,5197,5209,2219.2,14561,9973,1.795354,0.914571,1015,537,2.98684414e-03,3.031647,1.603935
7,696,5233,5237,2234.1,5477,6949,0.045828,0.326905,27,196,2.96923330e-03,0.080169,0.58197
7,700,5279,5281,2249.0,5591,7043,0.058701,0.333649,38,206,2.95182471e-03,0.112169,0.608076
7,704,5309,5323,2263.9,6679,11423,0.254744,1.14597,157,674,2.93461705e-03,0.460735,1.977932
7,708,5351,5381,2278.8,6899,6073,0.282104,0.128601,179,84,2.91760196e-03,0.522251,0.245079
7,712,5399,5407,2293.7,7129,9013,0.318476,0.666913,202,409,2.90076782e-03,0.585955,1.186414
7,716,5419,5431,2308.7,14621,6323,1.692138,0.164242,995,107,2.88413382e-03,2.869713,0.308602
7,720,5443,5449,2323.6,8039,5563,0.475317,0.020921,291,14,2.86769636e-03,0.8345,0.040148
7,724,5479,5483,2338.5,5791,7681,0.056174,0.400875,36,250,2.85144658e-03,0.102652,0.712862
7,728,5507,5519,2353.5,7417,5869,0.343903,0.063417,213,45,2.83538239e-03,0.603936,0.127592
7,732,5531,5557,2368.5,6947,8087,0.250135,0.455282,159,284,2.81950322e-03,0.448301,0.800739
7,736,5573,5581,2383.5,5717,6961,0.024368,0.247268,17,158,2.80379490e-03,0.047665,0.443
7,740,5639,5641,2398.5,9859,5737,0.74774,0.017018,477,14,2.78825342e-03,1.329997,0.039036
7,744,5653,5657,2413.5,8539,11503,0.509457,1.03341,321,644,2.77287857e-03,0.890094,1.785734
7,748,5683,5689,2428.5,15601,6569,1.74231,0.154684,1071,101,2.75768197e-03,2.953477,0.278526
7,752,5711,5717,2443.5,7583,6101,0.326395,0.067168,211,44,2.74265197e-03,0.5787,0.120677
7,756,5743,5749,2458.5,8123,9067,0.412941,0.577144,266,371,2.72778283e-03,0.72559,1.012007
7,760,5791,5801,2473.6,7333,11329,0.264092,0.952939,175,610,2.71306876e-03,0.474787,1.654972
7,764,5821,5827,2488.6,6379,14537,0.094731,1.494766,68,938,2.69851126e-03,0.183499,2.531204
7,768,5849,5851,2503.7,7873,6791,0.345582,0.160656,226,106,2.68411166e-03,0.606609,0.284516
7,772,5867,5869,2518.8,9539,10463,0.625319,0.782757,409,509,2.66987335e-03,1.091978,1.358966
7,776,5897,5903,2533.9,7297,7937,0.236151,0.344571,154,227,2.65579174e-03,0.408992,0.602865
7,780,5939,5953,2548.9,6101,9473,0.024861,0.591299,16,394,2.64185270e-03,0.04227,1.04089
7,784,6007,6011,2564.1,18451,14621,2.069539,1.432374,1330,927,2.62804379e-03,3.495298,2.436197
7,788,6043,6047,2579.2,6761,6173,0.118075,0.020837,82,16,2.61436981e-03,0.214378,0.04183
7,792,6073,6079,2594.3,25841,7243,3.250864,0.191479,2051,134,2.60083919e-03,5.334321,0.348512
7,796,6101,6113,2609.4,18119,9029,1.964011,0.477016,1279,326,2.58744968e-03,3.309348,0.843509
7,800,6133,6143,2624.6,9539,6143,0.552824,0.0,381,1,2.57419659e-03,0.980769,0.002574
7,804,6173,6197,2639.7,7789,7757,0.256898,0.251735,182,180,2.56107868e-03,0.466116,0.460994
7,808,6211,6217,2654.9,20441,7177,2.28792,0.154415,1501,109,2.54808747e-03,3.824679,0.277742
7,812,6247,6257,2670.1,6949,10529,0.110596,0.682755,80,475,2.53523122e-03,0.202818,1.204235
7,816,6271,6277,2685.3,17597,16007,1.803409,1.550104,1207,1048,2.52250235e-03,3.04466,2.643582
7,820,6301,6311,2700.5,15331,12899,1.429251,1.043892,972,715,2.50990438e-03,2.439627,1.794582
7,824,6329,6337,2715.7,7529,7577,0.188102,0.195676,130,138,2.49743376e-03,0.324666,0.344646
7,828,6359,6361,2730.9,7687,7607,0.208458,0.195881,147,139,2.48508906e-03,0.365308,0.345427
7,832,6379,6389,2746.1,7247,6491,0.134293,0.015965,95,10,2.47287129e-03,0.234923,0.024729
7,836,6427,6449,2761.3,6763,7151,0.04869,0.108854,35,79,2.46077055e-03,0.086127,0.194401
7,840,6473,6481,2776.6,11491,15137,0.773029,1.335596,546,928,2.44877879e-03,1.337033,2.272467
7,844,6529,6547,2791.8,14071,7703,1.149229,0.176569,815,134,2.43689795e-03,1.986072,0.326544
7,848,6563,6569,2807.1,9679,18503,0.473436,1.816715,347,1271,2.42512516e-03,0.841518,3.082334
7,852,6581,6599,2822.4,7537,7331,0.142143,0.110926,103,82,2.41347117e-03,0.248588,0.197905
7,856,6637,6653,2837.6,7793,16103,0.171351,1.420412,131,1019,2.40192532e-03,0.314652,2.447562
7,860,6673,6679,2852.9,6911,7297,0.034736,0.092529,29,70,2.39048396e-03,0.069324,0.167334
7,864,6701,6703,2868.2,11719,8089,0.748322,0.206773,543,153,2.37915323e-03,1.29188,0.36401
7,868,6733,6737,2883.6,8923,7841,0.324477,0.163871,241,123,2.36793260e-03,0.570672,0.291256
7,872,6779,6781,2898.9,7057,7207,0.040702,0.062823,35,48,2.35681295e-03,0.082488,0.113127
7,876,6803,6823,2914.2,11657,7559,0.708486,0.10787,524,83,2.34579788e-03,1.229198,0.194701
7,880,6833,6841,2929.5,7907,15383,0.155825,1.248648,119,918,2.33488431e-03,0.277851,2.143424
7,884,6869,6871,2944.9,7121,7307,0.036385,0.063455,28,47,2.32407346e-03,0.065074,0.109231
7,888,6907,6911,2960.2,10723,10889,0.551584,0.575604,419,436,2.31336269e-03,0.969299,1.008626
7,892,6949,6959,2975.6,7211,7001,0.036212,0.006035,29,9,2.30274734e-03,0.06678,0.020725
7,896,6971,6977,2991.0,7589,7507,0.087717,0.075964,68,55,2.29222901e-03,0.155872,0.126073
7,900,6997,7001,3006.3,16189,16363,1.312384,1.337238,982,998,2.28181053e-03,2.240738,2.277247
7,904,7027,7039,3021.7,13649,8969,0.939054,0.274187,709,211,2.27148841e-03,1.610485,0.479284
7,908,7069,7079,3037.1,7561,8513,0.068089,0.202571,52,153,2.26125803e-03,0.117585,0.345972
7,912,7121,7127,3052.5,11411,8171,0.601094,0.146485,465,114,2.25111315e-03,1.046768,0.256627
7,916,7159,7177,3067.9,13367,14683,0.862477,1.045841,670,803,2.24105721e-03,1.501508,1.799569
7,920,7207,7211,3083.4,7457,8191,0.034115,0.135903,24,108,2.23108523e-03,0.053546,0.240957
7,924,7229,7237,3098.8,16883,14447,1.332873,0.996269,1023,770,2.22120393e-03,2.272292,1.710327
7,928,7253,7283,3114.2,10159,8317,0.394892,0.141974,319,116,2.21141207e-03,0.70544,0.256524
7,932,7309,7321,3129.7,7477,9619,0.021309,0.313892,14,255,2.20169944e-03,0.030824,0.561433
7,936,7349,7351,3145.2,7829,18121,0.065025,1.465107,54,1140,2.19207154e-03,0.118372,2.498962
7,940,7411,7417,3160.6,8933,14699,0.204395,0.981799,171,780,2.18252309e-03,0.373211,1.702368
7,944,7457,7459,3176.1,8389,13933,0.124682,0.867945,107,704,2.17304967e-03,0.232516,1.529827
7,948,7487,7489,3191.6,11173,7681,0.491921,0.025638,406,26,2.16365735e-03,0.878445,0.056255
7,952,7517,7523,3207.1,10973,11789,0.458594,0.567061,380,461,2.15434804e-03,0.818652,0.993154
7,956,7541,7547,3222.6,14401,8101,0.908175,0.073407,731,63,2.14511988e-03,1.568083,0.135143
7,960,7561,7573,3238.1,16879,14537,1.228839,0.919583,986,742,2.13597422e-03,2.106071,1.584893
7,964,7589,7591,3253.7,14249,9001,0.877091,0.185746,710,154,2.12690845e-03,1.510105,0.327544
7,968,7621,7639,3269.2,10753,9433,0.407645,0.234847,343,200,2.11792197e-03,0.726447,0.423584
7,972,7669,7673,3284.7,9187,10589,0.197315,0.380034,167,319,2.10900805e-03,0.352204,0.672774
7,976,7691,7699,3300.3,9803,12041,0.273282,0.563969,233,466,2.10016915e-03,0.489339,0.978679
7,980,7723,7727,3315.8,7841,9437,0.014753,0.221302,11,189,2.09140587e-03,0.023005,0.395276
7,984,7757,7759,3331.4,7829,11801,0.009022,0.520943,6,430,2.08271544e-03,0.012496,0.895568
7,988,7817,7823,3346.9,11549,8111,0.476288,0.036815,403,32,2.07409392e-03,0.83586,0.066371
7,992,7853,7867,3362.5,15217,21929,0.934282,1.787467,784,1466,2.06553999e-03,1.619383,3.028082
7,996,7879,7883,3378.1,10009,8269,0.269694,0.048966,235,41,2.05705541e-03,0.483408,0.084339
7,1000,7919,7927,3393.7,8317,9203,0.049199,0.160969,44,141,2.04864176e-03,0.09014,0.288858
7,1004,7949,7951,3409.3,14033,14083,0.764935,0.771224,652,657,2.04029669e-03,1.330273,1.340475
7,1008,8009,8011,3424.9,11503,26317,0.435901,2.285108,380,1884,2.03201721e-03,0.772167,3.82832
7,1012,8053,8059,3440.5,18749,11789,1.326467,0.462837,1128,401,2.02380039e-03,2.282847,0.811544
7,1016,8087,8089,3456.1,11831,12301,0.462604,0.520707,403,455,2.01564732e-03,0.812306,0.91712
7,1020,8111,8117,3471.8,16927,17029,1.085376,1.097943,932,944,2.00756210e-03,1.871048,1.895139
7,1024,8161,8167,3487.4,23017,13883,1.818293,0.69989,1543,617,1.99954046e-03,3.085291,1.233716
7,1028,8191,8209,3503.1,15199,8243,0.851504,0.004142,747,7,1.99158130e-03,1.487711,0.013941
7,1032,8231,8233,3518.7,13469,9463,0.635977,0.149399,565,140,1.98368320e-03,1.120781,0.277716
7,1036,8263,8269,3534.4,14797,10139,0.789455,0.226146,698,208,1.97584993e-03,1.379143,0.410977
7,1040,8291,8293,3550.1,35437,10103,3.273122,0.218256,2734,201,1.96807790e-03,5.380725,0.395584
7,1044,8317,8329,3565.7,21613,15733,1.594909,0.888942,1384,790,1.96036904e-03,2.713151,1.548692
7,1048,8369,8377,3581.4,9011,9391,0.075683,0.121046,72,113,1.95271702e-03,0.140596,0.220657
7,1052,8419,8423,3597.1,10133,8447,0.203016,0.002849,191,5,1.94512338e-03,0.371519,0.009726
7,1056,8443,8447,3612.8,9721,13399,0.150823,0.586244,143,533,1.93758768e-03,0.277075,1.032734
7,1060,8501,8513,3628.5,14621,12743,0.717491,0.496887,651,461,1.93010949e-03,1.256501,0.88978
7,1064,8537,8539,3644.3,28921,10513,2.386931,0.231175,2084,222,1.92268430e-03,4.006874,0.426836
7,1068,8573,8581,3660.0,13399,13537,0.561473,0.577555,521,535,1.91531698e-03,0.99788,1.024695
7,1072,8609,8623,3675.7,17203,18803,0.995013,1.180564,909,1074,1.90800436e-03,1.734376,2.049197
7,1076,8641,8647,3691.5,10193,18169,0.17879,1.101191,176,1006,1.90074758e-03,0.334532,1.912152
7,1080,8677,8681,3707.2,9803,10601,0.129248,0.221173,129,213,1.89354592e-03,0.244267,0.403325
7,1084,8699,8707,3723.0,9419,13681,0.081773,0.571264,81,532,1.88640024e-03,0.152798,1.003565
7,1088,8731,8737,3738.7,9239,10271,0.057457,0.175575,57,172,1.87930981e-03,0.107121,0.323241
7,1092,8753,8761,3754.5,13807,12347,0.575962,0.409314,541,383,1.87227397e-03,1.0129,0.717081
7,1096,8803,8807,3770.3,9277,17939,0.053367,1.036902,52,961,1.86529014e-03,0.096995,1.792544
7,1100,8831,8837,3786.1,32579,19543,2.686658,1.211497,2397,1117,1.85835757e-03,4.454483,2.075785
7,1104,8861,8863,3801.8,27779,9227,2.134266,0.04107,1928,40,1.85147778e-03,3.569649,0.074059
7,1108,8893,8923,3817.6,10691,9043,0.19814,0.013448,196,16,1.84464942e-03,0.361551,0.029514
7,1112,8941,8951,3833.4,36083,20173,3.03117,1.253715,2721,1170,1.83786764e-03,5.000838,2.150305
7,1116,8971,8999,3849.2,9679,24623,0.075564,1.736193,79,1612,1.83113603e-03,0.14466,2.951791
7,1120,9011,9013,3865.1,20549,10267,1.279929,0.139132,1199,139,1.82445240e-03,2.187518,0.253599
7,1124,9043,9049,3880.9,11933,9419,0.318709,0.040888,306,41,1.81781877e-03,0.556253,0.074531
7,1128,9091,9103,3896.7,12647,15373,0.389322,0.688784,383,668,1.81123314e-03,0.693702,1.209904
7,1132,9133,9137,3912.6,11807,32611,0.292218,2.569115,283,2369,1.80469212e-03,0.510728,4.275316
7,1136,9161,9173,3928.4,10061,25391,0.096806,1.768015,98,1664,1.79819839e-03,0.176223,2.992202
7,1140,9199,9203,3944.3,9521,13183,0.034554,0.432468,39,429,1.79175143e-03,0.069878,0.768661
7,1144,9227,9239,3960.1,11953,10301,0.293755,0.114948,289,119,1.78535134e-03,0.515967,0.212457
7,1148,9277,9281,3976.0,13781,10369,0.484862,0.117229,482,124,1.77899619e-03,0.857476,0.220596
7,1152,9311,9319,3991.8,25919,14627,1.781307,0.569589,1699,560,1.77268551e-03,3.011793,0.992704
7,1156,9341,9343,4007.7,13043,11897,0.396018,0.27336,398,269,1.76641892e-03,0.703035,0.475167
7,1160,9377,9391,4023.6,20921,32573,1.227771,2.468534,1193,2336,1.76019725e-03,2.099915,4.111821
7,1164,9413,9419,4039.5,13397,18839,0.422338,1.000106,424,983,1.75401828e-03,0.743704,1.7242
7,1168,9433,9437,4055.4,9887,9491,0.047685,0.005722,52,8,1.74788408e-03,0.09089,0.013983
7,1172,9463,9467,4071.3,10061,11117,0.062744,0.17429,62,175,1.74179434e-03,0.107991,0.304814
7,1176,9491,9497,4087.2,11927,13759,0.25587,0.448773,253,452,1.73574802e-03,0.439144,0.784558
7,1180,9533,9539,4103.1,11321,12379,0.186812,0.297725,189,298,1.72974304e-03,0.326921,0.515463
7,1184,9587,9601,4119.0,10729,11731,0.117488,0.221852,124,224,1.72377861e-03,0.213749,0.386126
7,1188,9623,9629,4135.0,26993,18301,1.803303,0.900613,1773,909,1.71785170e-03,3.045751,1.561527
7,1192,9649,9661,4150.9,10313,23459,0.067488,1.428217,73,1419,1.71196702e-03,0.124974,2.429281
7,1196,9689,9697,4166.9,10331,14683,0.065381,0.51418,71,523,1.70612200e-03,0.121135,0.892302
7,1200,9733,9739,4182.8,14923,16187,0.532293,0.66208,547,681,1.70031587e-03,0.930073,1.157915
7,1250,10177,10181,4382.7,20269,12973,0.990865,0.274236,1041,295,1.63093451e-03,1.697803,0.481126
7,1260,10271,10273,4422.8,12517,21013,0.218437,1.045459,235,1103,1.61772708e-03,0.380166,1.784353
7,1270,10343,10357,4462.9,16879,10859,0.629719,0.04847,676,50,1.60473431e-03,1.0848,0.080237
7,1280,10459,10463,4503.1,21143,13907,1.02074,0.32916,1096,364,1.59194413e-03,1.744771,0.579468
7,1290,10567,10589,4543.3,12479,18401,0.178487,0.737747,199,818,1.57935416e-03,0.314291,1.291912
7,1300,10657,10663,4583.6,10847,31607,0.017256,1.964175,18,2101,1.56695602e-03,0.028205,3.292175
7,1310,10739,10753,4623.9,11699,17851,0.087975,0.660095,94,737,1.55475218e-03,0.146147,1.145852
7,1320,10859,10861,4664.2,29959,11969,1.758402,0.102016,1923,115,1.54273207e-03,2.966674,0.177414
7,1330,10949,10957,4704.6,40819,15859,2.725381,0.447385,2943,518,1.53089578e-03,4.505426,0.793004
7,1340,11059,11069,4745.0,14323,32371,0.293974,1.924474,340,2134,1.51923548e-03,0.51654,3.242049
7,1350,11149,11159,4785.5,18211,15269,0.631956,0.368313,736,432,1.50774990e-03,1.109704,0.651348
7,1360,11251,11257,4826.0,13907,21559,0.235409,0.915164,284,1059,1.49643514e-03,0.424988,1.584725
7,1370,11329,11351,4866.5,17669,24923,0.556603,1.195666,660,1385,1.48528750e-03,0.98029,2.057123
7,1380,11443,11447,4907.1,15661,12671,0.368131,0.106928,447,134,1.47430155e-03,0.659013,0.197556
7,1390,11527,11549,4947.7,18503,21017,0.60213,0.819811,729,974,1.46347600e-03,1.066874,1.425426
7,1400,11657,11677,4988.3,16249,17203,0.391539,0.473238,488,581,1.45280396e-03,0.708968,0.844079
7,1410,11777,11779,5029.0,18661,14051,0.58426,0.192886,721,247,1.44228099e-03,1.039885,0.356243
7,1420,11833,11839,5069.7,12107,14639,0.022637,0.236506,29,295,1.43190822e-03,0.041525,0.422413
7,1430,11933,11939,5110.5,20681,12953,0.732222,0.084932,899,112,1.42168423e-03,1.278094,0.159229
7,1440,12011,12037,5151.3,20233,13463,0.680901,0.118468,848,156,1.41160769e-03,1.197043,0.220211
7,1450,12109,12113,5192.1,20507,12157,0.692974,0.003632,864,5,1.40167078e-03,1.211044,0.007008
7,1460,12211,12227,5232.9,15193,13691,0.242578,0.119735,314,158,1.39187297e-03,0.437048,0.219916
7,1470,12289,12301,5273.8,14149,14783,0.150232,0.201772,195,263,1.38220975e-03,0.269531,0.363521
7,1480,12401,12409,5314.7,22129,37181,0.783302,1.996293,1001,2459,1.37267842e-03,1.374051,3.375416
7,1481,12409,12413,5318.8,12451,15919,0.003061,0.282446,5,375,1.37173246e-03,0.006859,0.5144
7,1485,12437,12451,5335.2,15541,18797,0.248173,0.509678,328,660,1.36796199e-03,0.448692,0.902855
7,1489,12479,12487,5351.6,12619,28793,0.010571,1.305838,19,1647,1.36421198e-03,0.02592,2.246857
7,1490,12487,12491,5355.7,21937,13499,0.756224,0.080698,969,110,1.36327770e-03,1.321016,0.149961
7,1493,12503,12511,5368.0,19937,13679,0.593558,0.093358,761,122,1.36048293e-03,1.035328,0.165979
7,1497,12539,12541,5384.4,17839,18119,0.422454,0.444781,549,578,1.35677470e-03,0.744869,0.784216
7,1500,12553,12569,5396.7,16519,27893,0.314265,1.21919,413,1544,1.35400717e-03,0.559205,2.090587
7,1501,12569,12577,5400.8,14401,12979,0.145027,0.031963,186,45,1.35308710e-03,0.251674,0.060889
7,1505,12601,12611,5417.2,27749,17657,1.200381,0.400127,1522,523,1.34941957e-03,2.053817,0.705746
7,1509,12637,12641,5433.6,20359,13399,0.610553,0.059964,792,80,1.34577209e-03,1.065851,0.107662
7,1510,12641,12647,5437.7,14717,15107,0.163675,0.194513,212,255,1.34486333e-03,0.285111,0.34294
7,1513,12659,12671,5450.0,17783,13249,0.403441,0.045616,527,62,1.34214469e-03,0.70731,0.083213
7,1517,12703,12713,5466.4,20719,20981,0.629749,0.650358,816,842,1.33853652e-03,1.092246,1.127048
7,1520,12739,12743,5478.7,13313,16103,0.04473,0.263674,61,355,1.33584295e-03,0.081486,0.474224
7,1521,12743,12757,5482.8,14159,36683,0.1099,1.875519,146,2368,1.33494750e-03,0.194902,3.161156
7,1525,12791,12799,5499.2,16091,16103,0.257208,0.258145,348,350,1.33137714e-03,0.463319,0.465982
7,1529,12823,12829,5515.7,12829,15773,0.0,0.22948,1,311,1.32782558e-03,0.001328,0.412954
7,1530,12829,12841,5519.8,14327,18859,0.115723,0.468655,151,618,1.32694075e-03,0.200368,0.820049
7,1533,12889,12893,5532.1,16651,34919,0.291476,1.708369,393,2194,1.32429266e-03,0.520447,2.905498
7,1537,12911,12917,5548.5,13537,29879,0.047999,1.313153,66,1700,1.32077763e-03,0.087171,2.245322
7,1540,12923,12941,5560.9,28097,14489,1.171161,0.11962,1525,158,1.31815427e-03,2.010185,0.208268
7,1541,12941,12953,5565.0,26813,15439,1.070022,0.191925,1400,262,1.31728207e-03,1.844195,0.345128
7,1545,12973,12979,5581.4,14657,15473,0.129286,0.192157,172,263,1.31380485e-03,0.225974,0.345531
7,1549,13003,13007,5597.9,15569,23813,0.196971,0.830783,267,1099,1.31034641e-03,0.349862,1.440071
7,1550,13007,13009,5602.0,14327,52253,0.101314,3.016681,131,3792,1.30948475e-03,0.171543,4.965566
7,1553,13037,13043,5614.3,24247,14813,0.859005,0.135705,1145,182,1.30690650e-03,1.496408,0.237857
7,1557,13093,13099,5630.8,14281,13109,0.090236,0.000763,119,3,1.30348433e-03,0.155115,0.00391
7,1560,13109,13121,5643.2,13499,13759,0.028809,0.048624,40,68,1.30092899e-03,0.052037,0.088463
7,1561,13121,13127,5647.3,18211,35279,0.387293,1.687514,525,2197,1.30007944e-03,0.682542,2.856275
7,1565,13159,13163,5663.8,17807,22573,0.352807,0.714883,478,959,1.29669218e-03,0.619819,1.243528
7,1569,13183,13187,5680.2,15629,22783,0.185182,0.727686,253,977,1.29332304e-03,0.327211,1.263577
7,1570,13187,13217,5684.4,14321,15299,0.083529,0.157524,109,217,1.29248362e-03,0.140881,0.280469
7,1573,13229,13241,5696.7,19739,18451,0.490748,0.393475,661,541,1.28997115e-03,0.852671,0.697874
7,1577,13267,13291,5713.2,16183,32189,0.217591,1.421864,303,1876,1.28663632e-03,0.389851,2.41373
7,1580,13309,13313,5725.6,17203,15073,0.292196,0.132202,401,180,1.28414589e-03,0.514943,0.231146
7,1581,13313,13327,5729.7,14957,16691,0.122308,0.25242,171,349,1.28331795e-03,0.219447,0.447878
7,1585,13339,13367,5746.2,13691,26687,0.024239,0.996484,33,1341,1.28001697e-03,0.042241,1.716503
7,1589,13399,13411,5762.7,18679,15413,0.392812,0.14928,544,212,1.27673198e-03,0.694542,0.270667
7,1590,13411,13417,5766.8,23321,42209,0.738168,2.145934,1010,2823,1.27591333e-03,1.288672,3.601903
7,1593,13441,13451,5779.2,14561,24179,0.082522,0.797562,114,1098,1.27346380e-03,0.145175,1.398263
7,1597,13469,13477,5795.7,14759,17333,0.095125,0.286117,132,396,1.27021223e-03,0.167668,0.503004
7,1600,13499,13513,5808.1,16703,22751,0.236069,0.683638,333,943,1.26778460e-03,0.422172,1.195521
7,1601,13513,13523,5812.3,18013,17167,0.332027,0.269467,464,376,1.26697735e-03,0.587877,0.476383
7,1605,13567,13577,5828.8,17573,17467,0.294321,0.286514,415,403,1.26375809e-03,0.52446,0.509295
7,1609,13613,13619,5845.3,23677,24103,0.738527,0.769807,1026,1073,1.26055442e-03,1.293329,1.352575
7,1610,13619,13627,5849.5,16253,20249,0.192706,0.485947,279,679,1.25975601e-03,0.351472,0.855374
7,1613,13649,13669,5861.9,15601,13723,0.141342,0.003951,206,11,1.25736688e-03,0.259018,0.013831
7,1617,13687,13691,5878.4,42727,18077,2.120809,0.320356,2851,455,1.25419485e-03,3.57571,0.570659
7,1620,13697,13709,5890.8,23003,14327,0.677949,0.04508,945,61,1.25182700e-03,1.182977,0.076361
7,1621,13709,13711,5895.0,21587,23447,0.574429,0.710087,802,989,1.25103974e-03,1.003334,1.237278
7,1625,13729,13751,5911.5,30851,16567,1.243546,0.204785,1701,293,1.24790115e-03,2.12268,0.365635
7,1629,13763,13781,5928.1,18199,26371,0.320586,0.913577,456,1268,1.24477825e-03,0.567619,1.578379
7,1630,13781,13789,5932.2,23741,29611,0.721735,1.147436,1009,1584,1.24399995e-03,1.255196,1.970496
7,1633,13807,13829,5944.6,29873,15629,1.160171,0.130161,1603,189,1.24167093e-03,1.990399,0.234676
7,1637,13859,13873,5961.2,17713,15541,0.276797,0.120234,397,176,1.23857859e-03,0.491716,0.21799
7,1640,13879,13883,5973.6,15887,17093,0.144349,0.231218,211,330,1.23626924e-03,0.260853,0.407969
7,1641,13883,13901,5977.7,16127,18541,0.160132,0.333789,236,483,1.23550152e-03,0.291578,0.596747
7,1645,13913,13921,5994.3,59263,23227,3.257094,0.668486,4348,947,1.23244013e-03,5.35865,1.167121
7,1649,13963,13967,6010.9,30491,15083,1.183074,0.079903,1642,113,1.22939415e-03,2.018665,0.138922
7,1650,13967,13997,6015.0,26017,14149,0.858755,0.010859,1212,15,1.22863492e-03,1.489106,0.01843
7,1653,14009,14011,6027.5,17383,17137,0.240668,0.22311,345,322,1.22636220e-03,0.423095,0.394889
7,1657,14051,14057,6044.1,28211,23279,1.0069,0.656043,1418,938,1.22334508e-03,1.734703,1.147498
7,1660,14081,14083,6056.5,22721,61153,0.613364,3.342328,879,4499,1.22109172e-03,1.07334,5.493692
7,1661,14083,14087,6060.7,22669,20771,0.609214,0.47448,871,679,1.22034250e-03,1.062918,0.828613
7,1665,14149,14153,6077.3,17929,41263,0.266799,1.915495,391,2656,1.21735403e-03,0.475985,3.233292
7,1669,14177,14197,6093.9,23827,14713,0.678312,0.036346,981,52,1.21437978e-03,1.191307,0.063148
7,1670,14197,14207,6098.0,16477,19373,0.15978,0.363624,239,522,1.21363839e-03,0.29006,0.633519
7,1673,14243,14249,6110.5,14347,19333,0.006878,0.356797,10,518,1.21141931e-03,0.012114,0.627515
7,1677,14293,14303,6127.1,18899,37441,0.321331,1.617703,473,2286,1.20847253e-03,0.571608,2.762568
7,1680,14323,14327,6139.6,15161,22787,0.058212,0.590493,91,867,1.20627128e-03,0.109771,1.045837
7,1681,14327,14341,6143.7,33521,15737,1.337424,0.097343,1907,154,1.20553940e-03,2.298964,0.185653
7,1685,14387,14389,6160.3,17123,14923,0.190006,0.037112,289,62,1.20262020e-03,0.347557,0.074562
7,1689,14411,14419,6177.0,15137,15307,0.049795,0.061585,79,99,1.19971490e-03,0.094777,0.118772
7,1690,14419,14423,6181.1,20201,23209,0.40061,0.609166,595,901,1.19899083e-03,0.7134,1.080291
7,1693,14437,14447,6193.6,16193,55219,0.120856,2.822178,190,3918,1.19682411e-03,0.227397,4.689157
7,1697,14479,14489,6210.3,20903,39229,0.442681,1.707502,655,2434,1.19394745e-03,0.782036,2.906068
7,1700,14519,14533,6222.7,14759,16007,0.015551,0.101424,29,164,1.19179858e-03,0.034562,0.195455
7,1701,14533,14537,6226.9,29671,16741,1.041068,0.151613,1519,234,1.19108389e-03,1.809256,0.278714
7,1705,14551,14557,6243.6,21757,18149,0.494607,0.246754,736,376,1.18823414e-03,0.87454,0.446776
7,1709,14591,14593,6260.2,22129,23269,0.516412,0.594532,772,885,1.18539861e-03,0.915128,1.049078
7,1710,14593,14621,6264.4,22619,16033,0.547021,0.096573,816,155,1.18469182e-03,0.966709,0.183627
7,1713,14629,14633,6276.9,15329,19843,0.047564,0.356045,78,532,1.18257601e-03,0.092241,0.62913
7,1717,14657,14669,6293.5,17579,31489,0.198378,1.146636,304,1672,1.17976720e-03,0.358649,1.972571
7,1720,14699,14713,6306.0,29033,16223,0.973289,0.10263,1439,165,1.17766912e-03,1.694666,0.194315
7,1721,14713,14717,6310.2,15017,14827,0.020385,0.007474,35,16,1.17697130e-03,0.041194,0.018832
7,1725,14737,14741,6326.9,33521,15859,1.273998,0.075843,1863,123,1.17418866e-03,2.187513,0.144425
7,1729,14759,14767,6343.5,22279,19213,0.508702,0.301077,767,450,1.17141973e-03,0.898479,0.527139
7,1730,14767,14771,6347.7,36011,23057,1.437953,0.560964,2096,844,1.17072960e-03,2.453849,0.988096
7,1731,14771,14779,6351.9,29573,15661,1.001015,0.059679,1479,96,1.17004034e-03,1.73049,0.112324
7,1732,14779,14783,6356.1,17863,26861,0.208347,0.81702,316,1214,1.16935191e-03,0.369515,1.419593
7,1740,14851,14867,6389.4,23459,14879,0.577924,0.000807,871,3,1.16387339e-03,1.013734,0.003492
7,1750,14947,14951,6431.2,19309,27647,0.291486,0.849174,439,1266,1.15709705e-03,0.507966,1.464885
11,600,4409,4421,1880.7,5209,8039,0.17824,0.818367,93,411,3.45744250e-03,0.321542,1.421009
11,604,4447,4451,1895.3,6473,6131,0.45428,0.377443,236,195,3.43393089e-03,0.810408,0.669617
11,608,4481,4483,1909.9,7193,6637,0.604506,0.480482,311,248,3.41073957e-03,1.06074,0.845863
11,612,4513,4517,1924.5,5843,13451,0.293558,1.977861,155,982,3.38785393e-03,0.525117,3.326873
11,616,4547,4549,1939.2,4733,7547,0.040448,0.659046,23,341,3.36527932e-03,0.077401,1.14756
11,620,4583,4591,1953.8,5273,8009,0.148552,0.7445,79,388,3.34299513e-03,0.264097,1.297082
11,624,4621,4637,1968.5,6073,4643,0.309683,0.001294,168,3,3.32099659e-03,0.557927,0.009963
11,628,4649,4651,1983.1,5419,12377,0.165126,1.661148,88,849,3.29927710e-03,0.290336,2.801086
11,632,4673,4679,1997.8,10729,6679,1.293011,0.427442,676,229,3.27785581e-03,2.215831,0.750629
11,636,4721,4723,2012.5,5009,10163,0.060555,1.15181,35,612,3.25670450e-03,0.113985,1.993103
11,640,4751,4759,2027.2,9767,8971,1.052322,0.88506,564,476,3.23582047e-03,1.825003,1.540251
11,644,4789,4793,2041.9,18269,5153,2.8116,0.07511,1450,43,3.21518743e-03,4.662022,0.138253
11,648,4813,4817,2056.6,5701,10513,0.183517,1.182479,103,638,3.19482727e-03,0.329067,2.0383
11,652,4871,4877,2071.4,5281,5807,0.082838,0.190691,49,110,3.17471110e-03,0.155561,0.349218
11,656,4909,4919,2086.1,7307,6829,0.485465,0.38829,275,223,3.15482827e-03,0.867578,0.703527
11,660,4937,4943,2100.9,6287,5021,0.2719,0.01578,158,13,3.13518969e-03,0.49536,0.040757
11,664,4967,4969,2115.7,10321,7433,1.077078,0.495874,602,278,3.11580220e-03,1.875713,0.866193
11,668,4993,4999,2130.5,7433,7043,0.486897,0.408882,274,238,3.09665946e-03,0.848485,0.737005
11,672,5011,5021,2145.3,14321,6553,1.852221,0.305119,1007,175,3.07775780e-03,3.099302,0.538608
11,676,5051,5059,2160.1,8387,8627,0.657838,0.705278,374,398,3.05908977e-03,1.1441,1.217518
11,680,5087,5099,2174.9,13669,8971,1.680722,0.759365,934,436,3.04063719e-03,2.839955,1.325718
11,684,5113,5119,2189.7,7937,5171,0.550498,0.010158,319,5,3.02240910e-03,0.964149,0.015112
11,688,5167,5171,2204.6,8681,6719,0.678786,0.299362,393,179,3.00439000e-03,1.180725,0.537786
11,692,5197,5209,2219.4,7723,6257,0.482626,0.20119,288,121,2.98657998e-03,0.860135,0.361376
11,696,5233,5237,2234.3,8819,8707,0.683979,0.662593,402,389,2.96897244e-03,1.193527,1.15493
11,700,5279,5281,2249.2,5927,5623,0.122325,0.06476,79,39,2.95156709e-03,0.233174,0.115111
11,704,5309,5323,2264.1,7393,7829,0.388878,0.470787,235,286,2.93436262e-03,0.689575,0.839228
11,708,5351,5381,2279.0,16139,6703,1.999257,0.245679,1170,157,2.91735066e-03,3.4133,0.458024
11,712,5399,5407,2293.9,17519,6133,2.240059,0.13427,1304,88,2.90051960e-03,3.782278,0.255246
11,716,5419,5431,2308.9,6299,7127,0.159823,0.312281,103,197,2.88388861e-03,0.297041,0.568126
11,720,5443,5449,2323.8,14543,7127,1.66893,0.307946,983,193,2.86745412e-03,2.818707,0.553419
11,724,5479,5483,2338.7,5867,9059,0.070035,0.652198,48,402,2.85120725e-03,0.136858,1.146185
11,728,5507,5519,2353.7,7013,8171,0.270701,0.480522,174,298,2.83514592e-03,0.493315,0.844873
11,732,5531,5557,2368.7,9661,8929,0.738528,0.606802,461,378,2.81926956e-03,1.299683,1.065684
11,736,5573,5581,2383.7,6269,10753,0.123275,0.926716,79,575,2.80356401e-03,0.221482,1.612049
11,740,5639,5641,2398.7,8233,8329,0.459493,0.476511,293,305,2.78802524e-03,0.816891,0.850348
11,744,5653,5657,2413.7,12329,8699,1.179424,0.537741,729,340,2.77265306e-03,2.021264,0.942702
11,748,5683,5689,2428.7,7283,10957,0.28019,0.925998,181,583,2.75745909e-03,0.4991,1.607599
11,752,5711,5717,2443.7,8941,18773,0.563932,2.283715,360,1390,2.74243166e-03,0.987275,3.81198
11,756,5743,5749,2458.7,5879,8219,0.022613,0.42964,18,274,2.72756506e-03,0.049096,0.747353
11,760,5791,5801,2473.8,8053,6833,0.388209,0.1779,252,120,2.71285348e-03,0.683639,0.325542
11,764,5821,5827,2488.8,16319,9137,1.800583,0.568045,1129,369,2.69829842e-03,3.046379,0.995672
11,768,5849,5851,2503.9,10141,11197,0.733208,0.91369,477,588,2.68390124e-03,1.280221,1.578134
11,772,5867,5869,2519.0,6337,6961,0.079741,0.186062,53,122,2.66966529e-03,0.141492,0.325699
11,776,5897,5903,2534.0,13763,7411,1.331526,0.255463,853,164,2.65558601e-03,2.265215,0.435516
11,780,5939,5953,2549.1,7247,7561,0.217369,0.270116,147,180,2.64164927e-03,0.388322,0.475497
11,784,6007,6011,2564.2,11467,11909,0.907669,0.981201,598,643,2.62784261e-03,1.57145,1.689703
11,788,6043,6047,2579.4,9733,6763,0.609558,0.118406,412,83,2.61417086e-03,1.077038,0.216976
11,792,6073,6079,2594.5,6397,11257,0.052311,0.851785,42,569,2.60064242e-03,0.109227,1.479766
11,796,6101,6113,2609.6,10559,7079,0.727302,0.158024,493,113,2.58725506e-03,1.275517,0.29236
11,800,6133,6143,2624.8,12373,6317,1.014162,0.028325,676,22,2.57400408e-03,1.740027,0.056628
11,804,6173,6197,2639.9,7057,9133,0.138777,0.473778,103,328,2.56088825e-03,0.263771,0.839971
11,808,6211,6217,2655.1,10141,12553,0.631173,1.019141,437,692,2.54789909e-03,1.113432,1.763146
11,812,6247,6257,2670.3,11897,10559,0.90139,0.68755,613,477,2.53504485e-03,1.553982,1.209216
11,816,6271,6277,2685.5,12511,8237,0.99315,0.312251,678,218,2.52231797e-03,1.710132,0.549865
11,820,6301,6311,2700.7,6367,6571,0.008873,0.041198,10,30,2.50972195e-03,0.025097,0.075292
11,824,6329,6337,2715.9,20897,6581,2.297617,0.038504,1526,28,2.49725325e-03,3.810808,0.069923
11,828,6359,6361,2731.1,6779,6421,0.065713,0.009432,44,7,2.48491044e-03,0.109336,0.017394
11,832,6379,6389,2746.3,9043,8053,0.415401,0.260448,292,180,2.47269454e-03,0.722027,0.445085
11,836,6427,6449,2761.5,6971,7309,0.080943,0.133354,60,96,2.46059563e-03,0.147636,0.236217
11,840,6473,6481,2776.8,7673,10079,0.183922,0.555161,133,397,2.44860568e-03,0.325665,0.972096
11,844,6529,6547,2792.0,9479,6571,0.447839,0.003666,331,6,2.43672662e-03,0.806557,0.01462
11,848,6563,6569,2807.3,8819,16657,0.342518,1.535698,250,1079,2.42495559e-03,0.606239,2.616527
11,852,6581,6599,2822.6,11789,13441,0.786483,1.036824,561,741,2.41330333e-03,1.353863,1.788258
11,856,6637,6653,2837.8,9319,10181,0.400721,0.530287,297,395,2.40175918e-03,0.713322,0.948695
11,860,6673,6679,2853.1,8219,7691,0.230573,0.15152,170,116,2.39031949e-03,0.406354,0.277277
11,864,6701,6703,2868.4,13921,8501,1.076831,0.268238,782,196,2.37899042e-03,1.860371,0.466282
11,868,6733,6737,2883.7,11353,9839,0.685171,0.460442,504,346,2.36777141e-03,1.193357,0.819249
11,872,6779,6781,2899.1,8297,13711,0.223566,1.021973,170,750,2.35665337e-03,0.400631,1.76749
11,876,6803,6823,2914.4,11383,10627,0.668328,0.557526,498,420,2.34563988e-03,1.168129,0.985169
11,880,6833,6841,2929.7,10993,12647,0.606929,0.848706,455,631,2.33472787e-03,1.062301,1.473213
11,884,6869,6871,2945.1,7411,7393,0.078591,0.075971,56,55,2.32391856e-03,0.130139,0.127816
11,888,6907,6911,2960.4,12697,10889,0.837216,0.575604,628,436,2.31320930e-03,1.452695,1.008559
11,892,6949,6959,2975.8,9643,8191,0.385688,0.177037,299,136,2.30259544e-03,0.688476,0.313153
11,896,6971,6977,2991.2,10939,9461,0.567866,0.356027,433,275,2.29207859e-03,0.99247,0.630322
11,900,6997,7001,3006.5,9929,9203,0.418226,0.314526,324,241,2.28166155e-03,0.739258,0.54988
11,904,7027,7039,3021.9,7459,7481,0.059668,0.062793,41,43,2.27134086e-03,0.093125,0.097668
11,908,7069,7079,3037.3,7159,7457,0.011301,0.053397,8,36,2.26111189e-03,0.018089,0.0814
11,912,7121,7127,3052.7,9643,16703,0.353024,1.343623,279,1021,2.25096840e-03,0.62802,2.298239
11,916,7159,7177,3068.1,13127,10223,0.829037,0.424411,646,338,2.24091383e-03,1.44763,0.757429
11,920,7207,7211,3083.6,13297,8609,0.843988,0.19387,659,152,2.23094320e-03,1.470192,0.339103
11,924,7229,7237,3099.0,14533,12743,1.008153,0.760812,777,597,2.22106323e-03,1.725766,1.325975
11,928,7253,7283,3114.4,8287,11987,0.137855,0.645888,111,510,2.21127269e-03,0.245451,1.127749
11,932,7309,7321,3129.9,7793,13721,0.064472,0.874198,55,691,2.20156135e-03,0.121086,1.521279
11,936,7349,7351,3145.4,8963,11503,0.21929,0.564821,178,452,2.19193474e-03,0.390164,0.990755
11,940,7411,7417,3160.8,9787,9733,0.319536,0.312256,267,260,2.18238756e-03,0.582697,0.567421
11,944,7457,7459,3176.3,7621,12413,0.021719,0.664164,24,538,2.17291537e-03,0.05215,1.169028
11,948,7487,7489,3191.8,13679,39341,0.826546,4.253171,667,3193,2.16352428e-03,1.443071,6.908133
11,952,7517,7523,3207.3,8219,8009,0.092516,0.064602,78,56,2.15421619e-03,0.168029,0.120636
11,956,7541,7547,3222.8,11953,17837,0.583808,1.363456,477,1089,2.14498923e-03,1.02316,2.335893
11,960,7561,7573,3238.3,8783,13931,0.159778,0.839562,135,687,2.13584475e-03,0.288339,1.467325
11,964,7589,7591,3253.8,19843,14827,1.614017,0.953234,1281,773,2.12678015e-03,2.724405,1.644001
11,968,7621,7639,3269.4,18457,10313,1.416154,0.350046,1147,297,2.11779481e-03,2.429111,0.628985
11,972,7669,7673,3284.9,11423,19687,0.488727,1.56575,406,1256,2.10888202e-03,0.856206,2.648756
11,976,7691,7699,3300.5,10979,12241,0.426029,0.589947,357,487,2.10004424e-03,0.749716,1.022722
11,980,7723,7727,3316.0,11987,15601,0.551314,1.019024,458,839,2.09128207e-03,0.957807,1.754586
11,984,7757,7759,3331.6,8053,10181,0.037891,0.312154,28,267,2.08259273e-03,0.058313,0.556052
11,988,7817,7823,3347.1,9157,8147,0.170523,0.041416,147,35,2.07397229e-03,0.304874,0.072589
11,992,7853,7867,3362.7,25793,14723,2.278632,0.871488,1847,731,2.06541941e-03,3.81483,1.509822
11,996,7879,7883,3378.3,10501,8167,0.332107,0.036027,289,29,2.05693589e-03,0.594454,0.059651
11,1000,7919,7927,3393.9,17509,8017,1.20878,0.011354,1015,10,2.04852327e-03,2.079251,0.020485
11,1004,7949,7951,3409.5,10399,13267,0.307886,0.668595,270,573,2.04017923e-03,0.550848,1.169023
11,1008,8009,8011,3425.1,15923,10831,0.987642,0.352016,849,308,2.03190075e-03,1.725084,0.625825
11,1012,8053,8059,3440.7,8093,24917,0.004219,2.091823,6,1741,2.02368493e-03,0.012142,3.523235
11,1016,8087,8089,3456.3,8429,9209,0.042032,0.13846,38,126,2.01553285e-03,0.07659,0.253957
11,1020,8111,8117,3472.0,12491,8273,0.538869,0.019219,471,18,2.00744859e-03,0.945508,0.036134
11,1024,8161,8167,3487.6,8329,11257,0.019836,0.378352,21,337,1.99942792e-03,0.041988,0.673807
11,1028,8191,8209,3503.3,11171,17851,0.360823,1.174565,325,1019,1.99146971e-03,0.647228,2.029308
11,1032,8231,8233,3518.9,12107,9473,0.470545,0.150613,417,142,1.98357255e-03,0.82715,0.281667
11,1036,8263,8269,3534.6,27337,8647,2.305962,0.045713,1955,41,1.97574020e-03,3.862572,0.081005
11,1040,8291,8293,3550.2,9157,11423,0.104184,0.377427,95,338,1.96796909e-03,0.186957,0.665174
11,1044,8317,8329,3565.9,13649,14249,0.638732,0.71077,569,630,1.96026112e-03,1.115389,1.234965
11,1048,8369,8377,3581.6,14879,18379,0.776173,1.193984,695,1058,1.95261000e-03,1.357064,2.065861
11,1052,8419,8423,3597.3,10457,13693,0.241482,0.625668,227,567,1.94501724e-03,0.441519,1.102825
11,1056,8443,8447,3613.0,10601,16519,0.255002,0.955606,237,857,1.93748241e-03,0.459183,1.660422
11,1060,8501,8513,3628.7,13187,10243,0.549043,0.203219,510,195,1.93000508e-03,0.984303,0.376351
11,1064,8537,8539,3644.4,19001,9241,1.225202,0.082211,1095,82,1.92258074e-03,2.105226,0.157652
11,1068,8573,8581,3660.2,16141,20731,0.881016,1.415919,811,1266,1.91521426e-03,1.553239,2.424661
11,1072,8609,8623,3675.9,9883,9931,0.146121,0.151687,147,153,1.90790247e-03,0.280462,0.291909
11,1076,8641,8647,3691.7,8807,9227,0.018504,0.067075,21,68,1.90064651e-03,0.039914,0.129244
11,1080,8677,8681,3707.4,11443,11393,0.318166,0.312406,300,295,1.89344566e-03,0.568034,0.558566
11,1084,8699,8707,3723.2,9419,8707,0.081773,0.0,81,1,1.88630079e-03,0.15279,0.001886
11,1088,8731,8737,3738.9,30977,18523,2.545496,1.120064,2251,1034,1.87921114e-03,4.230104,1.943104
11,1092,8753,8761,3754.7,9293,21179,0.060724,1.417418,59,1289,1.87217609e-03,0.110458,2.413235
11,1096,8803,8807,3770.5,19801,15773,1.248325,0.790962,1145,744,1.86519304e-03,2.135646,1.387704
11,1100,8831,8837,3786.2,11161,26891,0.262985,2.043001,252,1850,1.85826122e-03,0.468282,3.437783
11,1104,8861,8863,3802.0,9349,17327,0.054835,0.954981,54,888,1.85138219e-03,0.099975,1.644027
11,1108,8893,8923,3817.8,25913,25667,1.904068,1.876499,1742,1719,1.84455458e-03,3.213214,3.170789
11,1112,8941,8951,3833.6,9491,12043,0.060328,0.345436,64,331,1.83777353e-03,0.117618,0.608303
11,1116,8971,8999,3849.4,11353,10979,0.261585,0.220024,256,217,1.83104265e-03,0.468747,0.397336
11,1120,9011,9013,3865.3,10457,10531,0.160213,0.168423,159,168,1.82435975e-03,0.290073,0.306492
11,1124,9043,9049,3881.1,11681,9091,0.290861,0.004641,278,4,1.81772683e-03,0.505328,0.007271
11,1128,9091,9103,3896.9,16349,14593,0.796001,0.603098,768,582,1.81114191e-03,1.390957,1.054085
11,1132,9133,9137,3912.8,10253,12071,0.122141,0.321112,125,313,1.80460158e-03,0.225575,0.56484
11,1136,9161,9173,3928.6,13567,13327,0.479014,0.452851,469,446,1.79810854e-03,0.843313,0.801956
11,1140,9199,9203,3944.5,10853,24061,0.179289,1.614474,179,1536,1.79166227e-03,0.320708,2.751993
11,1144,9227,9239,3960.3,17383,18913,0.881481,1.047083,854,1008,1.78526285e-03,1.524614,1.799545
11,1148,9277,9281,3976.2,14561,14869,0.568904,0.60209,559,594,1.77890837e-03,0.99441,1.056672
11,1152,9311,9319,3992.0,10303,11701,0.105591,0.255607,112,253,1.77259834e-03,0.198531,0.448467
11,1156,9341,9343,4007.9,34273,12919,2.668308,0.382746,2506,383,1.76633240e-03,4.426429,0.676505
11,1160,9377,9391,4023.8,17827,30323,0.898307,2.228943,884,2119,1.76011139e-03,1.555938,3.729676
11,1164,9413,9419,4039.7,10337,19013,0.097463,1.018579,105,997,1.75393305e-03,0.184163,1.748671
11,1168,9433,9437,4055.6,14303,13309,0.51563,0.4103,510,412,1.74779948e-03,0.891378,0.720093
11,1172,9463,9467,4071.5,12473,21821,0.317524,1.304954,316,1276,1.74171037e-03,0.55038,2.222422
11,1176,9491,9497,4087.4,17027,15391,0.792882,0.620617,787,623,1.73566466e-03,1.365968,1.081319
11,1180,9533,9539,4103.3,12473,16843,0.307579,0.765699,308,764,1.72966029e-03,0.532735,1.32146
11,1184,9587,9601,4119.2,12107,14489,0.261014,0.509114,265,514,1.72369647e-03,0.45678,0.88598
11,1188,9623,9629,4135.2,14627,12451,0.519057,0.293073,524,298,1.71777016e-03,0.900112,0.511896
11,1192,9649,9661,4151.1,13093,24953,0.355243,1.582859,365,1565,1.71188607e-03,0.624838,2.679102
11,1196,9689,9697,4167.1,15031,13469,0.550067,0.388986,561,401,1.70604163e-03,0.957089,0.684123
11,1200,9733,9739,4183.0,20323,19577,1.086765,1.010165,1094,1021,1.70023608e-03,1.860058,1.735941
11,1250,10177,10181,4382.9,39869,16033,2.91602,0.574796,2942,615,1.63086147e-03,4.797994,1.00298
11,1260,10271,10273,4423.0,14779,15803,0.438626,0.538304,472,584,1.61765528e-03,0.763533,0.944711
11,1270,10343,10357,4463.1,11941,11743,0.15294,0.133823,162,139,1.60466373e-03,0.259956,0.223048
11,1280,10459,10463,4503.3,17327,16741,0.656026,0.600019,712,655,1.59187474e-03,1.133415,1.042678
11,1290,10567,10589,4543.5,13159,19717,0.242705,0.862027,275,942,1.57928592e-03,0.434304,1.487687
11,1300,10657,10663,4583.8,23081,14549,1.164588,0.364438,1278,404,1.56688892e-03,2.002484,0.633023
11,1310,10739,10753,4624.1,11197,29209,0.041291,1.716358,46,1866,1.55468618e-03,0.071516,2.901044
11,1320,10859,10861,4664.4,13997,11789,0.28874,0.085443,331,93,1.54266715e-03,0.510623,0.143468
11,1330,10949,10957,4704.8,11351,11423,0.035959,0.04253,41,48,1.53083190e-03,0.062764,0.07348
11,1340,11059,11069,4745.2,17209,12611,0.554702,0.139308,643,166,1.51917263e-03,0.976828,0.252183
11,1350,11149,11159,4785.7,21067,14563,0.887893,0.305045,1020,358,1.50768806e-03,1.537842,0.539752
11,1360,11251,11257,4826.2,14551,23369,0.292618,1.075953,345,1245,1.49637428e-03,0.516249,1.862986
11,1370,11329,11351,4866.7,21673,16451,0.909347,0.4493,1063,537,1.48522759e-03,1.578797,0.797567
11,1380,11443,11447,4907.3,19037,25343,0.663056,1.213943,783,1415,1.47424258e-03,1.154332,2.086053
11,1390,11527,11549,4947.9,12437,17939,0.07689,0.553295,95,667,1.46341794e-03,0.139025,0.9761
11,1400,11657,11677,4988.5,12379,39607,0.060118,2.391881,78,2765,1.45274679e-03,0.113314,4.016845
11,1410,11777,11779,5029.2,34651,25667,1.941761,1.179047,2291,1417,1.44222470e-03,3.304137,2.043632
11,1420,11833,11839,5069.9,32797,12119,1.770251,0.023651,2097,32,1.43185278e-03,3.002595,0.045819
11,1430,11933,11939,5110.7,29629,15121,1.481699,0.266521,1785,336,1.42162963e-03,2.537609,0.477668
11,1440,12011,12037,5151.5,17093,17041,0.420038,0.415718,530,526,1.41155390e-03,0.748124,0.742477
11,1450,12109,12113,5192.3,12689,17401,0.047552,0.436556,65,552,1.40161779e-03,0.091105,0.773693
11,1460,12211,12227,5233.1,27283,17707,1.231373,0.448188,1528,573,1.39182076e-03,2.126702,0.797513
11,1470,12289,12301,5274.0,13613,14327,0.106658,0.164702,139,211,1.38215831e-03,0.19212,0.291635
11,1480,12401,12409,5314.9,16603,14411,0.33798,0.161335,440,209,1.37262773e-03,0.603956,0.286879
11,1481,12409,12413,5319.0,14323,13721,0.153871,0.105373,199,142,1.37168184e-03,0.272965,0.194779
11,1485,12437,12451,5335.4,12979,16417,0.042406,0.318529,61,417,1.36791166e-03,0.083443,0.570419
11,1489,12479,12487,5351.8,40039,16229,2.206455,0.299672,2719,397,1.36416195e-03,3.709156,0.541572
11,1490,12487,12491,5355.9,27109,35281,1.170283,1.824514,1484,2269,1.36322773e-03,2.02303,3.093164
11,1493,12503,12511,5368.2,15277,15361,0.221085,0.2278,291,302,1.36043318e-03,0.395886,0.410851
11,1497,12539,12541,5384.6,14419,14173,0.149749,0.130133,193,171,1.35672524e-03,0.261848,0.232
11,1500,12553,12569,5396.9,14557,15859,0.158167,0.261755,206,348,1.35395792e-03,0.278915,0.471177
11,1501,12569,12577,5401.0,38447,24029,2.056929,0.910551,2553,1172,1.35303793e-03,3.454306,1.58576
11,1505,12601,12611,5417.4,31657,13799,1.510269,0.094203,1900,127,1.34937067e-03,2.563804,0.17137
11,1509,12637,12641,5433.8,14071,30493,0.113124,1.41223,150,1783,1.34572348e-03,0.201859,2.399425
11,1510,12641,12647,5437.9,14153,17099,0.11908,0.35202,156,461,1.34481478e-03,0.209791,0.61996
11,1513,12659,12671,5450.2,17761,17911,0.401705,0.413543,526,540,1.34209635e-03,0.705943,0.724732
11,1517,12703,12713,5466.6,16087,16361,0.265398,0.28695,355,380,1.33848845e-03,0.475163,0.508626
11,1520,12739,12743,5478.9,18059,14479,0.41717,0.136232,550,177,1.33579509e-03,0.734687,0.236436
11,1521,12743,12757,5483.0,28979,19069,1.271616,0.494787,1632,644,1.33489970e-03,2.178556,0.859675
11,1525,12791,12799,5499.4,13499,18959,0.054692,0.481288,75,631,1.33132962e-03,0.09985,0.840069
11,1529,12823,12829,5515.9,32803,13451,1.556941,0.048484,1990,65,1.32777833e-03,2.642279,0.086306
11,1530,12829,12841,5520.0,26267,23887,1.045557,0.860213,1358,1127,1.32689357e-03,1.801921,1.495409
11,1533,12889,12893,5532.3,17117,35381,0.32762,1.744202,440,2235,1.32424567e-03,0.582668,2.959689
11,1537,12911,12917,5548.7,18049,36353,0.397306,1.814353,532,2321,1.32073091e-03,0.702629,3.065416
11,1540,12923,12941,5561.1,22937,15581,0.772429,0.204003,1019,277,1.31810774e-03,1.343152,0.365116
11,1541,12941,12953,5565.2,18119,16447,0.398827,0.269744,534,365,1.31723561e-03,0.703404,0.480791
11,1545,12973,12979,5581.6,16301,14543,0.255952,0.120502,347,158,1.31375865e-03,0.455874,0.207574
11,1549,13003,13007,5598.1,18269,14489,0.404551,0.113939,545,149,1.31030046e-03,0.714114,0.195235
11,1550,13007,13009,5602.2,59273,18047,3.556307,0.38727,4444,518,1.30943886e-03,5.819146,0.678289
11,1553,13037,13043,5614.5,16763,16619,0.28521,0.27417,385,369,1.30686081e-03,0.503141,0.482232
11,1557,13093,13099,5631.0,15629,21701,0.193145,0.656691,265,878,1.30343890e-03,0.345411,1.144419
11,1560,13109,13121,5643.4,13121,14869,0.0,0.133222,1,182,1.30088374e-03,0.001301,0.236761
11,1561,13121,13127,5647.5,24113,17449,0.836901,0.329245,1124,446,1.30003425e-03,1.461239,0.579815
11,1565,13159,13163,5664.0,16741,22277,0.271823,0.692395,370,930,1.29664724e-03,0.479759,1.205882
11,1569,13183,13187,5680.4,24239,15413,0.838098,0.168803,1128,232,1.29327834e-03,1.458818,0.300041
11,1570,13187,13217,5684.6,16631,33469,0.258304,1.532269,353,2013,1.29243899e-03,0.456231,2.60168
11,1573,13229,13241,5696.9,26497,16369,1.001133,0.236236,1337,326,1.28992671e-03,1.724632,0.420516
11,1577,13267,13291,5713.4,17419,42359,0.310586,2.187044,427,2851,1.28659211e-03,0.549375,3.668074
11,1580,13309,13313,5725.8,14303,13709,0.074363,0.029745,98,41,1.28410187e-03,0.125842,0.052648
11,1581,13313,13327,5729.9,19417,13463,0.456967,0.010205,617,15,1.28327399e-03,0.79178,0.019249
11,1585,13339,13367,5746.4,13907,24763,0.040398,0.852547,59,1154,1.27997324e-03,0.075518,1.477089
11,1589,13399,13411,5762.9,19891,14741,0.483185,0.099172,661,137,1.27668849e-03,0.843891,0.174906
11,1590,13411,13417,5767.0,17579,33767,0.310203,1.516733,431,2026,1.27586990e-03,0.5499,2.584912
11,1593,13441,13451,5779.4,47977,33811,2.566798,1.513642,3352,2029,1.27342054e-03,4.268506,2.58377
11,1597,13469,13477,5795.9,22751,18121,0.688135,0.344587,946,479,1.27016921e-03,1.20158,0.608411
11,1600,13499,13513,5808.3,14401,16033,0.065714,0.186487,87,265,1.26774176e-03,0.110294,0.335952
11,1601,13513,13523,5812.5,15101,31393,0.11669,1.321452,163,1783,1.26693456e-03,0.20651,2.258944
11,1605,13567,13577,5829.0,16529,21089,0.217427,0.553289,309,766,1.26371553e-03,0.390488,0.968006
11,1609,13613,13619,5845.5,27581,23189,1.025185,0.702695,1402,978,1.26051209e-03,1.767238,1.232781
11,1610,13619,13627,5849.7,15787,15937,0.158509,0.169516,231,248,1.25971374e-03,0.290994,0.312409
11,1613,13649,13669,5862.1,16229,23201,0.187285,0.697344,273,976,1.25732478e-03,0.34325,1.227149
11,1617,13687,13691,5878.6,33179,15259,1.423417,0.114528,1938,163,1.25415297e-03,2.430548,0.204427
11,1620,13697,13709,5891.0,15149,14489,0.10504,0.056897,150,78,1.25178529e-03,0.187768,0.097639
11,1621,13709,13711,5895.1,14593,15497,0.064328,0.13026,89,189,1.25099808e-03,0.111339,0.236439
11,1625,13729,13751,5911.7,13763,13879,0.000873,0.009308,4,15,1.24785971e-03,0.004991,0.018718
11,1629,13763,13781,5928.3,17923,27583,0.300559,1.001524,426,1383,1.24473703e-03,0.530258,1.721471
11,1630,13781,13789,5932.4,30341,27823,1.200377,1.017768,1650,1409,1.24395879e-03,2.052532,1.752738
11,1633,13807,13829,5944.8,20509,15601,0.483043,0.128137,682,186,1.24162993e-03,0.846792,0.230943
11,1637,13859,13873,5961.4,15131,19853,0.09068,0.431053,130,609,1.23853780e-03,0.16101,0.75427
11,1640,13879,13883,5973.8,18307,14503,0.318663,0.044659,458,59,1.23622862e-03,0.566193,0.072937
11,1641,13883,13901,5977.9,19891,25121,0.430904,0.807136,609,1132,1.23546095e-03,0.752396,1.398542
11,1645,13913,13921,5994.5,17627,16069,0.266217,0.154299,382,225,1.23239978e-03,0.470777,0.27729
11,1649,13963,13967,6011.1,22147,15227,0.585666,0.090213,834,128,1.22935401e-03,1.025281,0.157357
11,1650,13967,13997,6015.2,33427,31271,1.388155,1.234122,1930,1722,1.22859482e-03,2.371188,2.11564
11,1653,14009,14011,6027.7,19387,22613,0.383699,0.613946,542,872,1.22632226e-03,0.664667,1.069353
11,1657,14051,14057,6044.3,21911,15299,0.558725,0.088355,800,130,1.22330535e-03,0.978644,0.15903
11,1660,14081,14083,6056.7,14879,29833,0.056522,1.11837,83,1571,1.22105214e-03,0.101347,1.918273
11,1661,14083,14087,6060.9,35491,26423,1.519415,0.875701,2117,1242,1.22030298e-03,2.583381,1.515616
11,1665,14149,14153,6077.5,17669,30319,0.248428,1.142231,365,1613,1.21731471e-03,0.44432,1.963529
11,1669,14177,14197,6094.1,19387,51991,0.36557,2.662112,526,3650,1.21434067e-03,0.638743,4.432343
11,1670,14197,14207,6098.2,14251,14557,0.003097,0.024636,5,36,1.21359932e-03,0.006068,0.04369
11,1673,14243,14249,6110.7,14633,22549,0.026949,0.582497,41,848,1.21138040e-03,0.049667,1.027251
11,1677,14293,14303,6127.3,16943,16453,0.184577,0.150318,278,231,1.20843381e-03,0.335945,0.279148
11,1680,14323,14327,6139.8,18481,22481,0.289942,0.569135,437,834,1.20623272e-03,0.527124,1.005998
11,1681,14327,14341,6143.9,21859,19403,0.524231,0.352974,771,516,1.20550088e-03,0.929441,0.622038
11,1685,14387,14389,6160.5,15359,14543,0.067413,0.010703,109,18,1.20258188e-03,0.131081,0.021646
11,1689,14411,14419,6177.2,21377,20599,0.482558,0.428601,709,634,1.19967677e-03,0.850571,0.760595
11,1690,14419,14423,6181.3,21569,14489,0.495459,0.004576,731,8,1.19895275e-03,0.876434,0.009592
11,1693,14437,14447,6193.8,15559,31063,0.076971,1.150135,122,1653,1.19678618e-03,0.146008,1.978288
11,1697,14479,14489,6210.5,62129,14723,3.288012,0.01615,4547,26,1.19390971e-03,5.428707,0.031042
11,1700,14519,14533,6222.9,23071,23537,0.587491,0.619555,877,916,1.19176099e-03,1.045174,1.091653
11,1701,14533,14537,6227.1,25111,48989,0.727385,2.369953,1070,3333,1.19104634e-03,1.27442,3.969757
11,1705,14551,14557,6243.8,22777,14783,0.564677,0.015525,840,28,1.18819679e-03,0.998085,0.03327
11,1709,14591,14593,6260.4,21247,24071,0.455972,0.649489,679,968,1.18536144e-03,0.80486,1.14743
11,1710,14593,14621,6264.6,38629,24421,1.642022,0.670269,2359,1002,1.18465470e-03,2.7946,1.187024
11,1713,14629,14633,6277.1,16823,42821,0.149662,1.926331,228,2764,1.18253903e-03,0.269619,3.268538
11,1717,14657,14669,6293.7,21943,15671,0.495876,0.068307,743,112,1.17973040e-03,0.87654,0.13213
11,1720,14699,14713,6306.2,22651,15601,0.539523,0.060355,811,99,1.17763247e-03,0.95506,0.116586
11,1721,14713,14717,6310.4,22679,28097,0.541007,0.909153,812,1344,1.17693469e-03,0.955671,1.5818
11,1725,14737,14741,6327.1,17761,18451,0.204871,0.251679,314,389,1.17415223e-03,0.368684,0.456745
11,1729,14759,14767,6343.7,15461,20071,0.046997,0.359179,77,541,1.17138349e-03,0.090197,0.633718
11,1730,14767,14771,6347.9,22751,16747,0.540248,0.133776,813,206,1.17069340e-03,0.951774,0.241163
11,1731,14771,14779,6352.1,18457,22643,0.248867,0.532106,384,799,1.17000419e-03,0.449282,0.934833
11,1732,14779,14783,6356.3,21493,23279,0.4539,0.574714,679,863,1.16931579e-03,0.793965,1.00912
11,1740,14851,14867,6389.6,18439,15647,0.240264,0.052465,372,85,1.16383763e-03,0.432948,0.098926
11,1750,14947,14951,6431.4,20149,26141,0.347669,0.748445,530,1123,1.15706173e-03,0.613243,1.29938
13,1481,12409,12413,5319.1,20509,32303,0.652219,1.602352,834,1983,1.37166313e-03,1.143967,2.720008
13,1485,12437,12451,5335.5,17327,16981,0.391615,0.363826,507,473,1.36789306e-03,0.693522,0.647013
13,1489,12479,12487,5351.9,24917,23279,0.995435,0.864259,1264,1106,1.36414345e-03,1.724277,1.508743
13,1493,12503,12511,5368.2,19433,17099,0.553273,0.366717,710,478,1.36041480e-03,0.965895,0.650278
13,1497,12539,12541,5384.6,27617,12619,1.202137,0.00622,1517,11,1.35670696e-03,2.058124,0.014924
13,1501,12569,12577,5401.0,13553,13523,0.077602,0.075217,103,101,1.35301975e-03,0.139361,0.136655
13,1505,12601,12611,5417.4,15647,14533,0.240742,0.152407,320,196,1.34935260e-03,0.431793,0.264473
13,1509,12637,12641,5433.8,25411,12781,1.010205,0.011075,1293,15,1.34570551e-03,1.739997,0.020186
13,1513,12659,12671,5450.2,16493,40903,0.301634,2.22808,399,2771,1.34207848e-03,0.535489,3.718899
13,1517,12703,12713,5466.7,13367,17881,0.051443,0.406513,69,532,1.33847069e-03,0.092354,0.712066
13,1521,12743,12757,5483.1,20101,15443,0.575684,0.210551,751,283,1.33488204e-03,1.002496,0.377772
13,1525,12791,12799,5499.5,39799,21881,2.10954,0.709587,2658,930,1.33131206e-03,3.538627,1.23812
13,1529,12823,12829,5515.9,13697,18253,0.067659,0.422792,91,563,1.32776086e-03,0.120826,0.747529
13,1533,12889,12893,5532.4,19471,31699,0.510199,1.458621,676,1876,1.32422831e-03,0.895178,2.484252
13,1537,12911,12917,5548.8,20717,19031,0.603855,0.47333,795,625,1.32071364e-03,1.049967,0.825446
13,1541,12941,12953,5565.3,20231,15601,0.561878,0.204431,746,278,1.31721844e-03,0.982645,0.366187
13,1545,12973,12979,5581.7,14011,14713,0.079513,0.1336,109,176,1.31374157e-03,0.143198,0.231219
13,1549,13003,13007,5598.2,18521,13147,0.423926,0.010763,572,14,1.31028348e-03,0.749482,0.018344
13,1553,13037,13043,5614.6,21757,13241,0.668098,0.015181,888,21,1.30684392e-03,1.160477,0.027444
13,1557,13093,13099,5631.1,14029,17317,0.070998,0.322009,98,433,1.30342210e-03,0.127735,0.564382
13,1561,13121,13127,5647.6,25183,14683,0.918412,0.118534,1219,158,1.30001755e-03,1.584721,0.205403
13,1565,13159,13163,5664.0,26641,37547,1.023931,1.852465,1356,2410,1.29663063e-03,1.758231,3.12488
13,1569,13183,13187,5680.5,31627,20857,1.398347,0.581633,1833,777,1.29326183e-03,2.370549,1.004864
13,1573,13229,13241,5697.0,30781,19541,1.324673,0.475795,1746,643,1.28991028e-03,2.252183,0.829412
13,1577,13267,13291,5713.5,13997,15817,0.053119,0.190053,74,269,1.28657577e-03,0.095207,0.346089
13,1581,13313,13327,5730.0,41389,14731,2.10565,0.10535,2750,143,1.28325774e-03,3.528959,0.183506
13,1585,13339,13367,5746.5,23417,15443,0.751852,0.155308,1023,219,1.27995708e-03,1.309396,0.280311
13,1589,13399,13411,5763.0,19609,17099,0.462158,0.274998,636,382,1.27667242e-03,0.811964,0.487689
13,1593,13441,13451,5779.5,15937,17189,0.184819,0.277898,265,386,1.27340456e-03,0.337452,0.491534
13,1597,13469,13477,5796.0,15233,15937,0.130296,0.182533,181,261,1.27015331e-03,0.229898,0.33151
13,1601,13513,13523,5812.5,14401,15527,0.064926,0.148192,86,211,1.26691875e-03,0.108955,0.26732
13,1605,13567,13577,5829.1,20357,14557,0.499374,0.072181,695,101,1.26369980e-03,0.878271,0.127634
13,1609,13613,13619,5845.6,17623,23893,0.294001,0.754387,417,1049,1.26049644e-03,0.525627,1.322261
13,1613,13649,13669,5862.1,15823,15823,0.157583,0.157583,234,234,1.25730922e-03,0.29421,0.29421
13,1617,13687,13691,5878.7,19531,16451,0.426558,0.201592,598,290,1.25413750e-03,0.749974,0.3637
13,1621,13709,13711,5895.2,29333,23497,1.139377,0.713733,1566,992,1.25098269e-03,1.959039,1.240975
13,1625,13729,13751,5911.8,22291,14437,0.621046,0.049887,873,68,1.24784440e-03,1.089368,0.084853
13,1629,13763,13781,5928.3,17903,15497,0.299107,0.124519,422,181,1.24472180e-03,0.525273,0.225295
13,1633,13807,13829,5944.9,15289,15817,0.105575,0.143756,153,213,1.24161478e-03,0.189967,0.264464
13,1637,13859,13873,5961.4,16451,19211,0.185829,0.384776,270,541,1.23852273e-03,0.334401,0.670041
13,1641,13883,13901,5978.0,14461,29123,0.040285,1.095029,55,1523,1.23544596e-03,0.06795,1.881584
13,1645,13913,13921,5994.6,15319,26813,0.100424,0.926083,145,1296,1.23238486e-03,0.178696,1.597171
13,1649,13963,13967,6011.2,17383,36013,0.244577,1.578435,349,2178,1.22933917e-03,0.429039,2.677501
13,1653,14009,14011,6027.7,40787,31079,1.91107,1.218186,2617,1695,1.22630750e-03,3.209247,2.078591
13,1657,14051,14057,6044.3,29429,18493,1.093548,0.315572,1541,461,1.22329067e-03,1.885091,0.563937
13,1661,14083,14087,6060.9,27583,17471,0.958046,0.240221,1351,348,1.22028837e-03,1.64861,0.42466
13,1665,14149,14153,6077.5,22511,18797,0.590546,0.328128,852,480,1.21730017e-03,1.03714,0.584304
13,1669,14177,14197,6094.1,27701,35537,0.951187,1.503134,1353,2116,1.21432621e-03,1.642983,2.569514
13,1673,14243,14249,6110.7,19559,17569,0.372658,0.232999,546,346,1.21136602e-03,0.661406,0.419133
13,1677,14293,14303,6127.4,19289,21587,0.348598,0.509264,510,746,1.20841950e-03,0.616294,0.901481
13,1681,14327,14341,6144.0,35573,15451,1.48051,0.0774,2107,124,1.20548665e-03,2.53996,0.14948
13,1685,14387,14389,6160.6,53717,18253,2.733199,0.268538,3789,407,1.20256772e-03,4.556529,0.489445
13,1689,14411,14419,6177.3,19793,15991,0.372703,0.109023,551,173,1.19966268e-03,0.661014,0.207542
13,1693,14437,14447,6193.9,24517,15101,0.697031,0.045269,1027,71,1.19677216e-03,1.229085,0.084971
13,1697,14479,14489,6210.5,34673,21011,1.393057,0.450135,2006,665,1.19389577e-03,2.394955,0.793941
13,1701,14533,14537,6227.2,21521,15683,0.480429,0.078833,714,130,1.19103246e-03,0.850397,0.154834
13,1705,14551,14557,6243.8,56263,20921,2.865013,0.437178,4002,648,1.18818298e-03,4.755108,0.769943
13,1709,14591,14593,6260.5,15461,18041,0.059481,0.236278,97,357,1.18534771e-03,0.114979,0.423169
13,1713,14629,14633,6277.1,18143,14767,0.239869,0.009157,367,17,1.18252536e-03,0.433987,0.020103
13,1717,14657,14669,6293.8,30671,19763,1.090872,0.347263,1591,521,1.17971680e-03,1.876929,0.614632
13,1721,14713,14717,6310.5,34159,31153,1.321057,1.116804,1930,1635,1.17692116e-03,2.271458,1.924266
13,1725,14737,14741,6327.1,17669,16529,0.19863,0.121294,305,189,1.17413877e-03,0.358112,0.221912
13,1729,14759,14767,6343.8,25303,19139,0.713483,0.296066,1061,442,1.17137009e-03,1.242824,0.517746
13,1730,14767,14771,6348.0,16073,17011,0.088146,0.151649,141,231,1.17068002e-03,0.165066,0.270427
13,1731,14771,14779,6352.2,17351,15401,0.174031,0.042087,264,69,1.16999082e-03,0.308878,0.080729
13,1732,14779,14783,6356.3,25447,28393,0.721369,0.920652,1073,1357,1.16930245e-03,1.254662,1.586743
15,1481,12409,12413,5319.2,21499,37277,0.731975,2.003061,931,2467,1.37164710e-03,1.277003,3.383853
15,1485,12437,12451,5335.5,24001,16931,0.927636,0.35981,1184,468,1.36787713e-03,1.619567,0.640166
15,1489,12479,12487,5351.9,29021,15889,1.324097,0.272443,1667,363,1.36412761e-03,2.274001,0.495178
15,1493,12503,12511,5368.3,18503,14657,0.478939,0.171529,626,224,1.36039905e-03,0.85161,0.304729
15,1497,12539,12541,5384.7,14929,19739,0.190415,0.573957,251,737,1.35669130e-03,0.34053,0.999881
15,1501,12569,12577,5401.1,15991,36011,0.271448,1.863242,361,2325,1.35300418e-03,0.488435,3.145735
15,1505,12601,12611,5417.5,24793,28817,0.965982,1.285069,1237,1634,1.34933712e-03,1.66913,2.204817
15,1509,12637,12641,5433.9,18257,13523,0.444269,0.069773,584,93,1.34569012e-03,0.785883,0.125149
15,1513,12659,12671,5450.3,13879,13711,0.095336,0.082077,127,109,1.34206318e-03,0.170442,0.146285
15,1517,12703,12713,5466.7,12959,13913,0.01935,0.094392,26,128,1.33845547e-03,0.0348,0.171322
15,1521,12743,12757,5483.1,17551,16103,0.375794,0.262287,497,354,1.33486691e-03,0.663429,0.472543
15,1525,12791,12799,5499.6,21563,19381,0.684741,0.514259,895,669,1.33129701e-03,1.191511,0.890638
15,1529,12823,12829,5516.0,25933,15217,1.021436,0.186141,1324,247,1.32774590e-03,1.757936,0.327953
15,1533,12889,12893,5532.4,25541,16981,0.980997,0.317071,1280,425,1.32421343e-03,1.694993,0.562791
15,1537,12911,12917,5548.9,13381,14629,0.035922,0.132539,50,176,1.32069885e-03,0.066035,0.232443
15,1541,12941,12953,5565.3,15581,16553,0.202887,0.277928,276,375,1.31720373e-03,0.363548,0.493951
15,1545,12973,12979,5581.8,15467,13877,0.191694,0.069189,262,94,1.31372694e-03,0.344196,0.12349
15,1549,13003,13007,5598.2,14437,18353,0.109941,0.411009,144,554,1.31026893e-03,0.188679,0.725889
15,1553,13037,13043,5614.7,21589,16547,0.655217,0.26865,871,362,1.30682946e-03,1.138248,0.473072
15,1557,13093,13099,5631.1,18089,34739,0.380945,1.652035,516,2153,1.30340772e-03,0.672558,2.806237
15,1561,13121,13127,5647.6,16339,21011,0.244687,0.600594,334,801,1.30000325e-03,0.434201,1.041303
15,1565,13159,13163,5664.1,18119,15583,0.37651,0.183849,510,253,1.29661640e-03,0.661274,0.328044
15,1569,13183,13187,5680.6,16649,52837,0.262531,3.006749,356,3823,1.29324768e-03,0.460396,4.944086
15,1573,13229,13241,5697.1,19207,22543,0.45057,0.702515,604,947,1.28989621e-03,0.779097,1.221532
15,1577,13267,13291,5713.5,17903,17419,0.347002,0.310586,474,427,1.28656178e-03,0.60983,0.549362
15,1581,13313,13327,5730.0,19009,15971,0.426353,0.198394,579,279,1.28324382e-03,0.742998,0.358025
15,1585,13339,13367,5746.5,14639,17489,0.09516,0.308371,130,427,1.27994324e-03,0.166393,0.546536
15,1589,13399,13411,5763.0,15263,14759,0.138096,0.100515,192,140,1.27665865e-03,0.245118,0.178732
15,1593,13441,13451,5779.6,18451,13513,0.37172,0.004609,521,8,1.27339087e-03,0.663437,0.010187
15,1597,13469,13477,5796.1,16631,23227,0.234028,0.723455,326,995,1.27013969e-03,0.414066,1.263789
15,1601,13513,13523,5812.6,14633,13721,0.082082,0.014642,113,22,1.26690520e-03,0.14316,0.027872
15,1605,13567,13577,5829.1,14407,16883,0.061133,0.2435,83,342,1.26368633e-03,0.104886,0.432181
15,1609,13613,13619,5845.7,14783,18451,0.085469,0.354798,124,505,1.26048304e-03,0.1563,0.636544
15,1613,13649,13669,5862.2,20789,25189,0.520887,0.842783,729,1168,1.25729589e-03,0.916569,1.468522
15,1617,13687,13691,5878.7,33529,17293,1.448981,0.263093,1972,371,1.25412424e-03,2.473133,0.46528
15,1621,13709,13711,5895.3,20063,31081,0.463278,1.266866,648,1728,1.25096950e-03,0.810628,2.161675
15,1625,13729,13751,5911.8,18121,26573,0.317795,0.932441,451,1291,1.24783128e-03,0.562772,1.61095
15,1629,13763,13781,5928.4,14827,14969,0.075902,0.086206,108,124,1.24470875e-03,0.134429,0.154344
15,1633,13807,13829,5944.9,22751,15859,0.645166,0.146793,910,215,1.24160180e-03,1.129858,0.266944
15,1637,13859,13873,5961.5,16033,23789,0.155698,0.71477,228,1009,1.23850982e-03,0.28238,1.249656
15,1641,13883,13901,5978.1,15091,29269,0.085605,1.105532,122,1540,1.23543312e-03,0.150723,1.902567
15,1645,13913,13921,5994.7,25169,28057,0.807988,1.015444,1133,1416,1.23237209e-03,1.396278,1.745039
15,1649,13963,13967,6011.2,27271,26713,0.952531,0.91258,1336,1282,1.22932646e-03,1.64238,1.575997
15,1653,14009,14011,6027.8,21227,22963,0.515024,0.638927,734,909,1.22629486e-03,0.9001,1.114702
15,1657,14051,14057,6044.4,16603,19577,0.18112,0.392687,263,564,1.22327809e-03,0.321722,0.689929
15,1661,14083,14087,6061.0,16931,16811,0.201888,0.19337,292,279,1.22027586e-03,0.356321,0.340457
15,1665,14149,14153,6077.6,18913,16937,0.336324,0.196707,487,289,1.21728773e-03,0.592819,0.351796
15,1669,14177,14197,6094.2,15583,27067,0.097626,0.90653,149,1299,1.21431383e-03,0.180933,1.577394
15,1673,14243,14249,6110.8,23857,15269,0.674293,0.071584,980,109,1.21135370e-03,1.187127,0.132038
15,1677,14293,14303,6127.4,16063,15919,0.123051,0.112983,191,179,1.20840725e-03,0.230806,0.216305
15,1681,14327,14341,6144.0,20479,23977,0.428004,0.67192,631,985,1.20547446e-03,0.760654,1.187392
15,1685,14387,14389,6160.7,25601,21649,0.779206,0.504552,1134,746,1.20255559e-03,1.363698,0.897106
15,1689,14411,14419,6177.3,38201,25759,1.649352,0.786462,2344,1147,1.19965061e-03,2.811981,1.375999
15,1693,14437,14447,6193.9,14717,18413,0.018689,0.274521,29,416,1.19676015e-03,0.034706,0.497852
15,1697,14479,14489,6210.6,20107,18593,0.387742,0.283249,576,431,1.19388382e-03,0.687677,0.514564
15,1701,14533,14537,6227.2,16987,23629,0.168535,0.625439,258,929,1.19102058e-03,0.307283,1.106458
15,1705,14551,14557,6243.9,21599,23339,0.483754,0.603284,720,898,1.18817115e-03,0.855483,1.066978
15,1709,14591,14593,6260.5,24547,22079,0.682108,0.512986,1014,766,1.18533594e-03,1.201931,0.907967
15,1713,14629,14633,6277.2,33343,15383,1.278617,0.051254,1857,85,1.18251365e-03,2.195928,0.100514
15,1717,14657,14669,6293.9,14771,27427,0.006953,0.869725,14,1280,1.17970515e-03,0.016516,1.510023
15,1721,14713,14717,6310.5,26861,35603,0.825168,1.419175,1225,2071,1.17690957e-03,1.441714,2.43738
15,1725,14737,14741,6327.2,18749,16361,0.271895,0.109898,415,172,1.17412724e-03,0.487263,0.20195
15,1729,14759,14767,6343.9,35393,26227,1.396763,0.776055,2040,1153,1.17135861e-03,2.389572,1.350576
15,1730,14767,14771,6348.0,24763,27103,0.676461,0.834879,1009,1242,1.17066856e-03,1.181205,1.45397
15,1731,14771,14779,6352.2,15287,19163,0.034373,0.296637,54,443,1.16997938e-03,0.063179,0.518301
15,1732,14779,14783,6356.4,27367,15889,0.851248,0.074816,1261,120,1.16929102e-03,1.474476,0.140315
21,1481,12409,12413,5319.3,26357,22651,1.123338,0.82478,1415,1050,1.37160942e-03,1.940827,1.44019
21,1485,12437,12451,5335.7,15817,17939,0.27034,0.440768,361,572,1.36783967e-03,0.49379,0.782404
21,1489,12479,12487,5352.1,30047,14087,1.406263,0.128133,1760,173,1.36409037e-03,2.400799,0.235988
21,1493,12503,12511,5368.5,35677,15583,1.851651,0.245544,2302,325,1.36036202e-03,3.131553,0.442118
21,1497,12539,12541,5384.8,15091,12671,0.203333,0.010366,266,17,1.35665448e-03,0.36087,0.023063
21,1501,12569,12577,5401.2,25643,13591,1.03888,0.080623,1324,106,1.35296758e-03,1.791329,0.143415
21,1505,12601,12611,5417.6,13967,13553,0.107525,0.074697,145,99,1.34930073e-03,0.195649,0.133581
21,1509,12637,12641,5434.0,21221,23063,0.678744,0.82446,877,1067,1.34565393e-03,1.180138,1.435813
21,1513,12659,12671,5450.4,17443,13877,0.376608,0.095178,493,126,1.34202720e-03,0.661619,0.169095
21,1517,12703,12713,5466.9,14699,31627,0.156218,1.487768,203,1885,1.33841970e-03,0.271699,2.522921
21,1521,12743,12757,5483.3,18077,14323,0.417026,0.122756,551,159,1.33483134e-03,0.735492,0.212238
21,1525,12791,12799,5499.7,16381,23549,0.279866,0.839909,375,1093,1.33126164e-03,0.499223,1.455069
21,1529,12823,12829,5516.1,20431,16931,0.592564,0.319744,779,424,1.32771073e-03,1.034287,0.562949
21,1533,12889,12893,5532.6,18787,14281,0.457147,0.107655,610,143,1.32417846e-03,0.807749,0.189358
21,1537,12911,12917,5549.0,14983,16091,0.159944,0.245723,217,336,1.32066407e-03,0.286584,0.443743
21,1541,12941,12953,5565.5,14591,14407,0.126457,0.112252,168,147,1.31716915e-03,0.221284,0.193624
21,1545,12973,12979,5581.9,14783,18427,0.138994,0.419755,188,565,1.31369255e-03,0.246974,0.742236
21,1549,13003,13007,5598.4,21377,28319,0.6435,1.177212,849,1536,1.31023473e-03,1.112389,2.012521
21,1553,13037,13043,5614.8,15083,24473,0.156406,0.876332,209,1163,1.30679544e-03,0.27312,1.519803
21,1557,13093,13099,5631.3,15629,15427,0.193145,0.177723,265,245,1.30337389e-03,0.345394,0.319327
21,1561,13121,13127,5647.8,17351,14341,0.32178,0.092481,434,121,1.29996961e-03,0.564187,0.157296
21,1565,13159,13163,5664.2,28307,19477,1.150498,0.479678,1518,645,1.29658295e-03,1.968213,0.836296
21,1569,13183,13187,5680.7,24019,18047,0.821415,0.368545,1102,499,1.29321441e-03,1.425122,0.645314
21,1573,13229,13241,5697.2,16139,32251,0.218866,1.435692,305,1886,1.28986312e-03,0.393408,2.432682
21,1577,13267,13291,5713.7,14543,17509,0.094199,0.317358,126,438,1.28652887e-03,0.162103,0.5635
21,1581,13313,13327,5730.2,21817,18257,0.637053,0.369926,866,512,1.28321110e-03,1.111261,0.657004
21,1585,13339,13367,5746.7,14503,14731,0.084985,0.102042,114,139,1.27991069e-03,0.14591,0.177908
21,1589,13399,13411,5763.2,13999,13781,0.043845,0.027589,63,41,1.27662628e-03,0.080427,0.052342
21,1593,13441,13451,5779.7,34057,26261,1.531931,0.952346,2050,1293,1.27335867e-03,2.610385,1.646453
21,1597,13469,13477,5796.2,39107,25471,1.901759,0.889961,2520,1213,1.27010767e-03,3.200671,1.540641
21,1601,13513,13523,5812.7,22811,17791,0.68683,0.31561,948,441,1.26687335e-03,1.200996,0.558691
21,1605,13567,13577,5829.3,18749,18181,0.380938,0.339103,535,478,1.26365465e-03,0.676055,0.604027
21,1609,13613,13619,5845.8,30493,15329,1.239004,0.12556,1683,182,1.26045153e-03,2.12134,0.229402
21,1613,13649,13669,5862.3,15161,33721,0.109152,1.466969,158,1998,1.25726455e-03,0.198648,2.512015
21,1617,13687,13691,5878.9,15901,33587,0.16142,1.453217,236,1979,1.25409306e-03,0.295966,2.48185
21,1621,13709,13711,5895.4,18367,13873,0.339581,0.011815,483,17,1.25093849e-03,0.604203,0.021266
21,1625,13729,13751,5912.0,18899,17431,0.374373,0.267617,525,380,1.24780044e-03,0.655095,0.474164
21,1629,13763,13781,5928.5,19379,14479,0.406211,0.050649,564,68,1.24467807e-03,0.701998,0.084638
21,1633,13807,13829,5945.1,13933,21611,0.00752,0.56273,15,794,1.24157128e-03,0.018624,0.985808
21,1637,13859,13873,5961.7,14369,28603,0.035753,1.061775,47,1476,1.23847946e-03,0.058209,1.827996
21,1641,13883,13901,5978.2,14419,20143,0.037264,0.449032,49,637,1.23540292e-03,0.060535,0.786952
21,1645,13913,13921,5994.8,16811,22727,0.2076,0.632569,295,895,1.23234205e-03,0.363541,1.102946
21,1649,13963,13967,6011.4,22817,20563,0.633636,0.472256,901,672,1.22929658e-03,1.107596,0.826087
21,1653,14009,14011,6028.0,51563,23417,2.68018,0.67133,3624,955,1.22626513e-03,4.443985,1.171083
21,1657,14051,14057,6044.5,14563,33613,0.035996,1.391193,51,1943,1.22324852e-03,0.062386,2.376772
21,1661,14083,14087,6061.1,28183,21487,1.000639,0.525307,1412,748,1.22024644e-03,1.722988,0.912744
21,1665,14149,14153,6077.7,32303,17929,1.282414,0.266799,1799,391,1.21725846e-03,2.189848,0.475948
21,1669,14177,14197,6094.3,31271,20897,1.202648,0.471931,1703,681,1.21428471e-03,2.067927,0.826928
21,1673,14243,14249,6111.0,17581,15091,0.233841,0.059092,349,90,1.21132473e-03,0.422752,0.109019
21,1677,14293,14303,6127.6,18503,14737,0.293645,0.030343,442,48,1.20837843e-03,0.534103,0.058002
21,1681,14327,14341,6144.2,16963,19301,0.182832,0.345862,275,507,1.20544579e-03,0.331498,0.611161
21,1685,14387,14389,6160.8,14887,24631,0.03461,0.711794,59,1044,1.20252706e-03,0.070949,1.255438
21,1689,14411,14419,6177.5,30323,27541,1.102989,0.910049,1590,1320,1.19962223e-03,1.907399,1.583501
21,1693,14437,14447,6194.1,14503,27103,0.003876,0.87603,6,1279,1.19673192e-03,0.00718,1.53062
21,1697,14479,14489,6210.7,41113,21523,1.837532,0.485472,2604,719,1.19385573e-03,3.1088,0.858382
21,1701,14533,14537,6227.4,17623,21563,0.212286,0.483318,325,719,1.19099263e-03,0.387073,0.856324
21,1705,14551,14557,6244.0,23447,19183,0.610703,0.317785,905,471,1.18814335e-03,1.07527,0.559616
21,1709,14591,14593,6260.7,25801,52183,0.768039,2.575893,1132,3627,1.18530827e-03,1.341769,4.299113
21,1713,14629,14633,6277.3,29567,23813,1.02057,0.627349,1495,935,1.18248612e-03,1.767817,1.105625
21,1717,14657,14669,6294.0,18077,23789,0.232327,0.621719,355,929,1.17967776e-03,0.418786,1.095921
21,1721,14713,14717,6310.7,30223,18661,1.053611,0.267989,1548,410,1.17688232e-03,1.821814,0.482522
21,1725,14737,14741,6327.3,36583,17957,1.481718,0.218167,2154,333,1.17410012e-03,2.529012,0.390975
21,1729,14759,14767,6344.0,20947,15601,0.418501,0.056477,627,90,1.17133163e-03,0.734425,0.10542
21,1730,14767,14771,6348.2,18973,15541,0.284476,0.052129,427,83,1.17064161e-03,0.499864,0.097163
21,1731,14771,14779,6352.4,18679,15773,0.263888,0.067258,402,109,1.16995246e-03,0.470321,0.127525
21,1732,14779,14783,6356.5,17321,43711,0.171684,1.956842,259,2821,1.16926414e-03,0.302839,3.298494
33,1481,12409,12413,5319.5,12763,17099,0.028196,0.377507,42,490,1.37155881e-03,0.057605,0.672064
33,1485,12437,12451,5335.9,24533,12763,0.970364,0.025058,1237,38,1.36778935e-03,1.691955,0.051976
33,1489,12479,12487,5352.3,14867,12637,0.190598,0.012012,252,20,1.36404034e-03,0.343738,0.027281
33,1493,12503,12511,5368.6,15031,16451,0.201423,0.314923,264,414,1.36031228e-03,0.359122,0.563169
33,1497,12539,12541,5385.0,25037,34327,0.996412,1.737182,1269,2172,1.35660503e-03,1.721532,2.946546
33,1501,12569,12577,5401.4,17321,42979,0.377196,2.41727,490,2992,1.35291841e-03,0.66293,4.047932
33,1505,12601,12611,5417.8,16871,12911,0.3378,0.023789,440,32,1.34925184e-03,0.593671,0.043176
33,1509,12637,12641,5434.2,13693,14327,0.083221,0.133376,110,172,1.34560532e-03,0.148017,0.231444
33,1513,12659,12671,5450.6,16901,17987,0.333833,0.419541,436,550,1.34197887e-03,0.585103,0.738088
33,1517,12703,12713,5467.1,16007,21961,0.259105,0.727444,347,944,1.33837164e-03,0.464415,1.263423
33,1521,12743,12757,5483.5,25097,36671,0.967312,1.874579,1249,2366,1.33478355e-03,1.667145,3.158098
33,1525,12791,12799,5499.9,13693,13327,0.069849,0.041253,94,57,1.33121413e-03,0.125134,0.075879
33,1529,12823,12829,5516.3,13921,40697,0.08512,2.172266,117,2733,1.32766348e-03,0.155337,3.628504
33,1533,12889,12893,5532.8,15289,24623,0.185837,0.909796,253,1195,1.32413148e-03,0.335005,1.582337
33,1537,12911,12917,5549.2,19889,17569,0.539754,0.360146,712,482,1.32061735e-03,0.94028,0.636538
33,1541,12941,12953,5565.7,28069,14431,1.166988,0.114105,1521,151,1.31712269e-03,2.003344,0.198886
33,1545,12973,12979,5582.1,26387,15413,1.033053,0.187534,1353,256,1.31364635e-03,1.777364,0.336293
33,1549,13003,13007,5598.6,18457,28901,0.419005,1.221957,566,1597,1.31018879e-03,0.741567,2.092372
33,1553,13037,13043,5615.0,18979,15787,0.45511,0.210381,605,288,1.30674976e-03,0.790584,0.376344
33,1557,13093,13099,5631.5,15331,20107,0.170395,0.535003,235,716,1.30332846e-03,0.306282,0.933183
33,1561,13121,13127,5648.0,20663,20759,0.574084,0.581397,767,778,1.29992443e-03,0.997042,1.011341
33,1565,13159,13163,5664.4,19841,19213,0.507331,0.459622,679,614,1.29653802e-03,0.880349,0.796074
33,1569,13183,13187,5680.9,14327,17491,0.086449,0.326382,112,444,1.29316972e-03,0.144835,0.574167
33,1573,13229,13241,5697.4,17863,17471,0.349067,0.319462,475,436,1.28981868e-03,0.612664,0.562361
33,1577,13267,13291,5713.9,19501,16057,0.467233,0.208111,636,289,1.28648468e-03,0.818204,0.371794
33,1581,13313,13327,5730.4,15667,20333,0.175583,0.5257,247,715,1.28316714e-03,0.316942,0.917465
33,1585,13339,13367,5746.9,18493,26203,0.383482,0.960275,533,1295,1.27986697e-03,0.682169,1.657428
33,1589,13399,13411,5763.4,13967,13913,0.041459,0.037432,61,56,1.27658280e-03,0.077872,0.071489
33,1593,13441,13451,5779.9,17539,18731,0.303918,0.392536,424,545,1.27331543e-03,0.539886,0.693957
33,1597,13469,13477,5796.4,15373,15823,0.140684,0.174074,199,250,1.27006466e-03,0.252743,0.317516
33,1601,13513,13523,5812.9,14879,44089,0.100274,2.260297,142,2988,1.26683057e-03,0.17989,3.78529
33,1605,13567,13577,5829.5,21751,16427,0.602048,0.209914,835,299,1.26361210e-03,1.055116,0.37782
33,1609,13613,13619,5846.0,20063,20219,0.473162,0.484617,660,677,1.26040921e-03,0.83187,0.853297
33,1613,13649,13669,5862.5,39313,14447,1.87607,0.056917,2525,81,1.25722245e-03,3.174487,0.101835
33,1617,13687,13691,5879.1,14489,21101,0.058286,0.541231,81,755,1.25405119e-03,0.101578,0.946809
33,1621,13709,13711,5895.6,18869,22031,0.376194,0.606812,528,847,1.25089684e-03,0.660474,1.05951
33,1625,13729,13751,5912.2,16987,17299,0.235328,0.258018,334,364,1.24775901e-03,0.416752,0.454184
33,1629,13763,13781,5928.7,19739,17093,0.432334,0.240331,605,341,1.24463686e-03,0.753005,0.424421
33,1633,13807,13829,5945.3,16381,14983,0.18454,0.083448,267,121,1.24153029e-03,0.331489,0.150225
33,1637,13859,13873,5961.9,16273,26627,0.172998,0.91934,254,1282,1.23843869e-03,0.314563,1.587678
33,1641,13883,13901,5978.4,16447,17659,0.183152,0.27034,265,388,1.23536235e-03,0.327371,0.479321
33,1645,13913,13921,5995.0,35381,18427,1.541556,0.323684,2123,465,1.23230169e-03,2.616176,0.57302
33,1649,13963,13967,6011.6,15551,32783,0.11341,1.347175,165,1866,1.22925644e-03,0.202827,2.293793
33,1653,14009,14011,6028.2,19739,28859,0.408822,1.059739,581,1489,1.22622520e-03,0.712437,1.825849
33,1657,14051,14057,6044.7,15607,18127,0.110265,0.289535,163,420,1.22320880e-03,0.199383,0.513748
33,1661,14083,14087,6061.3,23333,23971,0.65635,0.70164,941,1004,1.22020692e-03,1.148215,1.225088
33,1665,14149,14153,6077.9,24469,19531,0.728891,0.37999,1050,550,1.21721915e-03,1.27808,0.669471
33,1669,14177,14197,6094.5,22291,19121,0.57012,0.346834,829,501,1.21424560e-03,1.00661,0.608337
33,1673,14243,14249,6111.2,28631,15773,1.009334,0.106955,1445,167,1.21128582e-03,1.750308,0.202285
33,1677,14293,14303,6127.8,18341,17957,0.282318,0.255471,425,381,1.20833972e-03,0.513544,0.460377
33,1681,14327,14341,6144.4,33563,15173,1.340353,0.058015,1911,91,1.20540727e-03,2.303533,0.109692
33,1685,14387,14389,6161.0,18433,14423,0.281048,0.002363,426,6,1.20248875e-03,0.51226,0.007215
33,1689,14411,14419,6177.7,18443,16607,0.279076,0.151744,424,232,1.19958412e-03,0.508624,0.278304
33,1693,14437,14447,6194.3,15823,23957,0.095245,0.658268,154,971,1.19669399e-03,0.184291,1.16199
33,1697,14479,14489,6210.9,26161,15791,0.805577,0.089861,1178,145,1.19381800e-03,1.406318,0.173104
33,1701,14533,14537,6227.6,24781,26687,0.704685,0.835798,1040,1225,1.19095509e-03,1.238593,1.45892
33,1705,14551,14557,6244.2,35593,22291,1.445078,0.531291,2085,793,1.18810600e-03,2.477201,0.942168
33,1709,14591,14593,6260.9,25919,20269,0.776126,0.388954,1142,582,1.18527111e-03,1.35358,0.689828
33,1713,14629,14633,6277.5,25969,20123,0.774687,0.375179,1144,563,1.18244915e-03,1.352722,0.665719
33,1717,14657,14669,6294.2,33353,18233,1.273706,0.242961,1856,373,1.17964097e-03,2.189414,0.440006
33,1721,14713,14717,6310.9,42569,15991,1.892505,0.086567,2730,141,1.17684571e-03,3.212789,0.165935
33,1725,14737,14741,6327.5,34847,36791,1.363951,1.495828,1995,2177,1.17406370e-03,2.342257,2.555937
33,1729,14759,14767,6344.2,17851,29399,0.208844,0.990858,318,1465,1.17129539e-03,0.372472,1.715948
33,1730,14767,14771,6348.4,28289,33629,0.915172,1.276691,1351,1874,1.17060542e-03,1.581488,2.193715
33,1731,14771,14779,6352.6,15331,42169,0.03735,1.853305,61,2676,1.16991631e-03,0.071365,3.130696
33,1732,14779,14783,6356.7,18229,16369,0.233106,0.107285,357,167,1.16922803e-03,0.417414,0.195261
35,1250,10177,10181,4383.4,12829,13627,0.260092,0.338474,280,361,1.63067445e-03,0.456589,0.588673
35,1260,10271,10273,4423.5,14221,10789,0.384308,0.050229,412,54,1.61747146e-03,0.666398,0.087343
35,1270,10343,10357,4463.6,14221,13177,0.373081,0.27228,402,298,1.60448302e-03,0.645002,0.478136
35,1280,10459,10463,4503.8,10691,10567,0.021791,0.00994,24,10,1.59169707e-03,0.038201,0.015917
35,1290,10567,10589,4544.0,22861,12653,1.158939,0.194919,1263,222,1.57911122e-03,1.994417,0.350563
35,1300,10657,10663,4584.3,12197,28909,0.143862,1.711151,158,1847,1.56671710e-03,0.247541,2.893726
35,1310,10739,10753,4624.6,30707,17519,1.855668,0.62922,2003,706,1.55451719e-03,3.113698,1.097489
35,1320,10859,10861,4664.9,18367,31271,0.691097,1.879201,784,2052,1.54250091e-03,1.209321,3.165212
35,1330,10949,10957,4705.3,12253,16649,0.118281,0.519485,135,595,1.53066836e-03,0.20664,0.910748
35,1340,11059,11069,4745.7,11159,20353,0.008131,0.838739,11,959,1.51901172e-03,0.016709,1.456732
35,1350,11149,11159,4786.2,12547,19471,0.124384,0.74487,149,859,1.50752971e-03,0.224622,1.294968
35,1360,11251,11257,4826.7,13049,16937,0.15919,0.504575,195,594,1.49621844e-03,0.291763,0.888754
35,1370,11329,11351,4867.2,18191,42349,0.60259,2.730861,714,3057,1.48507420e-03,1.060343,4.539872
35,1380,11443,11447,4907.8,12073,13829,0.054687,0.208089,66,254,1.47409158e-03,0.09729,0.374419
35,1390,11527,11549,4948.4,14221,16097,0.231362,0.3938,282,484,1.46326928e-03,0.412642,0.708222
35,1400,11657,11677,4989.0,18121,12379,0.551854,0.060118,676,78,1.45260042e-03,0.981958,0.113303
35,1410,11777,11779,5029.7,11909,18169,0.011037,0.542491,17,672,1.44208056e-03,0.024515,0.969078
35,1420,11833,11839,5070.4,19913,17659,0.681983,0.491596,831,609,1.43171083e-03,1.189752,0.871912
35,1430,11933,11939,5111.2,13697,22739,0.147249,0.904598,190,1111,1.42148981e-03,0.270083,1.579275
35,1440,12011,12037,5152.0,19001,16453,0.578549,0.366869,719,468,1.41141618e-03,1.014808,0.660543
35,1450,12109,12113,5192.8,14633,14939,0.208041,0.233303,264,299,1.40148211e-03,0.369991,0.419043
35,1460,12211,12227,5233.6,30637,12289,1.505684,0.005071,1844,10,1.39168708e-03,2.566271,0.013917
35,1470,12289,12301,5274.5,13931,15913,0.13251,0.293635,177,385,1.38202658e-03,0.244619,0.53208
35,1480,12401,12409,5315.4,15287,19751,0.231928,0.591667,305,755,1.37249792e-03,0.418612,1.036236
35,1490,12487,12491,5356.4,16927,17489,0.355136,0.400128,462,522,1.36309980e-03,0.629752,0.711538
35,1500,12553,12569,5397.4,27011,18097,1.149017,0.439812,1462,574,1.35383183e-03,1.979302,0.777099
35,1510,12641,12647,5438.4,24551,22669,0.941251,0.792441,1214,1022,1.34469048e-03,1.632454,1.374274
35,1520,12739,12743,5479.4,14437,44819,0.132936,2.517147,173,3138,1.33567255e-03,0.231071,4.19134
35,1530,12829,12841,5520.5,16103,19709,0.25403,0.534849,345,701,1.32677274e-03,0.457737,0.930068
35,1540,12923,12941,5561.6,17041,14813,0.316823,0.144657,426,195,1.31798860e-03,0.561463,0.257008
35,1550,13007,13009,5602.7,13597,18379,0.045199,0.412791,58,556,1.30932138e-03,0.075941,0.727983
35,1560,13109,13121,5643.9,46853,18289,2.570841,0.393872,3281,536,1.30076787e-03,4.267819,0.697212
35,1570,13187,13217,5685.1,18269,15269,0.382235,0.155255,524,212,1.29232471e-03,0.677178,0.273973
35,1580,13309,13313,5726.3,73699,13931,4.535867,0.046421,5698,67,1.28398915e-03,7.31617,0.086027
35,1590,13411,13417,5767.5,14197,19531,0.058135,0.455691,80,625,1.27575870e-03,0.102061,0.797349
35,1600,13499,13513,5808.8,14057,25951,0.040258,0.920447,58,1256,1.26763205e-03,0.073523,1.592146
35,1610,13619,13627,5850.2,21013,14713,0.542012,0.079695,753,111,1.25960550e-03,0.948483,0.139816
35,1620,13697,13709,5891.5,15377,15091,0.121672,0.10081,177,143,1.25167848e-03,0.221547,0.17899
35,1630,13781,13789,5932.9,15749,15377,0.142142,0.115164,207,167,1.24385340e-03,0.257478,0.207724
35,1640,13879,13883,5974.3,34651,26497,1.49593,0.908593,2061,1270,1.23612460e-03,2.547653,1.569878
35,1650,13967,13997,6015.7,14657,15791,0.047153,0.12817,67,192,1.22849216e-03,0.082309,0.23587
35,1660,14081,14083,6057.2,14929,19583,0.060072,0.390542,88,562,1.22095081e-03,0.107444,0.686174
35,1670,14197,14207,6098.7,16651,19387,0.172028,0.364609,256,525,1.21349929e-03,0.310656,0.637087
35,1680,14323,14327,6140.3,16007,22699,0.117261,0.584351,184,856,1.20613397e-03,0.221929,1.032451
35,1690,14419,14423,6181.8,15073,21859,0.045067,0.515565,70,762,1.19885526e-03,0.08392,0.913528
35,1700,14519,14533,6223.4,15667,37339,0.078029,1.569256,128,2254,1.19166473e-03,0.152533,2.686012
35,1710,14593,14621,6265.1,15443,17467,0.056221,0.194652,94,298,1.18455965e-03,0.111349,0.352999
35,1720,14699,14713,6306.7,18307,20129,0.244274,0.36811,378,557,1.17753860e-03,0.44511,0.655889
35,1730,14767,14771,6348.4,41893,14869,1.836165,0.006635,2649,12,1.17060071e-03,3.100921,0.014047
35,1740,14851,14867,6390.1,30893,23417,1.077958,0.575099,1592,868,1.16374608e-03,1.852684,1.010132
35,1750,14947,14951,6431.9,21179,16943,0.416561,0.133235,631,205,1.15697130e-03,0.730049,0.237179
39,1481,12409,12413,5319.6,13693,21107,0.103118,0.700395,138,892,1.37154010e-03,0.189273,1.223414
39,1485,12437,12451,5336.0,13681,21481,0.098787,0.725243,131,923,1.36777075e-03,0.179178,1.262452
39,1489,12479,12487,5352.3,21121,16087,0.691439,0.2883,885,383,1.36402185e-03,1.207159,0.52242
39,1493,12503,12511,5368.7,13337,15973,0.066022,0.276716,91,368,1.36029390e-03,0.123787,0.500588
39,1497,12539,12541,5385.1,24007,30181,0.914281,1.406586,1173,1767,1.35658675e-03,1.591276,2.397089
39,1501,12569,12577,5401.5,17077,15217,0.357796,0.209907,468,275,1.35290024e-03,0.633157,0.372048
39,1505,12601,12611,5417.9,15889,23539,0.259932,0.866545,347,1112,1.34923377e-03,0.468184,1.500348
39,1509,12637,12641,5434.3,19489,18269,0.541729,0.445218,703,585,1.34558736e-03,0.945948,0.787169
39,1513,12659,12671,5450.7,12713,15907,0.003315,0.255386,5,341,1.34196101e-03,0.00671,0.457609
39,1517,12703,12713,5467.1,12979,12917,0.020923,0.016047,29,21,1.33835388e-03,0.038812,0.028105
39,1521,12743,12757,5483.6,14897,24179,0.167751,0.895352,225,1170,1.33476589e-03,0.300322,1.561676
39,1525,12791,12799,5500.0,13873,14389,0.083913,0.124228,113,161,1.33119657e-03,0.150425,0.214323
39,1529,12823,12829,5516.4,17707,13729,0.380232,0.070154,504,96,1.32764602e-03,0.669134,0.127454
39,1533,12889,12893,5532.8,17183,27743,0.332739,1.151788,445,1493,1.32411411e-03,0.589231,1.976902
39,1537,12911,12917,5549.3,19417,19391,0.503213,0.5012,661,659,1.32060009e-03,0.872917,0.870275
39,1541,12941,12953,5565.7,21587,27541,0.666564,1.126226,882,1468,1.31710552e-03,1.161687,1.933511
39,1545,12973,12979,5582.2,14717,23563,0.133909,0.815471,177,1076,1.31362928e-03,0.232512,1.413465
39,1549,13003,13007,5598.6,45569,20743,2.503421,0.594757,3175,786,1.31017181e-03,4.159796,1.029795
39,1553,13037,13043,5615.1,14939,14389,0.145365,0.103197,196,133,1.30673288e-03,0.25612,0.173795
39,1557,13093,13099,5631.6,13339,13309,0.018322,0.016032,28,23,1.30331167e-03,0.036493,0.029976
39,1561,13121,13127,5648.0,13901,13249,0.058962,0.009294,81,14,1.29990773e-03,0.105293,0.018199
39,1565,13159,13163,5664.5,24517,30469,0.862569,1.314746,1155,1725,1.29652142e-03,1.497482,2.236499
39,1569,13183,13187,5681.0,13411,14479,0.016986,0.097975,21,128,1.29315321e-03,0.027156,0.165524
39,1573,13229,13241,5697.5,18013,15233,0.360396,0.150442,492,205,1.28980226e-03,0.634583,0.264409
39,1577,13267,13291,5714.0,13627,24533,0.02528,0.845836,34,1145,1.28646834e-03,0.04374,1.473006
39,1581,13313,13327,5730.5,17681,13487,0.326705,0.012006,450,18,1.28315090e-03,0.577418,0.023097
39,1585,13339,13367,5747.0,20879,20887,0.561981,0.562579,763,764,1.27985082e-03,0.976526,0.977806
39,1589,13399,13411,5763.5,13859,33893,0.033405,1.527254,48,2041,1.27656673e-03,0.061275,2.605473
39,1593,13441,13451,5780.0,19429,14419,0.444428,0.071965,609,97,1.27329944e-03,0.775439,0.12351
39,1597,13469,13477,5796.5,18089,13999,0.342213,0.038733,476,55,1.27004876e-03,0.604543,0.069853
39,1601,13513,13523,5813.0,19441,24593,0.437625,0.818605,603,1125,1.26681476e-03,0.763889,1.425167
39,1605,13567,13577,5829.5,19813,39239,0.459306,1.890108,637,2528,1.26359637e-03,0.804911,3.194372
39,1609,13613,13619,5846.1,14537,17551,0.067406,0.288714,93,409,1.26039357e-03,0.117217,0.515501
39,1613,13649,13669,5862.6,28607,23549,1.092838,0.722803,1501,1005,1.25720689e-03,1.887068,1.263493
39,1617,13687,13691,5879.2,19687,17761,0.437952,0.297276,611,422,1.25403572e-03,0.766216,0.529203
39,1621,13709,13711,5895.7,19207,29663,0.400846,1.163445,556,1597,1.25088145e-03,0.69549,1.997658
39,1625,13729,13751,5912.2,34259,17959,1.491382,0.306014,2034,434,1.24774369e-03,2.537911,0.541521
39,1629,13763,13781,5928.8,15773,20857,0.144547,0.513461,211,717,1.24462163e-03,0.262615,0.892394
39,1633,13807,13829,5945.4,19183,15319,0.387157,0.107745,543,157,1.24151514e-03,0.674143,0.194918
39,1637,13859,13873,5961.9,42641,29231,2.073668,1.107042,2819,1541,1.23842361e-03,3.491116,1.908411
39,1641,13883,13901,5978.5,27803,24517,1.000072,0.763686,1395,1079,1.23534736e-03,1.72331,1.33294
39,1645,13913,13921,5995.1,14437,17387,0.037066,0.248976,48,354,1.23228678e-03,0.05915,0.43623
39,1649,13963,13967,6011.6,21529,35863,0.541419,1.567695,768,2161,1.22924160e-03,0.944058,2.656391
39,1653,14009,14011,6028.2,22111,33179,0.578117,1.368068,826,1902,1.22621044e-03,1.01285,2.332252
39,1657,14051,14057,6044.8,41233,30139,1.933272,1.144056,2661,1604,1.22319412e-03,3.25492,1.962003
39,1661,14083,14087,6061.4,17471,16661,0.240221,0.182722,348,267,1.22019231e-03,0.424627,0.325791
39,1665,14149,14153,6078.0,14419,27763,0.018795,0.961634,25,1364,1.21720462e-03,0.03043,1.660267
39,1669,14177,14197,6094.6,16319,17387,0.149468,0.224695,224,330,1.21423115e-03,0.271988,0.400696
39,1673,14243,14249,6111.2,25229,23297,0.77058,0.634992,1110,925,1.21127144e-03,1.344511,1.120426
39,1677,14293,14303,6127.8,16453,23087,0.150318,0.614137,231,902,1.20832541e-03,0.279123,1.08991
39,1681,14327,14341,6144.5,16931,16651,0.180601,0.161077,272,245,1.20539304e-03,0.327867,0.295321
39,1685,14387,14389,6161.1,24659,15101,0.71374,0.049482,1045,79,1.20247459e-03,1.256586,0.094995
39,1689,14411,14419,6177.7,16091,20051,0.115958,0.390596,184,579,1.19957003e-03,0.220721,0.694551
39,1693,14437,14447,6194.4,24137,20771,0.670727,0.437738,995,647,1.19667998e-03,1.190697,0.774252
39,1697,14479,14489,6211.0,15649,17033,0.080061,0.175581,129,268,1.19380405e-03,0.154001,0.319939
39,1701,14533,14537,6227.7,15289,18713,0.05173,0.287267,85,435,1.19094121e-03,0.10123,0.518059
39,1705,14551,14557,6244.3,17041,23087,0.17064,0.585972,261,874,1.18809219e-03,0.310092,1.038393
39,1709,14591,14593,6261.0,14951,19759,0.024532,0.354005,42,528,1.18525738e-03,0.049781,0.625816
39,1713,14629,14633,6277.6,20747,27953,0.417823,0.910271,623,1338,1.18243548e-03,0.736657,1.582099
39,1717,14657,14669,6294.3,35951,17443,1.450815,0.189106,2101,289,1.17962738e-03,2.478397,0.340912
39,1721,14713,14717,6310.9,17669,16267,0.200584,0.10532,309,169,1.17683218e-03,0.363641,0.198885
39,1725,14737,14741,6327.6,40763,22453,1.765281,0.523167,2543,787,1.17405023e-03,2.98561,0.923978
39,1729,14759,14767,6344.3,29537,38047,1.000203,1.576488,1478,2291,1.17128200e-03,1.731155,2.683407
39,1730,14767,14771,6348.5,25411,33107,0.72033,1.241351,1072,1819,1.17059204e-03,1.254875,2.129307
39,1731,14771,14779,6352.6,23227,39839,0.571622,1.695649,861,2456,1.16990295e-03,1.007286,2.873282
39,1732,14779,14783,6356.8,16411,17299,0.110126,0.170195,169,257,1.16921468e-03,0.197597,0.300488
55,1481,12409,12413,5319.7,12553,39863,0.011278,2.211391,19,2710,1.37150161e-03,0.026059,3.716769
55,1485,12437,12451,5336.1,14479,19433,0.162878,0.560758,212,718,1.36773248e-03,0.289959,0.982032
55,1489,12479,12487,5352.5,20089,12641,0.608793,0.012333,782,21,1.36398380e-03,1.066635,0.028644
55,1493,12503,12511,5368.9,28477,34469,1.276157,1.755096,1605,2188,1.36025607e-03,2.183211,2.97624
55,1497,12539,12541,5385.3,17837,18757,0.422295,0.495654,548,644,1.35654914e-03,0.743389,0.873618
55,1501,12569,12577,5401.7,14797,14947,0.176513,0.188439,233,249,1.35286284e-03,0.315217,0.336863
55,1505,12601,12611,5418.1,13669,21467,0.083895,0.702244,109,902,1.34919659e-03,0.147062,1.216975
55,1509,12637,12641,5434.5,13127,19433,0.038446,0.537299,53,694,1.34555039e-03,0.071314,0.933812
55,1513,12659,12671,5450.9,37049,17333,1.923921,0.367927,2416,480,1.34192425e-03,3.242089,0.644124
55,1517,12703,12713,5467.3,13187,27809,0.037285,1.187446,53,1520,1.33831733e-03,0.070931,2.034242
55,1521,12743,12757,5483.7,31847,15767,1.496433,0.235949,1900,318,1.33472955e-03,2.535986,0.424444
55,1525,12791,12799,5500.1,15973,14951,0.247988,0.168138,336,226,1.33116043e-03,0.44727,0.300842
55,1529,12823,12829,5516.6,14051,17981,0.095253,0.40159,128,533,1.32761009e-03,0.169934,0.707616
55,1533,12889,12893,5533.0,14033,13331,0.08842,0.033972,123,50,1.32407838e-03,0.162862,0.066204
55,1537,12911,12917,5549.4,41243,31253,2.192924,1.419525,2782,1832,1.32056456e-03,3.673811,2.419274
55,1541,12941,12953,5565.9,15761,23059,0.216784,0.780205,297,1034,1.31707019e-03,0.39117,1.361851
55,1545,12973,12979,5582.3,13241,21977,0.020186,0.693274,29,917,1.31359415e-03,0.038094,1.204566
55,1549,13003,13007,5598.8,16889,27803,0.298455,1.137541,399,1487,1.31013688e-03,0.522745,1.948174
55,1553,13037,13043,5615.2,20071,15083,0.538833,0.156406,717,209,1.30669813e-03,0.936903,0.2731
55,1557,13093,13099,5631.7,16141,21487,0.232231,0.640354,322,852,1.30327712e-03,0.419655,1.110392
55,1561,13121,13127,5648.2,14939,61781,0.138036,3.706407,188,4654,1.29987337e-03,0.244376,6.049611
55,1565,13159,13163,5664.7,17539,25741,0.332447,0.955557,452,1269,1.29648724e-03,0.586012,1.645242
55,1569,13183,13187,5681.1,23917,23801,0.81368,0.804884,1093,1078,1.29311923e-03,1.413379,1.393983
55,1573,13229,13241,5697.6,21863,24499,0.651159,0.850238,880,1145,1.28976846e-03,1.134996,1.476785
55,1577,13267,13291,5714.1,14341,24229,0.079001,0.822963,105,1119,1.28643473e-03,0.135076,1.43952
55,1581,13313,13327,5730.6,28099,55213,1.108427,3.142943,1485,4028,1.28311747e-03,1.905429,5.168397
55,1585,13339,13367,5747.1,18839,15671,0.409366,0.172365,562,244,1.27981757e-03,0.719257,0.312275
55,1589,13399,13411,5763.6,38651,17903,1.882037,0.334949,2482,462,1.27653367e-03,3.168357,0.589759
55,1593,13441,13451,5780.1,17393,19819,0.293064,0.473422,408,650,1.27326655e-03,0.519493,0.827623
55,1597,13469,13477,5796.6,22111,23879,0.640647,0.771833,882,1059,1.27001605e-03,1.120154,1.344947
55,1601,13513,13523,5813.2,16561,13681,0.224654,0.011684,316,15,1.26678223e-03,0.400303,0.019002
55,1605,13567,13577,5829.7,14551,19541,0.071739,0.439272,100,611,1.26356401e-03,0.126356,0.772038
55,1609,13613,13619,5846.2,15319,18587,0.124826,0.364784,181,518,1.26036138e-03,0.228125,0.652867
55,1613,13649,13669,5862.8,18523,15773,0.35511,0.153925,509,227,1.25717488e-03,0.639902,0.285379
55,1617,13687,13691,5879.3,14461,16703,0.056241,0.219999,79,316,1.25400387e-03,0.099066,0.396265
55,1621,13709,13711,5895.8,16699,14341,0.217927,0.045949,311,61,1.25084978e-03,0.389014,0.076302
55,1625,13729,13751,5912.4,14551,27689,0.058178,1.013599,80,1394,1.24771219e-03,0.099817,1.739311
55,1629,13763,13781,5928.9,17971,23819,0.304042,0.728394,431,1020,1.24459029e-03,0.536418,1.269482
55,1633,13807,13829,5945.5,15683,15767,0.134066,0.14014,198,206,1.24148396e-03,0.245814,0.255746
55,1637,13859,13873,5962.1,29339,14869,1.114827,0.071794,1551,105,1.23839260e-03,1.920747,0.130031
55,1641,13883,13901,5978.6,16831,28837,0.210776,1.074455,302,1499,1.23531651e-03,0.373066,1.851739
55,1645,13913,13921,5995.2,16193,14947,0.163207,0.073702,238,105,1.23225609e-03,0.293277,0.129387
55,1649,13963,13967,6011.8,34297,16649,1.455574,0.192024,2015,276,1.22921107e-03,2.47686,0.339262
55,1653,14009,14011,6028.4,14639,15137,0.044822,0.080365,62,115,1.22618007e-03,0.076023,0.141011
55,1657,14051,14057,6045.0,18481,41777,0.314719,1.971971,460,2712,1.22316391e-03,0.562655,3.317221
55,1661,14083,14087,6061.6,20117,24943,0.428054,0.77064,614,1095,1.22016226e-03,0.74918,1.336078
55,1665,14149,14153,6078.2,16561,55049,0.170141,2.889564,252,3929,1.21717472e-03,0.306728,4.782279
55,1669,14177,14197,6094.8,24239,23017,0.707333,0.621258,1028,898,1.21420140e-03,1.248199,1.090353
55,1673,14243,14249,6111.4,16963,15373,0.19047,0.078883,283,123,1.21124185e-03,0.342781,0.148983
55,1677,14293,14303,6128.0,18731,22549,0.309585,0.576522,461,844,1.20829597e-03,0.557024,1.019802
55,1681,14327,14341,6144.6,22247,37699,0.551287,1.628757,810,2312,1.20536375e-03,0.976345,2.786801
55,1685,14387,14389,6161.2,22123,14533,0.537494,0.010008,795,16,1.20244545e-03,0.955944,0.019239
55,1689,14411,14419,6177.9,33107,31963,1.296068,1.216728,1860,1740,1.19954104e-03,2.231146,2.087201
55,1693,14437,14447,6194.5,17659,26839,0.22233,0.857756,336,1251,1.19665114e-03,0.402075,1.497011
55,1697,14479,14489,6211.2,22031,20177,0.520533,0.392574,771,586,1.19377536e-03,0.920401,0.699552
55,1701,14533,14537,6227.8,19079,20029,0.312444,0.377795,466,565,1.19091266e-03,0.554965,0.672866
55,1705,14551,14557,6244.5,19861,14563,0.364361,0.000412,542,3,1.18806379e-03,0.643931,0.003564
55,1709,14591,14593,6261.1,17509,18149,0.199822,0.243678,306,372,1.18522911e-03,0.36268,0.440905
55,1713,14629,14633,6277.8,24391,20101,0.666849,0.373676,995,559,1.18240736e-03,1.176495,0.660966
55,1717,14657,14669,6294.4,19289,21911,0.31495,0.493694,470,740,1.17959940e-03,0.554412,0.872904
55,1721,14713,14717,6311.1,15277,25847,0.038051,0.756268,63,1123,1.17680434e-03,0.074139,1.321551
55,1725,14737,14741,6327.8,16903,16319,0.146666,0.107048,225,168,1.17402253e-03,0.264155,0.197236
55,1729,14759,14767,6344.4,20563,48449,0.392497,2.280897,592,3254,1.17125443e-03,0.693383,3.811262
55,1730,14767,14771,6348.6,23537,19309,0.59346,0.307224,886,459,1.17056451e-03,1.03712,0.537289
55,1731,14771,14779,6352.8,23857,17669,0.61425,0.195548,922,299,1.16987546e-03,1.078625,0.349793
55,1732,14779,14783,6357.0,23227,15287,0.571197,0.034093,860,53,1.16918722e-03,1.005501,0.061967
77,1481,12409,12413,5319.9,14251,13619,0.148071,0.097156,194,129,1.37146393e-03,0.266064,0.176919
77,1485,12437,12451,5336.2,13523,14401,0.086098,0.156614,117,202,1.36769503e-03,0.16002,0.276274
77,1489,12479,12487,5352.6,20789,20879,0.664851,0.672059,853,859,1.36394657e-03,1.163446,1.17163
77,1493,12503,12511,5369.0,27457,22721,1.194629,0.816082,1508,1046,1.36021905e-03,2.05121,1.422789
77,1497,12539,12541,5385.4,19793,34057,0.578263,1.715653,743,2146,1.35651233e-03,1.007889,2.911075
77,1501,12569,12577,5401.8,13327,29983,0.059633,1.383955,81,1743,1.35282625e-03,0.109579,2.357976
77,1505,12601,12611,5418.2,25463,12697,1.01911,0.006819,1303,11,1.34916020e-03,1.757956,0.014841
77,1509,12637,12641,5434.6,24061,15377,0.90341,0.216439,1167,288,1.34551421e-03,1.570215,0.387508
77,1513,12659,12671,5451.0,25243,17881,0.992187,0.411175,1272,536,1.34188828e-03,1.706882,0.719252
77,1517,12703,12713,5467.4,16987,21673,0.336191,0.70479,442,916,1.33828156e-03,0.59152,1.225866
77,1521,12743,12757,5483.8,15641,32371,0.226072,1.537509,302,1953,1.33469399e-03,0.403078,2.606657
77,1525,12791,12799,5500.3,13411,15373,0.047816,0.201109,65,271,1.33112507e-03,0.086523,0.360735
77,1529,12823,12829,5516.7,13921,17827,0.08512,0.389586,117,515,1.32757493e-03,0.155326,0.683701
77,1533,12889,12893,5533.1,24473,18797,0.898162,0.457923,1183,612,1.32404342e-03,1.566343,0.810315
77,1537,12911,12917,5549.6,21157,17627,0.637919,0.364636,841,490,1.32052979e-03,1.110566,0.64706
77,1541,12941,12953,5566.0,13997,29389,0.080599,1.268895,110,1652,1.31703561e-03,0.144874,2.175743
77,1545,12973,12979,5582.5,44879,18269,2.457816,0.407581,3118,549,1.31355976e-03,4.095679,0.721144
77,1549,13003,13007,5598.9,22571,13841,0.735296,0.064119,974,87,1.31010268e-03,1.27604,0.113979
77,1553,13037,13043,5615.4,14957,15053,0.146745,0.154106,199,205,1.30666413e-03,0.260026,0.267866
77,1557,13093,13099,5631.9,15299,19469,0.167952,0.486297,230,651,1.30324331e-03,0.299746,0.848411
77,1561,13121,13127,5648.3,13711,23167,0.044488,0.764836,61,1024,1.29983974e-03,0.07929,1.331036
77,1565,13159,13163,5664.8,17971,18793,0.365266,0.427714,495,579,1.29645380e-03,0.641745,0.750647
77,1569,13183,13187,5681.3,21169,18169,0.605293,0.377796,811,513,1.29308597e-03,1.048693,0.663353
77,1573,13229,13241,5697.8,21149,13757,0.597236,0.03897,804,54,1.28973538e-03,1.036947,0.069646
77,1577,13267,13291,5714.3,28859,44633,1.171319,2.358137,1565,3062,1.28640183e-03,2.013219,3.938962
77,1581,13313,13327,5730.7,17401,41341,0.305695,2.102048,421,2745,1.28308475e-03,0.540179,3.522068
77,1585,13339,13367,5747.2,42019,14653,2.143488,0.096207,2810,131,1.27978503e-03,3.596196,0.167652
77,1589,13399,13411,5763.8,23833,20287,0.777123,0.512713,1063,703,1.27650130e-03,1.356921,0.89738
77,1593,13441,13451,5780.3,15383,24547,0.143632,0.82492,205,1130,1.27323437e-03,0.261013,1.438755
77,1597,13469,13477,5796.8,18461,16831,0.369815,0.248868,519,346,1.26998404e-03,0.659122,0.439414
77,1601,13513,13523,5813.3,15083,17317,0.115359,0.280559,161,389,1.26675038e-03,0.203947,0.492766
77,1605,13567,13577,5829.8,20959,14143,0.543714,0.041688,752,59,1.26353234e-03,0.950176,0.074548
77,1609,13613,13619,5846.4,17683,19949,0.298407,0.464792,423,646,1.26032988e-03,0.53312,0.814173
77,1613,13649,13669,5862.9,15271,16193,0.1172,0.184651,170,270,1.25714355e-03,0.213714,0.339429
77,1617,13687,13691,5879.4,16987,19483,0.240742,0.423052,342,594,1.25397270e-03,0.428859,0.74486
77,1621,13709,13711,5896.0,14657,23039,0.068996,0.68033,96,950,1.25081877e-03,0.120079,1.188278
77,1625,13729,13751,5912.5,19501,15497,0.418151,0.126973,588,185,1.24768135e-03,0.733637,0.230821
77,1629,13763,13781,5929.1,14723,31607,0.068355,1.29352,94,1772,1.24455961e-03,0.116989,2.20536
77,1633,13807,13829,5945.7,26501,24749,0.916335,0.789645,1278,1105,1.24145345e-03,1.586578,1.371806
77,1637,13859,13873,5962.2,19993,17449,0.441145,0.257767,624,370,1.23836225e-03,0.772738,0.458194
77,1641,13883,13901,5978.8,19531,23561,0.405007,0.694914,574,979,1.23528632e-03,0.709054,1.209345
77,1645,13913,13921,5995.4,22109,23293,0.588176,0.673227,833,952,1.23222606e-03,1.026444,1.173079
77,1649,13963,13967,6011.9,15493,28669,0.109258,1.052624,160,1475,1.22918120e-03,0.196669,1.813042
77,1653,14009,14011,6028.5,21991,18553,0.569552,0.324174,810,472,1.22615035e-03,0.993182,0.578743
77,1657,14051,14057,6045.1,15973,29251,0.136302,1.080885,204,1523,1.22313434e-03,0.249519,1.862834
77,1661,14083,14087,6061.7,42461,15761,2.014197,0.118833,2780,177,1.22013285e-03,3.391969,0.215964
77,1665,14149,14153,6078.3,30013,15391,1.12061,0.087473,1582,134,1.21714546e-03,1.925524,0.163097
77,1669,14177,14197,6094.9,35257,24151,1.483412,0.701134,2087,1020,1.21417229e-03,2.533978,1.238456
77,1673,14243,14249,6111.5,14401,14699,0.010667,0.031581,14,47,1.21121289e-03,0.016957,0.056927
77,1677,14293,14303,6128.1,26083,54443,0.823603,2.806404,1190,3863,1.20826716e-03,1.437838,4.667536
77,1681,14327,14341,6144.8,17609,31957,0.227878,1.228366,344,1747,1.20533509e-03,0.414635,2.10572
77,1685,14387,14389,6161.4,14731,28219,0.023768,0.961151,39,1391,1.20241693e-03,0.046894,1.672562
77,1689,14411,14419,6178.0,15991,29021,0.109023,1.012692,173,1467,1.19951267e-03,0.207516,1.759685
77,1693,14437,14447,6194.7,23747,26003,0.643732,0.799889,948,1168,1.19662291e-03,1.134399,1.397656
77,1697,14479,14489,6211.3,18517,24023,0.278004,0.658016,423,975,1.19374727e-03,0.504955,1.163904
77,1701,14533,14537,6227.9,18233,34231,0.254248,1.35475,389,1956,1.19088472e-03,0.463254,2.329371
77,1705,14551,14557,6244.6,28573,19603,0.962836,0.346637,1404,519,1.18803598e-03,1.668003,0.616591
77,1709,14591,14593,6261.3,18919,26249,0.296444,0.798739,445,1175,1.18520145e-03,0.527415,1.392612
77,1713,14629,14633,6277.9,16091,18307,0.099638,0.251076,160,385,1.18237984e-03,0.189181,0.455216
77,1717,14657,14669,6294.6,16729,19421,0.140432,0.323948,217,482,1.17957201e-03,0.255967,0.568554
77,1721,14713,14717,6311.2,20113,15061,0.366651,0.023374,553,38,1.17677710e-03,0.650758,0.044718
77,1725,14737,14741,6327.9,19687,23869,0.335527,0.619225,503,929,1.17399542e-03,0.59052,1.090642
77,1729,14759,14767,6344.6,15661,27817,0.06054,0.883727,98,1309,1.17122746e-03,0.11478,1.533137
77,1730,14767,14771,6348.8,15413,23599,0.043464,0.597658,71,895,1.17053757e-03,0.083108,1.047631
77,1731,14771,14779,6352.9,25391,27941,0.718046,0.890588,1069,1317,1.16984855e-03,1.250568,1.540691
77,1732,14779,14783,6357.1,21101,33893,0.427383,1.292701,640,1898,1.16916035e-03,0.748263,2.219066
